english,reference_odia,greedy_prediction_odia
I have all the proof.,ମୋର ସମସ୍ତ ପ୍ରମାଣ ଅଛି।,ମୁଁ ସମସ୍ତ ପ୍ରକାରମାନେ ସବୁ କଥା କରୁଛି।
This has unnerved the government.,ଏହା ସରକାରଙ୍କ ଅପରାଗତାକୁ ପଦାରେ ପକାଇ ଦେଇଛି।,ଏହା ସରକାରଙ୍କ ପାଖରେ ସରକାର।
"However, people are not coming forward to use it.",ହେଲେ ଲୋକମାନେ ସେଗୁଡିକ ବ୍ୟବହାର ଯେପରି କରିବା କଥା ତାହା କରୁ ନାହିଁନ୍ତି।,ତେବେ ଏହା ଉପରେ ଧ୍ୟାନ ଦେବାକୁ ପଡ଼ିବ ନାହିଁ।
It is in the news every day.,ପ୍ରତିଦିନ ନ୍ୟୁଜରେ ଏପରି ଖବର ଦେଖିବାକୁ ମିଳୁଛି।,ଦିନକୁ ଦିନ ହେଲା ଏହି ଖବର।
I have never gone abroad.,ଦିବ୍ୟାଂଶୀ କେବେ ବିଦେଶ ଯାଇନାହାନ୍ତି।,ମୁଁ କେବେ ବି କେବେ ବି କେବେବିନି।
"On Mahatma Gandhis 150th birth anniversary, PM Modi to declare country open defecation-free",ମହାତ୍ମା ଗାନ୍ଧୀଙ୍କ ୧୫୦ତମ ଜୟନ୍ତୀରେ ଦେଶ ବାହ୍ୟ ମଳମୁକ୍ତ ବୋଲି ଘୋଷଣା କରିବେ ପ୍ରଧାନମନ୍ତ୍ରୀ ମୋଦୀ,"ପ୍ରଧାନମନ୍ତ୍ରୀ ମୋଦୀ ଆଜି ପ୍ରଧାନମନ୍ତ୍ରୀ ନରେନ୍ଦ୍ର ମୋଦି, ‘ଅନ୍’ର ମୁଖ୍ୟ ଅତିଥି ଭାବେ ଯୋଗ ଦେବେ ।"
Police are trying to to arrest the accused persons.,ଅଭିଯୁକ୍ତମାନଙ୍କୁ ଧରିବାକୁ ପୋଲିସର ତନାଘନା ଜାରି ରହିଛି।,ପୋଲିସ ଅଭିଯୁକ୍ତ ଗିରଫ କରିବା ପାଇଁ ଉଦ୍ୟମ ଚଳାଇଛି।
"And, I am confident that we, the nation of 125 crore people comprising 65 percent youth population can reach an exalted status in the world of sports too.","କିନ୍ତୁ ଆମ ପ୍ରସ୍ତୁତି ସମ୍ପୂର୍ଣ୍ଣ ଭାବରେ ହେବା ଦରକାର ଏବଂ ଆମେ ଶହେ ପଚିଶ କୋଟି ଦେଶବାସୀ, ଯେଉଁ ଦେଶର ମୋଟ ଜନସଂଖ୍ୟାର 65 ପ୍ରତିଶତ ଯୁବଗୋଷ୍ଠୀର, ଆମେ ଖେଳର ଦୁନିଆରେ ମଧ୍ୟ ଉନ୍ନତ ସ୍ଥିତିରେ ରହିବା।","""ସଦାପ୍ରଭୁ ମୁଁ ଏକ ବର୍ଷ ରେ ଏକ ବର୍ଷ ଧରି ମୁଁ ଏକ ବର୍ଷ ଧରି ମୁଁ ବହୁତ ବଡ଼ ଭୂମିକା ଗ୍ରହଣ କରିବା ପାଇଁ, ମୁଁ ବହୁତ ବଡ଼ ଭୂମିକା ଗ୍ରହଣ କରିପାରିବ ।"
The 1942 movement prepared the ground work for our independence.,1947ରେ ଦେଶ ସ୍ୱାଧୀନ ହେଲା ।,ଏହି ପ୍ରକଳ୍ପ ପାଇଁ 442 କୋଟି ଟଙ୍କା ବ୍ୟୟବରାଦ କରାଯାଇଛି ।
Grains and lentils:,କାକୁଡ଼ି ଓ ତେନ୍ତୁଳି :,– ମୀନ:
"The six LS seats going to polls are Baleswar, Mayurbhanj, Bhadrak, Jajpur, Kendrapada and Jagatsinghpur.","ଏହି ଲୋକସଭା ଆସନ ହେଉଛି ମୟୂରଭଞ୍ଜ, ବାଲେଶ୍ଵର, ଭଦ୍ରକ, ଯାଜପୁର, କେନ୍ଦ୍ରାପଡ଼ା, ଜଗତସିଂହପୁର।","ଜିଲ୍ଲା ଗୁଡ଼ିକ ହେଲା, ଭଦ୍ରକ, ଭଦ୍ରକ, ଭଦ୍ରକ, ଭଦ୍ରକ, ଭଦ୍ରକ, ଭଦ୍ରକ, ଭଦ୍ରକ, ଭଦ୍ରକ, ଭଦ୍ରକ, ଭଦ୍ରକ, ଭଦ୍ରକ, ଭଦ୍ରକ, ଭଦ୍ରକ, ଭଦ୍ରକ, ଭଦ୍ରକ, ଭଦ୍ରକ, ଭଦ୍ରକ, ଭଦ୍ରକ, ଭଦ୍ରକ, ଭଦ୍ରକ, ଭଦ୍ରକ, ଭଦ୍ରକ, ଭଦ୍ରକ, ଭଦ୍ରକ, ଭଦ୍ରକ, ଭଦ୍ରକ, ଭଦ୍ରକ, ଭଦ୍ରକ, ଭଦ୍ରକ, ଭଦ୍ରକ, ଭଦ୍ରକ, ଭଦ୍ରକ, ଭଦ୍ରକ, ଭଦ୍ରକ, ଭଦ୍ରକ, ଭଦ୍ରକ, ଭଦ୍ରକ, ଭଦ୍ରକ, ଭଦ୍ରକ, ଭଦ୍ରକ, ଭଦ୍ରକ, ଭଦ୍ରକ, ଭଦ୍ରକ, ଭଦ୍ରକ, ଭଦ୍ରକ, ଭଦ୍ରକ, ଭଦ୍ରକ, ଭଦ୍ରକ, ଭଦ୍ରକ, ଭଦ୍ରକ, ଭଦ୍ରକ, ଭଦ୍ରକ, ଭଦ୍ରକ, ଭଦ୍ରକ, ଭଦ୍ରକ, ଭଦ୍ରକ, ଭଦ୍ରକ, ଭଦ୍ରକ, ଭଦ୍ରକ, ଭଦ୍ରକ, ଭଦ୍ରକ"
"Tuticorin Port (Tamil Nadu) Authority say they have detained the former vice-president of Maldives, Ahmed Adeeb.","ଏନ୍ଆଇ ପକ୍ଷରୁ କୁହାଯାଇଛି, ତାମିଲନାଡ଼ୁର ତୁତିକୋରିନ୍ ବନ୍ଦର କର୍ତ୍ତୃପକ୍ଷ ମାଲ୍ଡିଭ୍ସର ପୂର୍ବତନ ଉପରାଷ୍ଟ୍ରପତି ଅହମ୍ମଦ ଆଦୀବ୍ଙ୍କୁ ଅଟକ ରଖିଛନ୍ତି।","ତେବେ ଏହି ମାମଲାରେ ପୂର୍ବତନ ବିଧାୟକ କୁଲଦୀପ ଯାଦବ, ପୂର୍ବତନ ବିଧାୟକ କୁଲଦୀପ ଯାଦବ, ପୂର୍ବତନ ବିଧାୟକ କୁଲଦୀପ ଯାଦବ, ପୂର୍ବତନ ବିଧାୟକ କୁଲଦୀପ ଯାଦବ, ପୂର୍ବତନ ବିଧାୟକ କୁଲଦୀପ ଯାଦବ, ପୂର୍ବତନ ବିଧାୟକ କୁଲଦୀପ ଯାଦବ, ପୂର୍ବତନ ବିଧାୟକ କୁଲଦୀପ ଯାଦବ, ପୂର୍ବତନ ବିଧାୟକ କୁଲଦୀପ ଯାଦବ।"
There was excessive bleeding.,ପ୍ରବଳ ରକ୍ତସ୍ରାବ ହୋଇଥିଲା।,ଯାହା ଫଳରେ ପାରେ ହୋଇ ଯାଇଥିଲା।
Police have filed a case and are investigating.,ପୁଲିସ ଏକ ମାମଲା ରୁଜୁ କରି ତଦନ୍ତ କରୁଛି।,ପୁଲିସ ଏକ ମାମଲା ରୁଜୁ କରି ତଦନ୍ତ କରୁଛି।
"In addition, there is a myriad of other security features.",ଏତଦ୍ବ୍ୟତୀତ ଏଥିରେ ସୁରକ୍ଷା ଦୃଷ୍ଟିରୁ ଅନେକ ବୈଶିଷ୍ଟ୍ୟ ରହିଛି।,ଏହା ବ୍ୟତୀତ ଅନ୍ୟ ଦେଶ ମଧ୍ୟରେ ଜଣେ ସାଧାରଣ ଜନତାଙ୍କୁ ମଧ୍ୟ ଅଛନ୍ତି।
Then he raped the girl.,ଏହାପରେ ଯୁବତୀ ତାକୁ ଚାପୁଡ଼ା ମାରିଥିଲେ।,ଏହାପରେ ସେ ଝିଅଙ୍କୁ ବିବାହ କରିଥିଲେ।
"When a law is reserved for the consideration of the President, the President shall declare either that he assents to the said law or that he withholds assent therefrom:",(୧) କୌଣସି ରାଜ୍ୟର ରାଜ୍ୟପାଳଙ୍କୁ ରିପୋର୍ଟ ମିଳିବା ପରେ ବା ଅନ୍ୟଥା ଯଦି ରାଷ୍ଟ୍ରପତି ସନ୍ତୁଷ୍ଟ ହୁଅନ୍ତି ଯେ ଏପରି ପରିସ୍ଥିତିର ଉଦ୍ଭବ ହୋଇଅଛି ଯହିଁରେ କି ରାଜ୍ୟର ଶାସନ ଏହି ସବିଧାନର ଉପବନ୍ଧମାନଙ୍କ ଅନୁସାରେ ନିର୍ବାହିତ ହୋଇ ପାରିବ ନାହିଁ ତାହାହେଲେ ରାଷ୍ଟ୍ରପତି ଉଘୋଷଣା ଦ୍ଵାରା –,"ରାଷ୍ଟ୍ରପତି କହିଲେ ଯେ ରାଷ୍ଟ୍ରପତି କହିଲେ ଯେ, “ଆପଣର ପ୍ରଥମ ଥର ପାଇଁ ଏକ ନୂତନ ଅଧ୍ୟକ୍ଷ ଭାବେ କାର୍ଯ୍ୟ କରିବେ, """"ତା'ର ମୂଳଦୁଆପଣ ଭାବେ କାର୍ଯ୍ୟ କରିବେ ବୋଲି ସେ କହିଛନ୍ତି ।"
"Then these men assembled, and found Daniel praying and making supplication before his God.",ତା'ପ ରେ ସହେି ଲୋକମାନେ ଏକତ୍ରୀତ ହାଇେ ଦାନିୟେଲ ନିକଟକୁ ଗଲେ ଓ ତାଙ୍କୁ ପରମେଶ୍ବରଙ୍କ ନିକଟରେ ପ୍ରାର୍ଥନା ଓ ନିବଦନେ କରୁଥିବାର ଦେଖିଲେ।,ଏହାପରେ ସେ ନିଜ ନିଜ ନିଜ ନିଜ ନିଜ ନିଜ ନିଜ ନିଜ ନିଜ ନିଜ ନିଜ ନିଜ ନିଜ ନିଜ ନିଜ ନିଜ ନିଜ ନିଜ ନିଜ ନିଜ ନିଜ ନିଜ ନିଜ ନିଜ ନିଜ ନିଜ ନିଜ ନିଜ ନିଜ ନିଜ ନିଜ ନିଜ ନିଜ ନିଜ ନିଜ ନିଜ ନିଜ ନିଜ ନିଜ ନିଜ ନିଜ ନିଜ ନିଜ ନିଜ ନିଜ ନିଜ ନିଜ ନିଜ ନିଜ ନିଜ ନିଜ ନିଜ ନିଜ ନିଜ ନିଜ ନିଜ ନିଜ ନିଜ ନିଜ ନିଜ ନିଜ ନିଜ ନିଜ ନିଜ ନିଜ ନିଜ ନିଜ ନିଜ ନିଜ ନିଜ ନିଜ ନିଜ ନିଜ ନିଜ ନିଜ ନିଜ ନିଜ ନିଜ ନିଜ ନିଜ ନିଜ ନିଜ ନିଜ ନିଜ ନିଜ ନିଜ ନିଜ ନିଜ ନିଜ ନିଜ ନିଜ ନିଜ ନିଜ ନିଜ ନିଜ ନିଜ ନିଜ ନିଜ ନିଜ ନିଜ ନିଜ ନିଜ ନିଜ ନିଜ ନିଜ ନିଜ ନିଜ ନିଜ ନିଜ ନିଜ ନିଜ ନିଜ ନିଜ ନିଜ ନିଜ ନିଜ ନିଜ ନିଜ ନିଜ ନିଜ ନିଜ ନିଜ ନିଜ
He said sports help in maintaining sound body and health.,କ୍ରୀଡା ଦେହ ଓ ମନକୁ ସୁସ୍ଥ ରଖିବାରେ ସାହାଯ୍ୟ କରେ ବୋଲି ଶ୍ରୀ ମିଶ୍ର ନିଜର ଉଦବୋଧନରେ କହିଥିଲେ ।,"ସେ କହିଥିଲେ ଯେ, ସ୍ୱାସ୍ଥ୍ୟ ଓ ସ୍ୱାସ୍ଥ୍ୟ ଓ ସ୍ୱାସ୍ଥ୍ୟ ଓ ସ୍ୱାସ୍ଥ୍ୟ ଭଲ ସମ୍ପର୍କ ବୃଦ୍ଧି ପାଇଥାଏ।"
The relatives demanded severe action against the accused.,ଦୋଷୀଙ୍କ ବିଋଦ୍ଧରେ ଦୃଢ କାର୍ଯ୍ୟାନୁଷ୍ଠାନ ଗ୍ରହଣ କରିବାକୁ ପରିବାରବର୍ଗ ଦାବୀ କରିଛନ୍ତି।,ଅଭିଯୁକ୍ତ ବିରୋଧରେ ଦୃଢ଼ କାର୍ଯ୍ୟାନୁଷ୍ଠାନ ଗ୍ରହଣ କରିଛନ୍ତି।
She then told local people of the area who then informed the police.,ଏହା ପରେ ସେ ଏ ବିଷୟରେ ଗାଁ ଲୋକଙ୍କୁ ଜଣାଇବା ପରେ ଗାଁ ଲୋକେ ସ୍ଥାନୀୟ ପୁଲିସକୁ ଏ ନେଇ ସୂଚନା ଦେଇଥିଲେ ।,ଏହାପରେ ସ୍ଥାନୀୟ ଲୋକେ ପୋଲିସକୁ ଖବର ଦେଇଥିଲେ।
"Suddenly, his foot slipped and he fell into the river.",ହଠାତ୍ ମୁଣ୍ଡବୁଲାଇବାରୁ ଗୋଡ ଖସି ନଦୀରେ ପଡିଗଲି ।,ସେ ନିଜ ନିଜ ନିଜ ନିଜ ନିଜ ନିଜ ନିଜ ନିଜ ନିଜ ନିଜ ନିଜ ନିଜ ନିଜ ନିଜ ନିଜ ନିଜ ନିଜ ନିଜ ନିଜ ନିଜ ନିଜ ନିଜ ନିଜ ନିଜ ନିଜ ନିଜ ନିଜ ନିଜ ନିଜ ନିଜ ନିଜ ନିଜ ନିଜ ନିଜ ନିଜ ନିଜ ନିଜ ନିଜ ନିଜ ନିଜ ନିଜ ନିଜ ନିଜ ନିଜ ନିଜ ନିଜ ନିଜ ନିଜ ନିଜ ନିଜ ନିଜ ନିଜ ନିଜ ନିଜ ନିଜ ନିଜ ନିଜ ନିଜ ନିଜ ନିଜ ନିଜ ନିଜ ନିଜ ନିଜ ନିଜ ନିଜ ନିଜ ନିଜ ନିଜ ନିଜ ନିଜ ନିଜ ନିଜ ନିଜ ନିଜ ନିଜ ନିଜ ନିଜ ନିଜ ନିଜ ନିଜ ନିଜ ନିଜ ନିଜ ନିଜ ନିଜ ନିଜ ନିଜ ନିଜ ନିଜ ନିଜ ନିଜ ନିଜ ନିଜ ନିଜ ନିଜ ନିଜ ନିଜ ନିଜ ନିଜ ନିଜ ନିଜ ନିଜ ନିଜ ନିଜ ନିଜ ନିଜ ନିଜ ନିଜ ନିଜ ନିଜ ନିଜ ନିଜ ନିଜ ନିଜ ନିଜ ନିଜ ନିଜ ନିଜ ନିଜ ନିଜ ନିଜ ନିଜ ନିଜ
"The accused also allegedly tried to kill the girl after raping her, the officer said.",ଝିଅକୁ ଦୁଷ୍କର୍ମ କରିବା ପରେ ଅଭିଯୁକ୍ତ ତାକୁ ବିଷ ଦେଇ ମାରି ଦେବାକୁ ଉଦ୍ୟମ କରିଥିଲା ବୋଲି ସେ ଅଭିଯୋଗ କରିଛନ୍ତି ।,ଅଭିଯୁକ୍ତ ନାବାଳିକାଙ୍କୁ ଗିରଫ କରି ହତ୍ୟା କରି ହତ୍ୟା କରି ହତ୍ୟା କରି ହତ୍ୟା କରି ହତ୍ୟା କରି ହତ୍ୟା କରି ହତ୍ୟା କରି ହତ୍ୟା କରି ହତ୍ୟା କରି ହତ୍ୟା କରି କୋର୍ଟ ଚାଲାଣ କରିଛି।
Chandrika is the son of former Bihar CM Daroga Prasad Rai.,ଚନ୍ଦ୍ରିକା ରାୟ ହେଉଛନ୍ତି ବିହାରର ପୂର୍ବତନ ମୁଖ୍ୟମନ୍ତ୍ରୀ ଦାରୋଗା ପ୍ରସାଦ ରାୟଙ୍କ ପୁଅ।,ବିହାର ମୁଖ୍ୟମନ୍ତ୍ରୀ ଯୋଗୀ ଆଦିତ୍ୟନାଥଙ୍କ ପୁଅ ହେଉଛନ୍ତି।
This facility will be available for about 55 thousand petrol pumps in the country.,ଦେଶର ପ୍ରାୟ 55 ହଜାର ପେଟ୍ରୋଲ ପମ୍ପରେ ଏହି ସୁବିଧା ଉପଲବ୍ଧ ହେବ ।,ଏହି ସମୟରେ ଏହି ସଂଖ୍ୟା ୫ଟି ଦେଶରେ ୧ ଲକ୍ଷ ଟଙ୍କା ଖର୍ଚ୍ଚ ହେବ ।
It does not contain any sugar.,"ଏଥିରେ ଶର୍କରା ନଥାଏ, ।",ଏହା କୌଣସି ପ୍ରଭାବ ନାହିଁ।
"The PM should take steps accordingly,he said.",ମୁଖ୍ୟମନ୍ତ୍ରୀ ଏ ଦିଗରେ ଆବଶ୍ୟକ ପଦକ୍ଷେପ ଗ୍ରହଣ କରନ୍ତୁ ବୋଲି ସେ ଟ୍ବିଟ୍ କରି କହିଛନ୍ତି।,"ପ୍ରଧାନମନ୍ତ୍ରୀ କହିଥିଲେ ଯେ, ପ୍ରଧାନମନ୍ତ୍ରୀ କହିଥିଲେ ଯେ, “ଆମେ ଆବଶ୍ୟକତା ରହିଛି ବୋଲି ପ୍ରଧାନମନ୍ତ୍ରୀ କହିଛନ୍ତି।"
Bus hits bike. Two injured,"ବାଇକ୍କୁ ପିଟିଲା ବସ୍, ଦୁଇ ଗୁରୁତର",ଦୁଇ ଜଣ ଗୁରୁତର ଆହତ ହୋଇଛନ୍ତି।
Mens hockey tourney begins,ଆରମ୍ଭ ହେବ ପୁରୁଷ ହକିର କ୍ରୀଡ଼ା ମହାକୁମ୍ଭ ।, ⁇ S ⁇ S ⁇ S ⁇ A ⁇ 
He is the younger half-brother of Shahid Kapoor.,ଈସାନ ଅଭିନେତା ସାହିଦ କପୁରଙ୍କର ସାନ ଭାଇ।,ସେ ଜଣେ ପୁଅ-ବିଚାରିକ ଥିଲେ।
The intensity of the explosion was so strong that the building collapsed.,ବିସ୍ଫୋରଣ ଏତେ ଶକ୍ତିଶାଳୀ ଥିଲା ଯେ ଦୋକାନ ଘରର ଛାତ ଉଡ଼ି ଯାଇଥିଲା।,ଏହି ସମୟରେ ଏହି ସମୟରେ ଧର୍ମକୁ ନେଇ ଅନେକ ପ୍ରକାର ବ୍ୟବସ୍ଥା କରାଯାଇଛି ।
Many have lost their lives due to coronavirus.,କରୋନା ଯୋଗୁଁ ବହୁ ଲୋକ ଜୀବିକା ହରାଇଛନ୍ତି ।,ଅନେକ ଲୋକ ଘର ଜୀବନ ନଷ୍ଟ ହୋଇଯାଇଛି।
There was flourishing trade network between Greece and India as early as the 3rd century BC.,ଖ୍ରୀଷ୍ଟପୂର୍ବ 3ୟ ଶତାବ୍ଦୀରୁ ଗ୍ରୀସ୍ ଏବଂ ଭାରତ ମଧ୍ୟରେ ବାଣିଜ୍ୟ କାରବାର ହୋଇଆସୁଛି ।,ଭାରତ-ପାକିସ୍ତାନ ମଧ୍ୟରେ ଭାରତ-ଅରାଞ୍ଚଳ ବିମାନ ଚଳାଚଳ କରୁଛି ।
"Then, up popped India and Pakistan.",ଏହାପରେ ଚୀନ୍ ଓ ପାକିସ୍ତାନ ଚିନ୍ତା ପ୍ରକଟ କରିଥିଲେ ।,"ଏହାପରେ ଭାରତ, ପାକିସ୍ତାନ, ପାକିସ୍ତାନ, ପାକିସ୍ତାନ, ପାକିସ୍ତାନ, ପାକିସ୍ତାନ, ପାକିସ୍ତାନ, ପାକିସ୍ତାନ, ପାକିସ୍ତାନ, ପାକିସ୍ତାନ, ପାକିସ୍ତାନ, ପାକିସ୍ତାନ, ପାକିସ୍ତାନ, ପାକିସ୍ତାନ, ପାକିସ୍ତାନ ।"
"Even though it has been inaugurated today, but the people have already started hailing it.","ଆଜି, ଉଦ୍ଘାଟନ ତ ଆଜି ହୋଇଛି କିନ୍ତୁ ଲୋକମାନେ ଏହାର ଜୟ ଜୟକାର ଲଗାତାର ଆରମ୍ଭ କରି ଦେଇଛନ୍ତି ।",ଏହା ଦ୍ୱାରା ଏହି ଯୋଜନା ଆରମ୍ଭ ହୋଇଛି ।
I extend my best wishes for Chhath Puja to the people of India as well as to my friends living here in Thailand.,ମୁଁ ଭାରତବାସୀଙ୍କ ସହିତ ହିଁ ଥାଇଲାଣ୍ଡରେ ରହୁଥିବା ମୋର ସମସ୍ତ ସାଥୀଙ୍କୁ ଛଠ୍ ପୂଜା ପାଇଁ ବହୁତ ବହୁତ ଶୁଭକାମନା ଜଣାଉଛି ।,ମୁଁ ଭାରତ ଓ ଭଉଣୀଙ୍କ ମଧ୍ୟରେ ଅନେକ ଦେଶ ମଧ୍ୟରେ ସମ୍ପର୍କ ରହିଛି ।
He was later taken into custody in Bhubaneswar.,ପରେ ତାଙ୍କୁ ଭୁବନେଶ୍ୱର ଅଣାଯାଇଥିଲା ।,ପରେ ତାଙ୍କୁ ପ୍ରଥମେ ତାଙ୍କୁ ପ୍ରଥମେ ଜେଲ ପଠାଇ ଦିଆଯାଇଥିଲା।
"And there was a famine in the land, beside the first famine that was in the days of Abraham. And Isaac went unto Abimelech king of the Philistines unto Gerar.",ଥରେ ଅବ୍ରହାମଙ୍କର ସମୟରେ ଦୁର୍ଭିକ୍ଷ ହାଇେଥିଲା। ସହେି ଦେଶ ରେ ଆଉ ସହେିଭଳି ଏକ ଦୁର୍ଭିକ୍ଷ ଦଖାଦେବୋରୁ ଇସ୍ହାକ ଗରାର ରେ ପଲେଷ୍ଟୀୟମାନଙ୍କ ରାଜା ଅବିମଲକେ ନିକଟକୁ ଗଲେ।,"""ସ """"ତୁମ୍ଭେ ସହେିଦିନ ରେ ଏକ ରାଜାଙ୍କ ରେ ଏକ ରାଜାଙ୍କ ରେ ଏକ ରାଜାଙ୍କ ରେ ଏକ ରାଜା ସହେିଦିନ ରେ ଏକ ରାଜାଙ୍କ ରେ ଏକ ରାଜାଙ୍କ ରେ ଏକ ରାଜାଙ୍କ ରେ ଏକ ରାଜାଙ୍କ ରେ ଏକ ରାଜାଙ୍କ ରେ ଏକ ରାଜାଙ୍କ ରେ ଏକ ରାଜାଙ୍କର ରେ ଏକ ରାଜାଙ୍କର ପ୍ରଥମ ଓ ଇସିତ କଲେ।"
"However, the accused men are yet to be identified.",ମାତ୍ର ଏପର୍ଯ୍ୟନ୍ତ ଅସଦାଚରଣ କରିଥିବା ଦୁଇ ଯୁବକଙ୍କ ପରିଚୟ ଜଣାପଡ଼ି ନାହିଁ।,ତେବେ ଅଭିଯୁକ୍ତ ଫେରାର ଥିବା ଅଭିଯୋଗ ହେବା ନେଇ ଅଭିଯୋଗ ହୋଇଛି।
Wash your baby's clothes regularly and keep them sanitised.,ଶିଶୁଙ୍କ ଶୀତବସ୍ତ୍ର ନିୟମିତ ସଫା କରି ଖରାରେ ଶୁଖାନ୍ତୁ।,"""ସୀନଦାରେ ଖାଦ୍ୟକୁ ଧୋଇ ଦିଅନ୍ତୁ।"
The motive of the killings is also unclear.,ସେହିପରି ହତ୍ୟାକାଣ୍ଡର କାରଣ ଅସ୍ପଷ୍ଟ ରହିଛି।,ସେହିପରି କାଣ୍ଡାରେ ବିଗିଡ଼ି ମଧ୍ୟ ରହିଛି।
He was severely injured.,ସେ ଏଥିରେ ଅତି ଗୁରୁତର ଭାବେ ଆହତ ହୋଇଥିଲେ।,ସେ ଆହତ ହୋଇଥିଲେ।
She later went to South.,ପରେ ସେ ପଶ୍ଚିମବଙ୍ଗ ଚାଲିଯାଇଥିଲେ।,ଏହାପରେ ଦକ୍ଷିଣ ଆଫ୍ରିକାଙ୍କୁ ଭେଟିଥିଲେ।
Where is the,ଜାଗାଟି କେଉଁଠି,କେଉଁଠି ।
Despite repeated complaints nothing had been done by the authorities.,ଏନେଇ ପ୍ରଶାସନକୁ ବାରମ୍ବାର ଅଭିଯୋଗ କରାଯାଇଥିଲେ ମଧ୍ୟ କୌଣସି ସୁଫଳ ମିଳିପାରିନାହିଁ ।,ଏ ନେଇ କୌଣସି ଅଭିଯୋଗ କରିଛନ୍ତି।
Aamir Khan and Lata Mangeshwar have joined Bollywood in donating towards Maharashtra flood relief.,ବଲିଉଡ୍ ଅଭିନେତା ଆମୀର ଖାନ୍ ଓ ପ୍ରଖ୍ୟାତ ଗାୟିକା ଲତା ମଙ୍ଗେଶକର ମହାରାଷ୍ଟ୍ରର ବନ୍ୟାପୀଡ଼ିତଙ୍କୁ ସାହାଯ୍ୟ କରିବା ପାଇଁ ଆଗେଇ ଆସିଛନ୍ତି।,ମହାରାଷ୍ଟ୍ରରେ: ମହାରାଷ୍ଟ୍ରରେ ବଲିଉଡ୍ରାଟସ-ଏଡ୍-ଏଡ୍-ଏନଏଡ୍ ଏବଂ ମହାରାଷ୍ଟ୍ର: ବଲିଉଡ୍ ଅଭିନେତ୍ରୀ ପ୍ରିୟଙ୍କା ଚୋପ୍ରା ଓ ମହାରାଷ୍ଟ୍ର ମଧ୍ୟରେ ରହିଛି।
"During the three years of the Union Government, Dr Jitendra Singh said, the Department of Space has entered into MoUs with a number of other Ministries.",କେନ୍ଦ୍ର ସରକାରଙ୍କ ତିନିବର୍ଷର କାର୍ଯ୍ୟକାଳ ମଧ୍ୟରେ ମହାକାଶ ବିଭାଗ ଅନ୍ୟ ଅନେକ ମନ୍ତ୍ରଣାଳୟ ସହ ବୁଝାମଣା ପତ୍ର ସ୍ୱାକ୍ଷର କରିଛି ।,"କେନ୍ଦ୍ର ସରକାର, କେନ୍ଦ୍ର ସରକାର, ଅନ୍ୟ ତିନି ବର୍ଷ ମଧ୍ୟରେ ତିନି ଜଣାଇବାକୁ ଉଦ୍ୟମକୁ ନେଇ ବହୁମତାରୁ ତିନି ଜଣାଇବାକୁ ଉଦ୍ୟମ ଜାରି କରିଛନ୍ତି।"
There's no trust anymore.,ଏଗୁଡିକରେ ଆଉ ବିଶ୍ୱାସନୀୟତା ନାହିଁ।,ଆଉ କିଛି ନୁହେଁ।
They are our guests.,ସେମାନେ ଆମର ଅତିଥି ।,ସେମାନେ ଆମ ସମସ୍ତଙ୍କ ଭଲ।
The police had done barricading to stop the BJP workers.,ବିଜେଡି କର୍ମୀଙ୍କୁ ପୋଲିସ୍ ଅଟକାଇବାକୁ ଚେଷ୍ଟା କରିବାରୁ ଧସ୍ତାଧସ୍ତି ହୋଇଥିଲା।,ଏହି ସମୟରେ ବିଜେପି ପକ୍ଷରୁ ବ୍ୟାପକ ପୋଲିସ ପକ୍ଷରୁ ସୂଚନା ମିଳିଛି ।
"Chief Secretary Asit Kumar Tripathy, Director General of Police Abhay and senior officials participated in the meeting.","ବୈଠକରେ ମୁଖ୍ୟମନ୍ତ୍ରୀ ନବୀନ ପଟ୍ଟନାୟକ, ମୁଖ୍ୟ ଶାସନ ସଚିବ ଅସୀତ ତ୍ରିପାଠୀଙ୍କ ସମେତ ପୋଲିସ ବିଭାଗର ବରିଷ୍ଠ ଅଧିକାରୀ ସାମିଲ ହୋଇଥିଲେ ।","ଏହି ବୈଠକରେ ମୁଖ୍ୟ ଶାସନ ସଚିବ, ମୁଖ୍ୟ ଶାସନ ସଚିବ ଓ ବରିଷ୍ଠ ଅଧିକାରୀ ଉପସ୍ଥିତ ଥିଲେ।"
"Meanwhile, the three main political parties, the BJD, the BJP and the Cong, have started bracing up to finalise candidate for the bypoll.","ସେପଟେ ନିର୍ବାଚନ ତାରିଖ ଘୋଷଣା ପରେ ତିନି ପ୍ରମୁଖ ବିଜେଡି, ବିଜେପି, କଂଗ୍ରେସ ସେମାନଙ୍କ ପ୍ରାର୍ଥୀ ଚୟନ କସରତ ଆରମ୍ଭ କରିଛନ୍ତି ।","ବିଜେପି ପକ୍ଷରୁ ଦଳ, ବିଜେପି ଓ କଂଗ୍ରେସ ପ୍ରାର୍ଥୀ ତାଲିକା ଘୋଷଣା କରିଛନ୍ତି।"
But that had no effect on Bedana.,ତେବେ ତାହା ଦେବେନ୍ଦ୍ର ପ୍ରତି ସେପରି କୌଣସି ପ୍ରଭାବ ପକାଇନଥିଲା।,କିନ୍ତୁ ଏହା ଉପରେ କୌଣସି ପ୍ରଭାବ ନାହିଁ।
There was an error reading the folder %B.,"""ଫୋଲଡର “%B"""" କୁ ପଢ଼ିବା ସମୟରେ ତ୍ରୁଟି ପରିଲିଖିତ ହେଲା।""",%sକୁ ନେଇ %sକୁ ନେଇ %sକୁ ନେଇ ସୂଚନା ମିଳିଛି।
He is denying what he had said before the camera.,କ୍ୟାମେରା ସାମ୍ନାରେ କହିଥିବା କଥା ସେ ନିଜେ ଅସ୍ୱୀକାର କରୁଛନ୍ତି ।,ସେ କହିଛନ୍ତି ଯେ ସେ ଏହି ସମୟରେ ସେ କହିଛନ୍ତି ଯେ ସେ ଏହି କଥା କହିଛନ୍ତି।
This will give you lot of solace.,ଏହାଦ୍ୱାରା ଆପଣଙ୍କୁ ବହୁତ ଆରାମ ମିଳିବ ।,ଏହା ଆପଣଙ୍କ ଉପରେ ଧ୍ୟାନ ଦେବା।
Prime Minister Narendra Modi will himself be present at the event.,ଶିଳାନ୍ୟାସ କାର୍ଯ୍ୟକ୍ରମ ସମୟରେ ନିଜେ ପ୍ରଧାନମନ୍ତ୍ରୀ ନରେନ୍ଦ୍ର ମୋଦି ଉପସ୍ଥିତ ରହିବେ ।,ପ୍ରଧାନମନ୍ତ୍ରୀ ନରେନ୍ଦ୍ର ମୋଦି ଏହି କାର୍ଯ୍ୟକ୍ରମରେ ଯୋଗ ଦେବେ।
But they might have to wait a little longer.,ତଥାପି ଏମାନଙ୍କୁ ଅଧିକ ସମୟ ଅପେକ୍ଷା କରିବାକୁ ପଡ଼ିପାରେ।,କିନ୍ତୁ ସେମାନେ ଆଉ କିଛି ସମୟ ପାଇଁ ପ୍ରସ୍ତୁତ କରାଯାଇଛି ।
"PM will address the gathering Launch of Pradhan Mantri Shram Yogi Maan-dhan Yojana (PM-SYM) At Vastral, Prime Minister will mark the launch of the pension scheme for unorganized sector workers, the Pradhan Mantri Shram Yogi Maan-dhan, through the online fund transfer to beneficiaries.","ପ୍ରଧାନମନ୍ତ୍ରୀ ଶ୍ରମ ଯୋଗୀ ମାନ-ଧନ ଯୋଜନା (P-S)ର ଶୁଭାରମ୍ଭ ବସ୍ତ୍ରାଲରେ ପ୍ରଧାନମନ୍ତ୍ରୀ ଅଣ-ସଂଗଠିତ କ୍ଷେତ୍ର ଶ୍ରମିକଙ୍କ ପାଇଁ ପେନସନ୍ ସ୍କିମ୍, ପ୍ରଧାନମନ୍ତ୍ରୀ ଶ୍ରମ ଯୋଗୀ ମାନ-ଧନ ଯୋଜନାର ଶୁଭାରମ୍ଭ କରି ହିତାଧିକାରୀଙ୍କୁ ଅନ୍ଲାଇନ୍ ଜରିଆରେ ପାଣ୍ଠି ହସ୍ତାନ୍ତର କରିବେ ।","ପ୍ରଧାନମନ୍ତ୍ରୀଙ୍କ କାର୍ଯ୍ୟାଳୟ, 2018-19ର ପ୍ରସ୍ତାବ, 2018-19, 2018-19, 2018-19, 2018-19, 2018-19, 2018-19, 2018-19, 2018-19, 2018-19, 2018-19, 2018-19, 2018-19, 2018-19, 2018-19, 2018-19, 2018-19, 2018-19, 2018-19, 2018-19, 2018-19 ଏବଂ ଉଦ୍ୟୋଗକୁ ପ୍ରୋତ୍ସାହନ ପ୍ରଦାନ କରିବ ।"
Cultural programmes will be held every day in evening.,ବିଭିନ୍ନ ପ୍ରକାର ଦୋଳି ସହ ପ୍ରତିଦିନ ସାଂସ୍କୃତିକ କାର୍ଯ୍ୟକ୍ରମ ବି ଆୟୋଜନ କରାଯିବ।,ସନ୍ଧ୍ୟାରେ ଦିନ ଆରମ୍ଭ ହେବ।
"Thus, they do not increase the sugar level in the blood.",ଏହାସହ ରକ୍ତରେ ଶର୍କରାର ପରିମାଣ ମଧ୍ୟ ବୃଦ୍ଧି ହେବାକୁ ଦେଇ ନ ଥାଏ।,ତେଣୁ ସେମାନେ ଆହୁରି ଅଧିକ ଖର୍ଚ୍ଚ କରିବାକୁ ପଡ଼ିବ ନାହିଁ।
He then called other residents of the village.,ତେଣୁ ସେ ଗାଁର ଆଉ କିଛି ଲୋକଙ୍କୁ ଘଟଣାସ୍ଥଳକୁ ଡାକି ଆଣିଥିଲେ।,ଏହାପରେ ସେ ଅନ୍ୟ ସ୍ଥାନୀୟ ଅଞ୍ଚଳରେ ଥିଲେ।
The money was also missing.,ଟଙ୍କା ପଇସା ଅଭାବ ବି ଥିଲା।,ଏହାସହ ଟଙ୍କା ମଧ୍ୟ ଟଙ୍କା ମଧ୍ୟ ଟଙ୍କା ଦେଇଥିଲେ।
The police reached the spot and recovered the body of the newborn.,ଖବର ପାଇ ପୋଲିସ ଘଟଣା ସ୍ଥଳରେ ପହଞ୍ଚି ନବଜାତ ଶିଶୁର ମୃତଦେହକୁ ଉଦ୍ଧାର କରିବା ସହିତ ତଦନ୍ତ ଚାରି ରଖିଛି ।,ଘଟଣାସ୍ଥଳରେ ପୋଲିସ ପହଞ୍ଚି ମୃତଦେହ ଉଦ୍ଧାର କରି ବ୍ୟବଚ୍ଛେଦ ପାଇଁ ପଠାଇଛି।
"Rs 53,700 crore for development and welfare of Scheduled Tribes.","ଅନୁସୂଚିତ ଜନଜାତିଙ୍କ ଅଧିକ ବିକାଶ ଓ କଲ୍ୟାଣ ଲାଗି ୫୩,୭୦୦ କୋଟି ଟଙ୍କା ପ୍ରଦାନ କରାଯାଇସାରିଛି ।","5 କୋଟି ଟଙ୍କା, 5 କୋଟି ଟଙ୍କା, 5 କୋଟି ଟଙ୍କା, 5 କୋଟି ଟଙ୍କା, 5 କୋଟି ଟଙ୍କା, 5 କୋଟି ଟଙ୍କା, 5 କୋଟି ଟଙ୍କା, 5 କୋଟି ଟଙ୍କା, 5 କୋଟି ଟଙ୍କା, 5 କୋଟି ଟଙ୍କା, 5 କୋଟି ଟଙ୍କା, 5 କୋଟି ଟଙ୍କା, 5 କୋଟି ଟଙ୍କା, 5 କୋଟି ଟଙ୍କା, 5 କୋଟି ଟଙ୍କା, 5 କୋଟି ଟଙ୍କା, 5 କୋଟି ଟଙ୍କା, 5 କୋଟି ଟଙ୍କା, 5 କୋଟି ଟଙ୍କା, 5 କୋଟି ଟଙ୍କା, 5 କୋଟି ଟଙ୍କା, 5 କୋଟି ଟଙ୍କା, 5 କୋଟି ଟଙ୍କା, 5 କୋଟି ଟଙ୍କା, 5 କୋଟି ଟଙ୍କା, 5 କୋଟି ଟଙ୍କା, 5 କୋଟି ଟଙ୍କା, 5 କୋଟି ଟଙ୍କା, 5 କୋଟି ଟଙ୍କା, 5 କୋଟି ଟଙ୍କା, 5 କୋଟି ଟଙ୍କା, 5"
"""Party has nothing do with it"""", he said.""",ତାଙ୍କ ମତ ସହ ପାର୍ଟିର କୌଣସି ସମ୍ପର୍କ ନାହିଁ ବୋଲି କହିଛନ୍ତି ।,"ସେ କହିଛନ୍ତି, “ଆମୀଙ୍କୁ କିଛି ସମୟ ପୂର୍ବରୁ ସେ କହିଛନ୍ତି, ସେ କହିଛନ୍ତି, ସେ କହିଛନ୍ତି, ସେ କହିଛନ୍ତି।"
India's penal code is a modern system of laws.,ଭାରତର ଆଇନ ବ୍ୟବସ୍ଥା ଦଣ୍ଡ ବିଧାନକୁ କୋହଳ ରହିଛି ।,ଭାରତ ଏକ ବଡ଼ ବଡ଼ ବଡ଼ ବଡ଼ ବଡ଼ ଧରଣର ଏକ ବଡ଼ ଭୂମିକା ରହିଛି।
The police dug out the body and sent for postmortem.,ପୁଲିସ୍ ମାଟି ଖୋଳି ମୃତଦେହକୁ ଜବତ କରିବା ସହିତ ବ୍ୟବଚ୍ଛେଦ ପାଇଁ ପଠାଇଥିଲା।,ପୁଲିସ ଶବ ବ୍ୟବଚ୍ଛେଦ ପାଇଁ ପଠାଇ ଦେଇଛି।
A friend will be helpful.,ମିତ୍ରଙ୍କ ସାହାଯ୍ୟ ମିଳିବ।,ଜୀବନସାଥୀଙ୍କ ସହଯୋଗ ମିଳିବ।
"""Where to accept cookies from. Possible values are """"anywhere"""", """"current site"""" and """"nowhere"""".""","""କେଉଁଠୁ କୁକିଗୁଡ଼ିକୁ ଗ୍ରହଣ କରାଯାଇଥାଏ। ସମ୍ଭାବ୍ୟ ମୂଲ୍ୟଗୁଡ଼ିକ ହେଉଛି """"anywhere"""", """"current site"""" ଏବଂ """"nowhere""""।""","""ତା'ପରେ ଏକତ୍ରୀତର୍ """"ମୁଥିବା ବେଳେ """"ମୁଥିବା ବେଳେ """"ମୁଥିବା ବେଳେ """"ମୁଦିକାଲର ଏକ ବଡ଼ ଧରଣର ପ୍ରବର୍ତ୍ତନ କରି """"ମୁଦ୍ୟୁନ୍ୟୁନ୍ୟୁନ୍ଥନ୍ୟୁନ୍।"
It will be fine in few days.,କିଛି ଦିନ ଗଲେ ସବୁ ଠିକ ହେଇଯିବ ।,ଏହା କିଛି ଦିନ ହେବ।
"These trains will run on Puri-Ahmedabad, Puri-Gandhidham, Puri-Okha routes.","ପୁରୀ-ଅହମ୍ମଦାବାଦ, ପୁରୀ-ଗାନ୍ଧୀଧାମ ଓ ପୁରୀ-ଓଖା ରୁଟରେ ଏହି ଟ୍ରେନ ଚାଲିବ।","ଏହି ପୁରୀ, ପୁରୀ, ପୁରୀ, ପୁରୀ, ପୁରୀ, ପୁରୀ, ପୁରୀ, ପୁରୀ, ପୁରୀ, ପୁରୀ, ପୁରୀ, ପୁରୀ, ପୁରୀ, ପୁରୀ, ପୁରୀ, ପୁରୀ, ପୁରୀ, ପୁରୀ, ପୁରୀ, ପୁରୀ ଓ ପୁରୀ ଓ ପୁରୀର ଓ ପୁରୀର-ଚକ୍ରିବ।"
"I will answer thee, and thy companions with thee.",ଆୟୁବ ମୁଁ ତୁମ୍ଭେ ଓ ତୁମ୍ଭର ସହିତ ଥିବା ବନ୍ଧୁମାନଙ୍କୁ ଉତ୍ତର ଦବୋକୁ ଚା ହେଁ।,"""ତା'ର ତୁମ୍ଭକୁ ଓ ତୁମ୍ଭର ତୁମ୍ଭର ଦାସ ଓ ତୁମ୍ଭ ସହିତ ତୁମ୍ଭର ତୁମ୍ଭର ତୁମ୍ଭର ଦାସ ଓ ତୁମ୍ଭ ସହିତ ତୁମ୍ଭର ପରମେଶ୍ବର।"
The police had made elaborate arrangements.,ଏଥି ପାଇଁ ପୁଲିସ ପକ୍ଷରୁ ବ୍ୟାପକ ବ୍ୟବସ୍ଥା କରାଯାଇଥିଲା।,ପୁଲିସ ପକ୍ଷରୁ ବ୍ୟାପକ ସୁରକ୍ଷା ବ୍ୟବସ୍ଥା କରାଯାଇଛି।
He was admitted to the district hospital for treatment.,ସେଠାରେ ଚିକିତ୍ସା ପାଇଁ ଜିଲ୍ଲା ମୂଖ୍ୟ ଚିକିତ୍ସାଳୟକୁ ଯାଇଥିଲେ ।,ଚିକିତ୍ସା ପାଇଁ ତାଙ୍କୁ ଜିଲ୍ଲା ମୁଖ୍ୟ ଚିକିତ୍ସାଳୟରେ ଭର୍ତ୍ତି କରାଯାଇଛି।
It also contains Real time setting of each key press so that sequencing of key presses including so called malicious sequenced key presses can be detected and wrapped.,ଏଥିରେ ପ୍ରତ୍ୟେକ ପ୍ରେସ୍ର ରିଏଲ୍ ଟାଇମ୍ ସିଟିଂ ମଧ୍ୟ ସାମିଲ ଥିଲା ।,ଏହା ଦ୍ୱାରା କିବୋର୍ଡରେ ଥିବା ଏକ ନୂଆ କୋଚକ୍ରୋସୃଜନ ହେବା ପରେ ଏହା ଏକ ନୂତନ ସଦସ୍ୟ ଏବଂ ଏକ ନୂଆ ବ୍ୟବହାର କରିପାରିବେ ।
"Later, BJP and Shiv Sena came together to form the government.",ପ୍ରଥମେ ଏଠାରେ ସରକାର ଗଠନ ଲାଗି ଶିବସେନା ଓ ବିଜେପି ମଧ୍ୟରେ ମେଣ୍ଟ ହୋଇଥିଲା ।,ପରେ ବିଜେପି ଓ ଶିବସେନା ମେଣ୍ଟ ସରକାର ଗଠନ କରିବାକୁ ନିଷ୍ପତ୍ତି ନେଇଥିଲେ।
The woman was injured critically in the incident.,ଘଟଣାସ୍ଥଳରେ ମହିଳା ଗୁରୁତର ହୋଇଥିଲେ।,ଏହି ଘଟଣାରେ ଜଣେ ମହିଳା ଗୁରୁତର ଆହତ ହୋଇଛନ୍ତି।
The other injured were admitted to hospital.,ଅନ୍ୟ ଆହତଙ୍କୁ ଡାକ୍ତରଖାନା ପଠାଯାଇଛି।,ଅନ୍ୟ ଗୁରୁତର ଅବସ୍ଥାରେ ଉଦ୍ଧାର କରାଯାଇଛି।
The man remained in police custody the whole night.,ପୋଲିସ କୁ ଖବର ଦେଇ ରାତି ସାରା ଯୁବକକୁ ଅଟକ ରଖିଥିଲେ।,ଗତକାଲି ରାତିରେ ପୋଲିସ ସେଠାରେ ଉତ୍ତେଜନା ରହିଛି ।
A compensation of Rs 4 lakhs will be given to families of deceased.,ମୃତକଙ୍କ ପରିବାରକୁ ୪ ଲକ୍ଷ ଟଙ୍କା ଲେଖାଏଁ କ୍ଷତିପୂରଣ ଦିଆଯାଇଛି।,ମୃତକଙ୍କ ପରିବାରକୁ ୪ ଲକ୍ଷ ଟଙ୍କାର ସହାୟତା ଯୋଗାଇ ଦିଆଯିବ ।
You will also make plans to expand your business.,ବ୍ୟବସାୟ ବିସ୍ତାର ଲାଗି ଯୋଜନା ପ୍ରସ୍ତୁତ କରିବେ।,ବ୍ୟବସାୟ ପାଇଁ ଆପଣଙ୍କୁ ଲାଭ କରିବେ।
"India is fully prepared for any situation, the Defence Minister said.","ଏନେଇ ପ୍ରତିରକ୍ଷା ମନ୍ତ୍ରୀ କହିଛନ୍ତି ଯେ, ଭାରତୀୟ ସୁରକ୍ଷା ବଳ ପ୍ରତ୍ୟେକ ପରିସ୍ଥିତିକୁ ସାମ୍ନା କରିବା ପାଇଁ ପୁରା ପ୍ରସ୍ତୁତ ଅଛି ।",ପ୍ରତିରକ୍ଷା ମନ୍ତ୍ରୀ କହିଛନ୍ତି ଯେ ଭାରତ ପାଇଁ ମଧ୍ୟ ଭାରତ ପାଇଁ ମଧ୍ୟ ଭାରତ ପାଇଁ ମଧ୍ୟ ଏହି ସୂଚନା ମିଳିଛି ।
"The ancient city in Uttar Pradesh rises alongside the banks of the Ganges, Yamuna and mythical Saraswati rivers.","ଉତ୍ତରପ୍ରଦେଶର ଏହି ଐତିହାସିକ ସହର ନିକଟରେ ହିଁ ଗଙ୍ଗା, ଯମୁନା ଓ ପୁରାଣ ବର୍ଣ୍ଣିତ ସରସ୍ୱତୀ ନଦୀର ମିଳନ ଘଟିଥିବା କଥିତ ରହିଛି।","ଏହି ଅବସରରେ ଓଡ଼ିଶା, ଉତ୍ତର ପ୍ରଦେଶ, ଉତ୍ତର ପ୍ରଦେଶ ଓ ପଶ୍ଚିମ ଦିଗରୁ ଏହି ସ୍ଥାନ ରେ ବାସଗୃହର ସୁଗଲ।"
Do what youve been doing.,ଆପଣ ଯାହା କରୁଛନ୍ତି କରନ୍ତୁ।,ଆପଣ କ’ଣ କରିଛବି।
Delete all sticky notes?,ସମସ୍ତ ଷ୍ଟିକି ନୋଟଗୁଡିକୁ ଅପସାରଣ କରିବେକି?,ସମସ୍ତ ପ୍ରକାରରେ କ’ଣ କରନ୍ତୁ?
"These districts are -- Ganjam, Puri, Nayagarh, Khurda, Cuttack, Jagatsinghpur, Kendrapara, Jajpur, Bhadrak, Balasore and Balangir.","ଏହି ଜିଲ୍ଲାଗୁଡ଼ିକ ହେଉଛି- ଯାଜପୁର, କେନ୍ଦୁଝର, ଜଗତସିଂହପୁର, କେନ୍ଦ୍ରାପଡ଼ା, ଭଦ୍ରକ ଓ ବାଲେଶ୍ୱର।","ଏହି ଜିଲ୍ଲା ଗୁଡ଼ିକ ହେଲା, ଭଦ୍ରକ, ଭଦ୍ରକ, ଭଦ୍ରକ, ଭଦ୍ରକ, ଭଦ୍ରକ, ଭଦ୍ରକ, ଭଦ୍ରକ, ଭଦ୍ରକ, ଭଦ୍ରକ, ଭଦ୍ରକ, ଭଦ୍ରକ, ଭଦ୍ରକ, ଭଦ୍ରକ, ଭଦ୍ରକ, ଭଦ୍ରକ, ଭଦ୍ରକ, ଭଦ୍ରକ, ଭଦ୍ରକ, ଭଦ୍ରକ, ଭଦ୍ରକ, ଭଦ୍ରକ, ଭଦ୍ରକ, ଭଦ୍ରକ, ଯାଜପୁର, ଯାଜପୁର, ଭଦ୍ରକ, ଭଦ୍ରକ, ଭଦ୍ରକ, ଭଦ୍ରକ, ଯାଜପୁର, ଯାଜପୁର, ଯାଜପୁର, ଭଦ୍ରକ, ଭଦ୍ରକ, ଭଦ୍ରକ, ଭଦ୍ରକ, ଭଦ୍ରକ, ଭଦ୍ରକ, ଭଦ୍ରକ, ଭଦ୍ରକ, ଭଦ୍ରକ, ଭଦ୍ରକ, ଭଦ୍ରକ, ଯାଜପୁର, ଭଦ୍ରକ, ଭଦ୍ରକ, ଯାଜପୁର, ଯାଜପୁର, ଭଦ୍ରକ, ଭଦ୍ରକ, ଭଦ୍ରକ, ଯାଜପୁର, ଯାଜପୁର, ଯାଜପୁର, ଭଦ୍ରକ, ଯାଜପୁର, ଯାଜପୁର, ଯାଜପୁର, ଯାଜପୁର, ଭଦ୍ରକ,"
The car driver fled away from the spot.,କାର୍ ଚାଳକ ତାଙ୍କ କାମ ବଢ଼ାଇସାରି ଘଟଣାସ୍ଥଳରୁ ପଳାଇଥିଲେ।,ଦୁର୍ଘଟଣା ପରେ ଘଟଣାସ୍ଥଳରୁ ଡ୍ରାଇଭରକୁ ଖସି ପଳାଇଥିଲେ।
You will spend a prosperous life.,ସୁଖ-ସମୃଦ୍ଧିପୂର୍ଣ୍ଣ ଜୀବନ ୍ାପନ କରିବେ ।,ଜୀବନ ସୁଖମୟ ହେବ।
are sufficiently available.,ପର୍ଯ୍ୟାପ୍ତ ସାମର୍ଥ୍ୟ ରହିଛି।,ଏଥିରେ ବ୍ୟବହାର କରାଯାଉଛି।
Damodar Rout expelled from BJD,ବିଜେଡିରୁ ଦାମ ରାଉତ ବିଦା,ବିଜେଡିରୁ ବିଜେପି ପ୍ରାର୍ଥୀ
"Swachhta in schools plays a significant role in determining the health of children, attendance, dropout rate, and learning outcomes.","ସ୍କୁଲର ସ୍ୱଚ୍ଛତା ଛାତ୍ରମାନଙ୍କର ସ୍ୱାସ୍ଥ୍ୟ, ଉପସ୍ଥିତି, ଶିଖିବା ଓ ବୁଝିବାର ସ୍ତର ତଥା ଅଧାରୁ ସ୍କୁଲ ପାଠପଢା ଛାଡିବା ହାରକୁ ପ୍ରଭାବିତ କରିଥାଏ ।","ଏଥିରେ ବହୁ ସଂଖ୍ୟାରେ ମହିଳା, ସ୍ୱାସ୍ଥ୍ୟ, ସ୍ୱାସ୍ଥ୍ୟ ଓ ସ୍ୱାସ୍ଥ୍ୟ ସେବା ଓ ସ୍ୱାସ୍ଥ୍ୟ କ୍ଷେତ୍ରରେ ସ୍ୱାସ୍ଥ୍ୟ କ୍ଷେତ୍ରରେ ବହୁ ବିଶିଷ୍ଟ ବ୍ୟକ୍ତି ବିଶେଷ ଗୁରୁତ୍ୱ ଦେଇଥିଲେ ।"
And I would like to praise all the states and their officers those who have reached out to lakhs and crores of women and improved their lives.,ଆଉ ମୁଁ ସମସ୍ତ ରାଜ୍ୟ ଓ ସେଠାକାର ଅଧିକାରୀମାନଙ୍କୁ ଅଭିନନ୍ଦନ ଜଣାଇବାକୁ ଚାହିଁବି । ଯେଉଁମାନେ ଏହି ଯୋଜନାଗୁଡ଼ିକୁ ଲକ୍ଷ ଲକ୍ଷ କୋଟି କୋଟି ମହିଳାଙ୍କ ପାଖରେ ପହଂଚାଇ ସେମାନଙ୍କ ଜୀବନରେ ସୁଧାର ଆଣିବାର କାର୍ଯ୍ୟ କରିଛନ୍ତି ।,"""ସଦାପ୍ରଭୁ ମୁଁ ସେମାନଙ୍କ ମଧ୍ୟରୁ ସମସ୍ତ ଲୋକ ଓ ସେମାନଙ୍କ ଜୀବନ ଓ ସେମାନଙ୍କ ଜୀବନ ରକ୍ଷା କରିବା ପାଇଁ ସମସ୍ତ ଲୋକ ଓ ସେମାନଙ୍କ ଜୀବନଧାରଣ କରି ମୁଁ ସେମାନଙ୍କ ଜୀବନ କାମନା କରିଛନ୍ତି।"
Can you beat him?,ଆପଣ ତାଙ୍କୁ ପାରିବେ ତ ?,ତାଙ୍କ ପାଇଁ ତାଙ୍କୁ କିଏ ?
Sync is brand new and easier than ever.\u0020,Sync ଟି ନୂଆ ଅଟେ ଏବଂ ଆଗ ଅପେକ୍ଷା ସହଜମୟ ଅଟେ।,ନୂଆ ନୂଆ ନୂଆ ନୂଆ ନୂଆ ନୂଆ ନୂଆ ନୂଆ ନୂଆ ନୂଆ ନୂଆ ନୂଆ ନୂଆ ନୂଆ ନୂଆ ନୂଆ ନୂଆ ନୂଆ ନୂଆ ନୂଆ ନୂଆ ନୂଆ ନୂଆ ନୂଆ ନୂଆ !
Thats what theyre doing.,ଯାହାକି ଏମାନେ କରୁଛନ୍ତି ।,ଏହା କ’ଣ ଥିଲା।
Bollywood actor Sridevi passes away,ବଲିଉଡର ସୁପରଷ୍ଟାର ଅଭିନେତ୍ରୀ ଶ୍ରୀଦେବୀଙ୍କ ଦେହାନ୍ତ,ବଲିଉଡ୍ ଅଭିନେତା ସୁଶାନ୍ତ ସିଂହ ରାଜପୁତଙ୍କ ପରଲୋକ
There was nothing to eat.,କିଛି ଖାଇବାକୁ ମିଳିଲାନି।,କିଛି କିଛି କ୍ଷୟକ୍ଷତି ହୋଇନାହିଁ।
"BJP fields Bhartendu Singh from Bijnore and Hukum Singh from Kairana, while BSP nominates Kadir Rana from Muzaffarnagar","ବିଜେଡ଼ିରୁ ବିକ୍ରମ ପଣ୍ଡା ଲଢ଼ୁଥିବା ବେଳେ, କଂଗ୍ରେସରୁ ଲିଙ୍ଗରାଜ ଚୌଧୁରୀ ଓ ବିଜେପିରୁ କାହ୍ନୁଚଣ ପତି ନିର୍ବାଚନ ଲଢ଼ୁଛନ୍ତି ।","ରାମଚନ୍ଦ୍ର ସିଂହ, ବିଜେପି ବିଧାୟକ ଓ ବିଜେପି ବିଧାୟକ ସିଂହ, ବିଧାୟକ ସିଂହ, ବିଧାୟକ ଦଳ ନେତା କେ ସିଂହ, ବିଧାୟକ ଦଳ ନେତା ଓ ବିଜେପି ବିଧାୟକ ସିଂହ, ବିଧାୟକ ଦଳ ନେତା।"
He died there.,ସେଠାରେ ତାଙ୍କର ମୃତ୍ୟୁ ଘଟିଛି ।,ସେଠାରେ ତାଙ୍କର ମୃତ୍ୟୁ ହୋଇଥିଲା।
"And the king sware, and said, As the LORD liveth, that hath redeemed my soul out of all distress,","""ତା'ପରେ ରାଜା ଶପଥ କଲେ, """" ଯେ ପର୍ୟ୍ଯନ୍ତ ସଦାପ୍ରଭୁ ଜୀବିତ ଅଛନ୍ତି ପରମେଶ୍ବର ମାେତେ ସମସ୍ତ ବିପଦରୁ ରକ୍ଷା କରିଛନ୍ତି। ମୁଁ ଏହି ପ୍ରତିଜ୍ଞା କରୁଛି।""","""ତା'ପରେ ସଦାପ୍ରଭୁ କହିଲେ, """"ମୁଁ ତୁମ୍ଭକୁ ଯେଉଁଠା ରେ ସଦାପ୍ରଭୁ, """"ତୁମ୍ଭେ ସହେି ନଗର ରେ ସଦାପ୍ରଭୁ, """"ତୁମ୍ଭେ ସହେି ନଗର ରେ ସଦାପ୍ରଭୁ, """"ତୁମ୍ଭେ ସହେି ନଗର ରେ ସଦାପ୍ରଭୁ, """"ତୁମ୍ଭେ ସହେି ନଗର ରେ ତୁମ୍ଭେ ମାରେ ପ୍ରଭୁ ରେ ତୁମ୍ଭେ ମାରେ ପ୍ରଭୁ ରେ ତୁମ୍ଭେ ମାରେ ପ୍ରଭୁ ରେ ସଦାପ୍ରଭୁ, """"ତୁମ୍ଭେ ସହେି ସ୍ଥାନ ରେ ତୁମ୍ଭେ ମାରେ ପ୍ରଭୁ ରେ ତୁମ୍ଭେ ମାରେ ପ୍ରଭୁ ରେ ତୁମ୍ଭେ ମାରେ ପ୍ରଭୁ ରେ ତୁମ୍ଭେ ମାରେ ପ୍ରଭୁ ରେ ତୁମ୍ଭେ ମାରେ ପ୍ରଭୁ ରେ ତୁମ୍ଭେ ମାରେ ପ୍ରଭୁ ରେ ତୁମ୍ଭେ ମାରେ ପ୍ରଭୁ ରେ ତୁମ୍ଭେ ମାରେ ପ୍ରଭୁ ରେ ସହେି ସ୍ଥାନ ରେ ସହେି ନଗର ରେ ସହେି ନଗର ରେ ସହେି ନଗର ରେ ତୁମ୍ଭେ ମାରେ ପ୍ରଭୁ ରେ ସହେି ନଗର ରେ ସହେି ନଗର ରେ ସହେି ନଗର ରେ ସହେି ନଗର ରେ ସହେି ନଗର ରେ ସହେି ନଗର"
"On hearing their screams, locals rescued them and informed the police.",କାନ୍ଦଶୁଣି ସ୍ଥାନୀୟ ଲୋକେ ସେମାନଙ୍କୁ ଉଦ୍ଧାର କରି ପୋଲିସ ଜିମା ଦେଇଥିଲେ ।,ସ୍ଥାନୀୟ ଲୋକେ ଉଦ୍ଧାର କରି ସ୍ଥାନୀୟ ଲୋକେ ଉଦ୍ଧାର କରି ସ୍ଥାନୀୟ ଲୋକେ ଉଦ୍ଧାର କରିଥିଲେ।
"However, he couldn't sustain his performances for longer periods of time.",କିନ୍ତୁ ଏହା ପରେ ସେ ନିଜ ପ୍ରଦର୍ଶନରେ ନିରନ୍ତରତା ବଜାୟ ରଖିପାରିନଥିଲେ।,ହେଲେ ତାଙ୍କର ଏହି ସମୟରେ ସେ ନିଜ ନିଜ ନିଜ ନିଜ ନିଜ ନିଜ ନିଜ ନିଜ ନିଜ ନିଜ ନିଜ ନିଜ ନିଜ ନିଜ ନିଜ ନିଜ ନିଜ ନିଜ ନିଜ ନିଜ ନିଜ ନିଜ ନିଜ ନିଜ ନିଜ ନିଜ ନିଜ ନିଜ ନିଜ ନିଜ ନିଜ ନିଜ ନିଜ ନିଜ ନିଜ ନିଜ ନିଜ ନିଜ ନିଜ ନିଜ ନିଜ ନିଜ ନିଜ ନିଜ ନିଜ ନିଜ ନିଜ ନିଜ ନିଜ ନିଜ ନିଜ ନିଜ ନିଜ ନିଜ ନିଜ ନିଜ ନିଜ ନିଜ ନିଜ ନିଜ ନିଜ ନିଜ ନିଜ ନିଜ ନିଜ ନିଜ ନିଜ ନିଜ ନିଜ ନିଜ ନିଜ ନିଜ ନିଜ ନିଜ ନିଜ ନିଜ ନିଜ ନିଜ ନିଜ ନିଜ ନିଜ ନିଜ ନିଜ ନିଜ ନିଜ ନିଜ ନିଜ ନିଜ ନିଜ ନିଜ ନିଜ ନିଜ ନିଜ ନିଜ ନିଜ ନିଜ ନିଜ ନିଜ ନିଜ ନିଜ ନିଜ ନିଜ ନିଜ ନିଜ ନିଜ ନିଜ ନିଜ ନିଜ ନିଜ ନିଜ ନିଜ ନିଜ ନିଜ ନିଜ ନିଜ ନିଜ ନିଜ ନିଜ ନିଜ ନିଜ
He visited all campuses of KIIT and various units of KISS.,ସେ କିଟ୍ର ସମସ୍ତ କ୍ୟାମ୍ପସ୍ ଓ କିସ୍ର ବିଭିନ୍ନ ବିଭାଗ ବୁଲ ଦେଖିଥିଲେ ।,ସେ ସମସ୍ତ ପ୍ରକାରରେ ଯୋଗ ଦେଇଥିଲେ ।
"But he was wounded for our transgressions, he was bruised for our iniquities: the chastisement of our peace was upon him. and with his stripes we are healed.",ମାତ୍ର ସେ ଆମ୍ଭମାନଙ୍କ ପାପ ଏବଂ ଅପରାଧ ନିମନ୍ତେ କ୍ଷତବିକ୍ଷତ ହେଲେ ଓ ଆମ୍ଭମାନଙ୍କର ଭୁଲ୍ କାର୍ୟ୍ଯ ପାଇଁ ସେ ଚୂର୍ଣ୍ଣ ହେଲେ। ସେ ଆମ୍ଭମାନଙ୍କର ଶାନ୍ତିଜନକ ଶାସ୍ତିକୁ ଆପଣାର କରି ଦେଲେ। ତାଙ୍କର କ୍ଷତ ରେ ଆମ୍ଭମାନେେ ଆରୋଗ୍ୟ ଲାଭ କଲୁ।,କିନ୍ତୁ ଆମ ପାଇଁ ସେ ନିଜ ନିଜ ନିଜ ନିଜ ନିଜ ନିଜ ନିଜ ନିଜ ନିଜ ନିଜ ନିଜ ନିଜ ନିଜ ନିଜ ନିଜ ନିଜ ନିଜ ନିଜ ନିଜ ନିଜ ନିଜ ନିଜ ନିଜ ନିଜ ନିଜ ନିଜ ନିଜ ନିଜ ନିଜ ନିଜ ନିଜ ନିଜ ନିଜ ନିଜ ନିଜ ନିଜ ନିଜ ନିଜ ନିଜ ନିଜ ନିଜ ନିଜ ନିଜ ନିଜ ନିଜ ନିଜ ନିଜ ନିଜ ନିଜ ନିଜ ନିଜ ନିଜ ନିଜ ନିଜ ନିଜ ନିଜ ନିଜ ନିଜ ନିଜ ନିଜ ନିଜ ନିଜ ନିଜ ନିଜ ନିଜ ନିଜ ନିଜ ନିଜ ନିଜ ନିଜ ନିଜ ନିଜ ନିଜ ନିଜ ନିଜ ନିଜ ନିଜ ନିଜ ନିଜ ନିଜ ନିଜ ନିଜ ନିଜ ନିଜ ନିଜ ନିଜ ନିଜ ନିଜ ନିଜ ନିଜ ନିଜ ନିଜ ନିଜ ନିଜ ନିଜ ନିଜ ନିଜ ନିଜ ନିଜ ନିଜ ନିଜ ନିଜ ନିଜ ନିଜ ନିଜ ନିଜ ନିଜ ନିଜ ନିଜ ନିଜ ନିଜ ନିଜ ନିଜ ନିଜ ନିଜ ନିଜ ନିଜ ନିଜ ନିଜ ନିଜ ନିଜ
He said it was a conspiracy to defame the state.,ରାଜ୍ୟକୁ ବଦନାମ କରିବା ପାଇଁ ଏହା ଏକ ଚାଲ୍ େବାଲି ବିଧାୟିକା କହିଥିଲେ।,ସେ କହିଛନ୍ତି ଯେ ରାଜ୍ୟ ସରକାର ଏକ ସ୍ୱତନ୍ତ୍ର ରାଜ୍ୟ ସରକାର ଗଠନ ପାଇଁ ଏକ ସ୍ୱତନ୍ତ୍ର ।
Sharma cleaned up opener Amritpal Singh on the third ball of his first over.,ପ୍ରଥମ ଓଭରର ତୃତୀୟ ବଲ୍ରେ ଇଶାନ୍ତ ଶର୍ମାଙ୍କ ଦ୍ୱାରା ସେ ବୋଲ୍ଡ ହୋଇଥିଲେ।,ପ୍ରଥମ ଥର ପାଇଁ ତାଙ୍କ ପ୍ରଥମ ଥର ପାଇଁ ଭାରତୀୟ କ୍ରିକେଟ୍ ଦଳର ଅଧିନାୟକ ବିରାଟ କୋହଲି ।
Police also recovered a body of a woman from the house.,ମହିଳାଙ୍କ ମୃତଦେହ ନିକଟରୁ ଏକ ସୁଇସାଇଡ ନୋଟ ମଧ୍ୟ ପୁଲିସ ଜବତ କରିଥିଲା।,ପୁଲିସ ମୃତଦେହ ଉଦ୍ଧାର କରି ଏକ ବଡ଼ରୁ ଏକ ବଡ଼ରୁ ଏକ ବଡ଼ରୁ ମୃତଦେହ ଜବତ କରିଛି।
Shah Rukh Khan's daughter Suhana Khan is one stunner and there is no doubt about it.,ମୁମ୍ବାଇ: ଶାହାରୁଖ ଖାନଙ୍କ ଝିଅ ସୁହାନା ଖାନ ଜଣେ ଷ୍ଟାର୍ ହୋଇ ସାରିଲେଣି ଏଥିରେ ତିଳେ ବି ସନ୍ଦେହ ନାହିଁ।,ଏହି ଫଟୋ ଓ ଜଣେ ଝିଅଙ୍କ ଝିଅଙ୍କ ଝିଅଙ୍କ ଝିଅଙ୍କ ଝିଅଙ୍କ ଝିଅର କଥା ନୁହେଁ।
%s: Could not exec %s %s %s,%s: %s %s %s କୁ ଚଳାଇ ପାରିଲା ନାହିଁ,%s: %sକୁ %s
The Award is conferred by the Government of India for outstanding contribution to the growth and development of Indian Cinema.,ଭାରତୀୟ ସିନେମାର ବିକାଶ ଏବଂ ଅଭିବୃଦ୍ଧିରେ ଉଲ୍ଲେଖନୀୟ ଯୋଗଦାନ ନିମନ୍ତେ ଭାରତ ସରକାରଙ୍କ ପକ୍ଷରୁ ଏହି ପୁରସ୍କାର ପ୍ରଦାନ କରାଯାଇଥାଏ ।,ଭାରତ ସରକାର ଭାରତ ସରକାର ବିକାଶ ପାଇଁ ବିକାଶ ପାଇଁ ଗୁରୁତ୍ୱପୂର୍ଣ୍ଣ ଭୂମିକା ଗ୍ରହଣ କରୁଛି ।
I smiled snidely.,ମୁଁ ମନେ ମନେ ହସିଲି।,ମୁଁ କିଛି ସମୟ ଧରିଥିଲି।
One terrorist was killed in a brief shoot out.,ପାଲଟା ଗୁଳିଚାଳନାରେ ଜଣେ ଆତଙ୍କବାଦୀ ନିହତ ହୋଇଥିଲେ।,ଏଥିରେ ଜଣେ ଯବାନ ସହିଦ ହୋଇଥିଲେ।
The guests gave awards to meritorious students.,କୃତିତ୍ୱ ଲାଭ କରିଥିବା ଛାତ୍ରଛାତ୍ରୀମାନଙ୍କୁ ଅତିଥିମାନେ ପୁରସ୍କୃତ କରିଥିଲେ।,ଛାତ୍ରଛାତ୍ରୀମାନଙ୍କ ଦ୍ୱାରା ସାଂସ୍କୃତିକ କାର୍ଯ୍ୟକ୍ରମ ପରିବେଷଣ କରିଥିଲେ ।
"Moreover, cinnamon is a rich source of dietary fiber, iron, calcium, and manganese.","ଏହା ବ୍ୟତୀତ ବ୍ଲାକ ରାଇସରେ କାଲସିଅମ୍, ମ୍ୟାଗ୍ନେସିଅମ୍, ଆଇରନ ତଥା ଜିଙ୍କ ଭଳି ତତ୍ତ୍ବ ମଧ୍ୟ ଅଧିକ ରହିଛି।","ଏହା ବ୍ୟତୀତ ଏହା ଏକ ବଡ଼ ଧରଣର, ସିନ୍, ସିନ୍, ସିନ୍, ସିନ୍, ସିନ୍, ସିନ୍, ସିନ୍, ସିନ୍, ସିନ୍, ସିନ୍, ସିନ୍, ସିନ୍, ସିନ୍, ସିନ୍, ସିନ୍, ସିନ୍, ସିନ୍, ସିନ୍, ସିନ୍, ସିନ୍, ସିନ୍, ସିନ୍, ସିନ୍, ସିନ୍, ସିନ୍, ସିନ୍, ସିନ୍, ସିନ୍, ସିନ୍, ସିନ୍, ସିନ୍, ସିନ୍, ସିନ୍, ସିନ୍, ସିନ୍, ସିନ୍, ସିନ୍, ସିନ୍, ସିନ୍, ସି"
He was removed to the hospital by his family for treatment.,ପରିବାର ଲୋକ ତାଙ୍କୁ ଚିକିତ୍ସା ଲାଗି ଆପୋଲୋ ହସ୍ପିଟାଲ୍ରେ ଭର୍ତ୍ତି କରିଥିଲେ।,ଚିକିତ୍ସା ପାଇଁ ତାଙ୍କୁ ଚିକିତ୍ସା ପାଇଁ ତାଙ୍କୁ ଚିକିତ୍ସା ପାଇଁ ତାଙ୍କୁ ଚିକିତ୍ସା ପାଇଁ ଭର୍ତ୍ତି କରାଯାଇଛି।
"While the police began investigation, the exact cause of the fire was yet to be ascertained.",ତେବେ ଅଗ୍ନିକାଣ୍ଡର ସଠିକ୍ କାରଣ ଜଣାପଡି ନଥିବା ବେଳେ ପୁଲିସ ତଦନ୍ତ ଆରମ୍ଭ କରିଛି ।,ତେବେ କେଉଁ କାରଣରୁ ନିଆଁ ଲାଗି ଯାଇ ତଦନ୍ତ ଜାରି ରଖିଛି ପୋଲିସ ।
"In such a situation, he has no other option.",ଏଭଳି ପରିସ୍ଥିତିରେ ତାଙ୍କ ପାଖରେ ଅନ୍ୟ କୌଣସି ଉପାୟ ନଥିଲା।,ତେବେ ଏଭଳି ସ୍ଥିତିରେ ଆଉ କିଛି ସ୍ଥିତି ବିଗିଡ଼ି ନାହିଁ।
Many questions have arisen over his death.,ତାଙ୍କ ମୃତ୍ୟୁ ସମୟରେ ଅନେକ ବିବାଦ ସୃଷ୍ଟି ହୋଇଥିଲା।,ତାଙ୍କ ମୃତ୍ୟୁ ହୋଇଥିବା ନେଇ ଅନେକ ପ୍ରଶ୍ନ କରିଛନ୍ତି।
She later quit her job.,ଏହା ପରେ ସେ ଚାକିରି ଛାଡି ଦେଇଥିଲା।,ପରେ ସେ ନିଜ ନିଜ ନିଜ ନିଜ ନିଜ ନିଜ ନିଜ ନିଜ ନିଜ ନିଜ ନିଜ ନିଜ ନିଜ ନିଜ ନିଜ ନିଜ ନିଜ ନିଜ ନିଜ ନିଜ ନିଜ ନିଜ ନିଜ ନିଜ ନିଜ ନିଜ ନିଜ ନିଜ ନିଜ ନିଜ ନିଜ ନିଜ ନିଜ ନିଜ ନିଜ ନିଜ ନିଜ ନିଜର କାମ କରିଥିଲେ।
Curfew in Mumbai,ମୁମ୍ବାଇରେ ଶିବକୁମାର ଅଟକ,ମୁମ୍ବାଇ: ମୁମ୍ବାଇ: ମୁମ୍ବାଇରେ
Is that Indira Gandhis real legacy?,"ତେବେ, ଏହା ଇନ୍ଦିରା ଗାନ୍ଧିଙ୍କ ଅନ୍ତ୍ୟେଷ୍ଟି କି ?",କ’ଣ କ’ଣ କ’ଣ କ’ଣ?
Pakistan ex-army chief and president Pervez Musharraf.,ଆଜି ଭୟଙ୍କର ସତ୍ୟର ଖୁଲାସା କରିଛନ୍ତି ପାକିସ୍ତାନର ପୂର୍ବତନ ରାଷ୍ଟ୍ରପତି ତଥା ପୂର୍ବତନ ସେନାମୁଖ୍ୟ ପରଭେଜ୍ ମୁସରଫ୍ ।,"ପାକିସ୍ତାନ ମୁଖ୍ୟମନ୍ତ୍ରୀ ତଥା ପାକିସ୍ତାନ ମୁଖ୍ୟମନ୍ତ୍ରୀ ତଥା ଅମିତ ଶାହ, ପାକିସ୍ତାନ ଓ ପାକିସ୍ତାନ ମୁଖ୍ୟମନ୍ତ୍ରୀ।"
Academy CEO Chandrika Dash and Divine Trust for Vision and Values managing trustee Bijay Kumar Dash coordinated the programme.,ଅନୁଷ୍ଠାନର ମୁଖ୍ୟ କାର୍ଯ୍ୟନିର୍ବାହୀ ଅଧିକାରୀ ଚନ୍ଦ୍ରିକା ଦାଶ ଓ ‘ଡିଭାଇନ୍ ଟ୍ରଷ୍ଟ ଫର୍ ଭିଜନ୍ ଆଣ୍ଡ୍ ଭାଲ୍ୟୁଜ୍ର’ ମ୍ୟାନେଜିଂ ଟ୍ରଷ୍ଟି ବିଜୟ କୁମାର ଦାଶ କାର୍ଯ୍ୟକ୍ରମ ପରିଚାଳନା କରିଥିଲେ।,"ଏହି କାର୍ଯ୍ୟକ୍ରମରେ ଯୋଗ ଦେଇ ଶ୍ରୀ ପ୍ରଧାନ, ଡି. କେ. କେ. କେ. କେ. କେ. କେ. କେ. କେ. କେ. କେ. କେ. କେ. କେ. କେ. କେ. କେ. କେ. କେ. କେ. କେ. କେ. କେ. କେ. କେ. କେ. କେ. କେ. କେ. କେ. କେ. କେ. କେ. କେ. କେ. କେ. କେ. କେ. କେ. କେ. କେ. କେ. କେ. କେ. କେ. କେ. କେ. କେ. କେ. କେ. କେ. କେ. କେ. କେ. କେ. କେ. କେ. କେ. କେ."
One such instance happened in Paris recently.,ଏଭଳି ଏକ ଘଟଣା ଘଟିଛି ଫ୍ରାନ୍ସର ରାଜଧାନୀ ପ୍ୟାରିସରେ ।,ନିକଟରେ ଏଭଳି ଏକ ଘଟଣା ଘଟିଛି।
It was later dropped.,ପରେ ଏହାକୁ କମ କରି ଦିଆଯାଇଥିଲା ।,ପରେ ଏହା ଥିଲା।
"Speaking on the occasion, Minister of Railways Coal, Shri Piyush Goyal underlined the importance of their role in the modernisation of the Railways.",ଏହି ଅବସରରେ କୋଇଲା ଓ ରେଳ ମନ୍ତ୍ରୀ ଶ୍ରୀ ପୀୟୁଷ ଗୋୟଲ ରେଳବାଇର ଆଧୁନିକୀକରଣରେ ଏହି କର୍ମଚାରୀ ଓ ଅଧିକାରୀମାନଙ୍କୁ ଭୂମିକାକୁ ପ୍ରଶଂସା କରିଥିଲେ ।,"ଏହି ଅବସରରେ ପ୍ରଧାନମନ୍ତ୍ରୀ ଶ୍ରୀ ନରେନ୍ଦ୍ର ମୋଦୀ ଆଜି, ଜାତୀୟ କ୍ରୀଡ଼ା କ୍ଷେତ୍ରରେ ଶ୍ରୀ ନରେନ୍ଦ୍ର ମୋଦୀ, ସଂସ୍କୃତିର ଆୟୋଜନ କରିଥିଲେ ।"
The driver then stopped the train.,ଏହାପରେ ଡ୍ରାଇଭର ଟ୍ରେନକୁ ଅଟକାଇଥିଲେ ।,ଏହାପରେ ଗାଡି ଚାଳକରୁ ଡ୍ରାଇଭରଙ୍କୁ ଡ୍ରାଇଭର।
Rewa MP Janardan Mishra was also present on the occasion.,ମଞ୍ଚରେ ବିଜେଡି ସାଂସଦ ରବୀନ୍ଦ୍ର ଜେନା ମଧ୍ୟ ଉପସ୍ଥିତ ଥିଲେ ।,ଏହି ଅବସରରେ ସାଂସଦ ହରିଚନ୍ଦନଙ୍କ ସମେତ ବହୁ ବରିଷ୍ଠ ନେତା ଉପସ୍ଥିତ ଥିଲେ।
This further became issue of conflict between Karnataka and Maharashtra.,ଏହା ପରେ କଙ୍ଗନା ଓ ମହାରାଷ୍ଟ୍ର ସରକାରଙ୍କ ମଧ୍ୟରେ ବିବାଦ ବଢିଯାଇଥିଲା ।,ଏହା ସହ ମହାରାଷ୍ଟ୍ର ଓ ମହାରାଷ୍ଟ୍ର ମଧ୍ୟରେ ରହିଛି।
"The Prime Minister said that Myanmar is a key pillar of Indias Act East Policy, and expressed his firm commitment to strengthen the bilateral relationship in all areas.",ପ୍ରଧାନମନ୍ତ୍ରୀ କହିଥିଲେ ଯେ ମିଁଆମାର ହେଉଛି ଭାରତର “ଆକ୍ଟ ଇଷ୍ଟ” ନୀତିର ଏକ ଦୃଢ଼ ସ୍ତମ୍ଭ ଏବଂ ସେ ଦୁଇ ଦେଶ ମଧ୍ୟରେ ଦ୍ୱିପାକ୍ଷିକ ସମ୍ପର୍କକୁ ସୁଦୃଢ଼ କରିବା ଦିଗରେ ନିଜର ଦୃଢ଼ ପ୍ରତିବଦ୍ଧତା ଦୋହରାଇଥିଲେ ।,"ପ୍ରଧାନମନ୍ତ୍ରୀ କହିଥିଲେ ଯେ, ଭାରତର ବିକାଶ ଏବଂ ଭାରତର ବିକାଶ ପାଇଁ ଭାରତର ବିକାଶ ପାଇଁ ପ୍ରଧାନମନ୍ତ୍ରୀଙ୍କ ସହ ଆଲୋଚନା କରିବା ପାଇଁ ପ୍ରଧାନମନ୍ତ୍ରୀଙ୍କ ସହ ଆଲୋଚନା ହେବ ।"
Thank u for your love.,ଆପଣଙ୍କ ସ୍ନେହ ପାଇଁ ଧନ୍ୟବାଦ।,ଆପଣଙ୍କ ପାଇଁ ଭଲ ଭାବେ ଧୋଇ ଦିଅନ୍ତୁ।
"BJP State vice-president Sameer Mohanty, State secretary Kalandi Samal, chief spokesperson Sajjan Sharma and Dillip Mohanty were present at the news conference.","ଆଜି ଦଳ ରାଜ୍ୟ କାର୍ଯ୍ୟାଳୟରେ ଆୟୋଜିତ ସାମ୍ବାଦିକ ସମ୍ମିଳନୀରେ ବିଜେପିର ରାଜ୍ୟ ମୁଖପାତ୍ର ସଜ୍ଜନ ଶର୍ମା, ଦିଲ୍ଲୀପ ମହାନ୍ତି, ରାଜ୍ୟ ସମ୍ପାଦକ କାଳନ୍ଦୀ ସାମଲ ପ୍ରମୁଖ ଉପସ୍ଥିତ ଥିଲେ।","ଏହି ଅବସରରେ ରାଜ୍ୟ ସଭାପତି ତଥା ବିଜେପି ବିଧାୟକ, ରାଜ୍ୟ ସଭାପତି ତଥା ବିଜେପି ବିଧାୟକ, ରାଜ୍ୟ ସଭାପତି ତଥା ବିଜେପି ବିଧାୟକ, ରାଜ୍ୟ ସଭାପତି ତଥା ବିଜେପି ବିଧାୟକ, ରାଜ୍ୟ ସଭାପତି ତଥା ବିଜେପି ବିଧାୟକ, ରାଜ୍ୟ ସଭାପତି ତଥା ବିଜେପି ବିଧାୟକ, ରାଜ୍ୟ ସଭାପତି ତଥା ବିଜେପି ବିଧାୟକ, ରାଜ୍ୟ ସଭାପତି ତଥା ବିଜେପି ବିଧାୟକ, ରାଜ୍ୟ ସଭାପତି ତଥା ବିଜେପି ନେତା ଉପସ୍ଥିତ ଥିଲେ।"
Later he was shifted to a government hospital.,ଯାହା ପରେ ସେଠାରୁ ତାଙ୍କୁ ସରକାରୀ ଡାକ୍ତରଖାନା ନିଆଯାଇଥିଲା ।,ପରେ ତାଙ୍କୁ କଟକ ବଡ଼ ମେଡ଼ିକାଲରେ ଭର୍ତ୍ତି କରାଯାଇଥିଲା।
Chief Secretary Asit Tripathy said that Mo Sarkar regime would transform the process of governance and will empower the people of Odisha.,"ମୁଖ୍ୟ ଶାସନ ସଚିବ ଅସିତ ତ୍ରିପାଠୀ ସ୍ୱାଗତ ଭାଷଣରେ କହିଥିଲେ ଯେ, ‘ମୋ ସରକାର’ ଶାସନ ପ୍ରକ୍ରିୟାରେ ପରିବର୍ତ୍ତନ ଆଣିବ ଏବଂ ଓଡିଶାର ଲୋକଙ୍କୁ ସଶକ୍ତ କରିବ।",ଏହି ବୈଠକରେ ମୁଖ୍ୟ ଶାସନ ସଚିବ ତଥା ମୁଖ୍ୟମନ୍ତ୍ରୀ ତଥା ଅନ୍ୟାନ୍ୟ ଆର୍ଥିକ ବର୍ଷରେ ଏହି ବୈଠକରେ ଯୋଗ ଦେବେ।
"Subsequently, the two developed a relationship.",ପରେ ଉଭୟଙ୍କ ମଧ୍ୟରେ ପ୍ରେମ ସମ୍ପର୍କ ଗଢି ଉଠିଥିଲା।,ପରେ ଦୁଇ ଜଣାଇବାକୁ ମଧ୍ୟ ବହୁତ ଭଲ ସମ୍ପର୍କ ରହିଛି।
A case in this connection has been registered at Rajpura City police station.,ଏ ନେଇ ରାଇରଙ୍ଗପୁର ଗ୍ରାମାଞ୍ଚଳ ଥାନାରେ ଏକ ମାମଲା ରୁଜୁ ହୋଇଛି।,ଏହି ଘଟଣାରେ ପୋଲିସ ଏକ ମାମଲା ରୁଜୁ ହୋଇଛି ।
Jeff Bezos as world's richest man,ବିଶ୍ୱର ସବୁଠୁ ଧନୀ ନମ୍ବର ୱାନ୍ ଜେଫ୍ ବେଜୋସ୍,ବିଶ୍ୱସ୍ତରରେ ଭାରତର ଏକ ବଡ଼ ଧରଣର ବିଶ୍ୱାଳ
Will you say no?,ହେବ ନା ନାହିଁ କହୁନ ?,ଆପଣ କେବେ ବି କ’ଣ ?
"The innumerable government officials, employees, officials in different positions in Municipal Corporation, officials who are supposed to give clearances at the Port and the airport and the people from the business world too have played a significant role in this.","ଏଭଳି ଅସଂଖ୍ୟ ସରକାରୀ ଅଧିକାରୀ, କର୍ମଚାରୀ, ଆମ ମହାନଗର ନିଗମରେ ଭିନ୍ନ ଭିନ୍ନ ପଦରେ ଅବସ୍ଥାପିତ ହୋଇଥିବା ଲୋକ, ବନ୍ଦର-ବିମାନବନ୍ଦରରେ ଅନୁମୋଦନ ପତ୍ର ଦେଉଥିବା ଅଧିକାରୀ-କର୍ମଚାରୀ ଏବଂ ଏହା ସହିତ ଉଦ୍ୟୋଗ ଜଗତର ଆପଣ ସମସ୍ତଙ୍କର ଏଥିରେ ବହୁତ ମହତ୍ୱପୂର୍ଣ୍ଣ ଭୂମିକା ରହିଛି ।","ଏହି ଅବସରରେ କେନ୍ଦ୍ର ସରକାରଙ୍କ ପକ୍ଷରୁ କୁହାଯାଇଛି ଯେ, ଦେଶର ବିଭିନ୍ନ ପଦକ୍ଷେପ, ଦେଶର ବିଭିନ୍ନ ପଦକ୍ଷେପ, ଦେଶର ବିଭିନ୍ନ ପଦକ୍ଷେପ ଓ ଦେଶର ବିଭିନ୍ନ ପଦକ୍ଷେପ ଗ୍ରହଣ କରାଯାଇଛି ।"
Tourism and Culture Minister Ashok Panda inaugurated the meet.,ସଂସ୍କୃତି ଓ ପର୍ଯ୍ୟଟନ ବିଭାଗ ମନ୍ତ୍ରୀ ଅଶୋକ ଚନ୍ଦ୍ର ପଣ୍ଡା ଏହାକୁ ଉନ୍ମୋଚନ କରିଥିଲେ।,ଏହି କାର୍ଯ୍ୟକ୍ରମରେ ଯୋଗ ଦେଇଥିଲେ ।
Nobody could believe their eyes.,ନିଜ ଆଖିକୁ କେହି ବିଶ୍ୱାସ କରି ପାରୁ ନଥାନ୍ତି ।,କେହି ବି କେହି ବି କେହି ବି ନାହିଁ।
How to Apply :,ଏମିତି କରନ୍ତୁ ଆବେଦନ:,କେମିତି କରିବେ:
It also raised a question over the law and order situation in the state.,ଏହାସହ ଏହି ଘଟଣାକୁ ନେଇ ରାଜ୍ୟରେ ଆଇନ ଶୃଙ୍ଖଳା ବ୍ୟବସ୍ଥାକୁ ନେଇ ମଧ୍ୟ ପ୍ରଶ୍ନ ଉଠିଛି ।,ଏହା ସହ ରାଜ୍ୟ ସରକାରଙ୍କ ସହ ସ୍ଥିତି ସମ୍ପର୍କରେ ଆଲୋଚନା କରିଥିଲେ ।
Police are investigating whether any other persons are involved in the incident.,ତେବେ ଏହି ଗ୍ୟାଙ୍ଗ୍ ରେ ଅନ୍ୟ ମାନଙ୍କ ସଂପୃକ୍ତିକୁ ନେଇ ପୋଲିସ ପଚରାଉଚରା କରୁଛି ।,ଅନ୍ୟ କୌଣସି ଘଟଣା ସମ୍ପର୍କରେ ପୋଲିସ ଘଟଣାର ତଦନ୍ତ ଜାରି ରଖିଛି ।
Thing have changed.,କଳେବର ବଦଳୁଛି।,ଅଧିକ ସମୟ ବଦଳିଗଲା ।
Family life will be happy and there will be love in the relationship.,ପରିବାରରେ ମନୋମାଳିନ୍ୟ ମେଣ୍ଟିଯିବ ଓ ଦାମ୍ପତ୍ୟ ଜୀବନ ଆନନ୍ଦମୟହେବ।,ପାରିବାରିକ ଜୀବନ ସୁଖମୟ ହେବ ।
The time is good for students.,ବିଦ୍ୟାର୍ଥିମାନଙ୍କପାଇଁ ବିଦ୍ୟାଧ୍ୟୟନ ପାଇଁ ଅନୁକୂଳ ସମୟ ଅଟେ।,ଛାତ୍ରଛାତ୍ରୀମାନଙ୍କ ପାଇଁ ବହୁତ ଭଲ।
"They have been admitted to the Government Institute of Medical Sciences, Noida.",ସଂକ୍ରମିତ ହେବା ପରେ ସେମାନଙ୍କୁ ଗ୍ରେଟର ନୋଏଡାର ସରକାରୀ ଇନଷ୍ଟିଚ୍ୟୁଟ୍ ଅଫ୍ ମେଡିକାଲ ସାଇନ୍ସରେ ଭର୍ତ୍ତି କରାଯାଇଛି।,ସେମାନେ ସରକାର ଗଠନ ପାଇଁ କୌଣସି ପ୍ରକାର ବ୍ୟବସ୍ଥା କରାଯାଇଛି ।
Among the projects being inaugurated are: 6-Lane Cable Stayed Bridge across river Chambal at Kota 4 Laning of Gomati Chauraha - Udaipur section of NH-8 and 4-Laning of Rajsamand-Bhilwara section of NH-758.,"ଆସନ୍ତାକାଲି ଉଦ୍ଘାଟିତ ହେବାକୁ ଥିବା ପ୍ରକଳ୍ପଗୁଡିକ ହେଲା – କୋଟାଠାରେ ଚମ୍ବଲ ନଦୀ ଉପରେ ଆଧୁନିକ 6 ଲେନ ବିଶିଷ୍ଟ କେବଲ-ସେତୁ, ଜାତୀୟ ରାଜପଥ ନମ୍ବର – 8 ମଧ୍ୟରେ ଥିବା ଗୋମତୀ ଚୌରାହା – ଉଦୟପୁର ସେକ୍ସନର 4 ଲେନ ସଡକ, ଜାତୀୟ ରାଜପଥ – 758ର ରାଜସମନ୍ଦ – ଭିଲୱାରା ସେକ୍ସନର 4 ଲେନ ସଡକ ।","ନୂଆଦିଲ୍ଲୀ: ଜାତୀୟ ରାଜପଥ, 45 ଜଣ ଭାରତୀୟ ଜନତା ପାର୍ଟିର ୩.୫୯୯୯୯୯୯୯୯୯୯୯୯୯୯୯୯୯୯୯୯୯୯୯୯୯୯୯୯୯୯୯୯୯.୫.୫.୫.୫.୫.୫.୫.୫."
"The BJP parliamentary board has selected JP Nadda as working president, senior leader and defence minister Rajnath Singh told reporters.",ବିଜେପି ସଂସଦୀୟ ଦଳ ଜେପି ନଡ୍ଡାଙ୍କ ନାମକୁ କାର୍ଯ୍ୟକାରୀ ଅଧ୍ୟକ୍ଷ ଭାବେ ସୀକୃତି ଦେଇଥିବା କଥା ବରିଷ୍ଠ ବିଜେପି ନେତା ତଥା ପ୍ରତିରକ୍ଷାମନ୍ତ୍ରୀ ରାଜନାଥ ସିଂ ସୂଚନା ଦେଇଛନ୍ତି ।,ଏହି ବୈଠକରେ ବିଜେପି ନେତା ତଥା ମୁଖ୍ୟମନ୍ତ୍ରୀ ମମତା ବାନାର୍ଜୀ ଓ ବରିଷ୍ଠ ନେତା ନରସିଂହ ମିଶ୍ରିତ କରିଛନ୍ତି।
There is no where it is going.,କେଉଁ ସ୍ଥାନରେ ପଡ଼ୁଛି ତ କେଉଁ ସ୍ଥାନରେ ନାହିଁ ।,ଏହାକୁ ନେଇ କୌଣସି ପ୍ରତିକ୍ରିୟା ମିଳିପାରିନାହିଁ ।
The odds of their occurring are shortening.,ସେମାନଙ୍କ ବଂଚୀବା ସମ୍ଭାବନା କ୍ଷୀଣ ହେବାରେ ଲାଗିଛି।,ଚାଷ ଜମିଜଳାରୁ ଛଡ଼ାଟି ଛଡ଼ାଟି ଛଡ଼ାଟି ଯାଇଛି।
"""You would agree that such silence is a bad sign for any democratic party,"""" it said.""",ଆପଣ ଏଥିରେ ରାଜିହେବେ ଯେ ଏପ୍ରକାର ନିରବ ରହିବା ଯେ କୌଣସି ଗଣତାନ୍ତ୍ରିକ ଦଳ ପାଇଁ ଖରାପ ସଙ୍କେତ।,ସେ କହିଛନ୍ତି ଯେ କୌଣସି ନେତା ନରସିଂହ ମିଶ୍ର ବୋଲି କହିଛନ୍ତି।
Those with serious injuries have been sent to the Cuttack Medical College.,ଗୁରୁତର ଆହତ କେଦାର ଗୋଛାୟତକୁ କୋଶଳା ମେଡିକାଲରେ ଭର୍ତ୍ତି କରାଯାଇଛି ।,ଗୁରୁତର ଅବସ୍ଥାରେ ଉଦ୍ଧାର କରି ବ୍ୟବଚ୍ଛେଦ ପାଇଁ କଟକ ବଡ଼ ମେଡିକାଲକୁ ସ୍ଥାନାନ୍ତର କରାଯାଇଛି।
The government also knows it well.,ରାଜ୍ୟ ସରକାର ମଧ୍ୟ କିଛି କିଛି ଜାଣିଛନ୍ତି।,ଏହା ମଧ୍ୟ ସରକାର ମଧ୍ୟ ଭଲ କାମ କରିଛନ୍ତି।
"Finally, the police managed to nab him.",ଶେଷରେ ଏହି ଗ୍ୟାଙ୍ଗକୁ ଧରିବାରେ ପୋଲିସ ସଫଳ ହୋଇଛି ।,ତେବେ ପୋଲିସ ତାଙ୍କୁ ଅଟକ ରଖି ପଚରାଉଚରା କରୁଛି।
"Her father Abhishek Bachchan, her mother Aishwarya Rai Bachchan, her paternal grandmother Jaya Bachchan, as well as her maternal grandmother Vrinda Rai, her aunt Shweta Bachchan Nanda, were present at the event.","ଏହି ପାର୍ଟିରେ ଜେଜେବାପା ଅମିତାଭ ବଚ୍ଚନ, ଜେଜେମାଆ ଜୟା ବଚ୍ଚଚ, ପିଉସୀ ଶ୍ବେତା, ବାପା ଅଭିଷେକ ଓ ମାଆ ଐଶ୍ବର୍ଯ୍ୟା ଆଦି ସମସ୍ତେ ଉପସ୍ଥିତ ଥିବାର ଦେଖିବାକୁ ମିଳିଛନ୍ତି।",ତାଙ୍କ ବାପାଙ୍କ ବାପାଙ୍କ ବାପାଙ୍କ ବାପାଙ୍କ ବାପାଙ୍କ ବାପାଙ୍କ ବାପାଙ୍କ ବାପାଙ୍କ ବାପାଙ୍କ ବାପାଙ୍କ ବାପାଙ୍କ ବାପାଙ୍କ ବାପାଙ୍କ ବାପାଙ୍କ ବାପାଙ୍କ ବାପାଙ୍କ ବାପାଙ୍କ ବାପାଙ୍କ ବାପାଙ୍କ ବାପାଙ୍କ ବାପାଙ୍କ ବାପାଙ୍କ ବାପାଙ୍କ ବାପାଙ୍କ ବାପାଙ୍କ ବାପାଙ୍କ ବାପାଙ୍କ ବାପାଙ୍କ ବାପାଙ୍କ ବାପାଙ୍କ ବାପାଙ୍କ ବାପାଙ୍କ ବାପାଙ୍କ ବାପାଙ୍କ ବାପାଙ୍କ ବାପାଙ୍କ ବାପାଙ୍କ ବାପାଙ୍କ ବାପାଙ୍କ ବାପାଙ୍କ ବାପାଙ୍କ ବାପାଙ୍କ ବାପାଙ୍କ ବାପାଙ୍କ ବାପାଙ୍କ ବାପାଙ୍କ ବାପାଙ୍କ ବାପାଙ୍କ ବାପାଙ୍କ ବାପାଙ୍କ ବାପାଙ୍କ ବାପାଙ୍କ ବାପାଙ୍କ ବାପାଙ୍କ ବାପାଙ୍କ ବାପାଙ୍କ ବାପାଙ୍କ ବାପାଙ୍କ ବାପାଙ୍କ ବାପାଙ୍କ ବାପାଙ୍କ ବାପାଙ୍କ
They also stated that a case had been filed and that they had started an investigation into the incident.,ଏହା ସହ ଏନେଇ ଏକ ମାମଲା ରୁଜୁ ସହ ଘଟଣାର ତଦନ୍ତ କରାଯାଉଥିବା ପ୍ରକାଶ କରିଛନ୍ତି।,ଏହି ଘଟଣାରେ ପୁଲିସ ଏକ ମାମଲା ରୁଜୁ କରି ତଦନ୍ତ ଆରମ୍ଭ କରାଯାଇଛି ।
Both the teams will look to win the series.,ସିରିଜ ହାତେଇବା ଲକ୍ଷ୍ୟରେ ଉଭୟ ଟିମ୍।,ଉଭୟ ଦଳ ପାଇଁ ଦଳ ପାଇଁ ଦଳ ଗଠନ କରିବେ।
Their valour and sacrifice will never be forgotten.,ସେମାନଙ୍କ ସାହସ ଏବଂ ବଳିଦାନ କେବେ ହେଲେ ଭୁଲି ହେବ ନାହିଁ ।,ସେମାନଙ୍କ ମଧ୍ୟରୁ ଅଧିକାଂଶ ସମୟରେ ସେମାନଙ୍କ ପରିଚୟ ମିଳିବେ ନାହିଁ।
Time consumes all.,ଘଣ୍ଟା ସମସ୍ତଙ୍କୁ ସମୟ ବତାଇଥାଏ ।,ସମୟ ଅତିବାହିତ ହୋଇଥାଏ।
All were affected.,ଏଥିରେ ସମସ୍ତେ ଆହତ ହୋଇଥିଲେ।,ସମସ୍ତ ପ୍ରକାର ମଧ୍ୟ ପ୍ରଭାବିତ ହୋଇଛି।
"""Itll start soon,"""" Paradip additional district magistrate Surajit Das said.""",ଅଂଚଳରେ କାମ ଆରମ୍ଭ ହେବ ବୋଲି ପାରାଦୀପ ଅତିରିକ୍ତ ଜିଲ୍ଲାପାଳ ସୁରଜିତ୍ ଦାସ କହିଛନ୍ତି ।,"ଏନେଇ ଏକ ବିଜ୍ଞପ୍ତି ପ୍ରକାଶ ଜାଭେନ୍ କହିଛନ୍ତି, “ଆନ୍ କହିଛନ୍ତି, “ଆନ୍ ଏପିଏମଓଁଙ୍କ ନିର୍ଦ୍ଦେଶ ଦେଇଛନ୍ତି।"
The local residents are facing severe problems.,ସ୍ଥାନୀୟ ଅଞ୍ଚଳର ଲୋକମାନେ ଅନେକ ଅସୁବିଧାର ସମ୍ମୁଖୀନ ହେଉଛନ୍ତି।,ସ୍ଥାନୀୟ ଲୋକେ ସ୍ଥାନୀୟ ଲୋକେ ସ୍ଥାନୀୟ ଲୋକେ ଅସୁବିଧାର ସମ୍ମୁଖୀନ ହେଉଛନ୍ତି।
Pakistan are out of the World Cup,ପାକିସ୍ତାନ ବିଶ୍ୱକପ୍ରୁ ଆଉଟ୍,ପାକିସ୍ତାନ ପାଇଁ ପାକିସ୍ତାନ
The family in this regard submitted a complaint to the local police.,ଏ ନେଇ ପରିବାର ଲୋକେ ନିକଟସ୍ଥ ଥାନାରେ ଲିଖିତ ଅଭିଯୋଗ କରିଥିଲେ।,ଏ ନେଇ ସ୍ଥାନୀୟ ଲୋକେ ଥାନାରେ ଅଭିଯୋଗ କରିଛନ୍ତି।
The International Court of Justice (ICJ) was ruling on Indias complaint against Pakistan asserting breaches of the Vienna Convention on consular access.,ପାକିସ୍ତାନ ଭିଏନା ଚୁକ୍ତି ଉଲ୍ଲଂଘନ କରିଥିବା ନେଇ ଇଣ୍ଟରନ୍ୟାସନାଲ କୋର୍ଟ ଅଫ୍ ଜଷ୍ଟିସ୍ (ଆଇସିଜେ)ର ଭର୍ତ୍ସନା ପରେ ପାକିସ୍ତାନ ଏହି ନିଷ୍ପତ୍ତି ନେଇଛି।,ପାକିସ୍ତାନ ପ୍ରଧାନମନ୍ତ୍ରୀଙ୍କ ବିରୋଧରେ ଦୃଢ଼ କାର୍ଯ୍ୟାନୁଷ୍ଠାନ ଗ୍ରହଣ କରାଯାଇଥିବା ବେଳେ ପାକିସ୍ତାନ ପ୍ରଧାନମନ୍ତ୍ରୀଙ୍କ ବିରୋଧରେ ମାମଲା ରୁଜୁ ହୋଇଛି।
You will get respect for social work.,ସାମାଜିକ କାର୍ଯ୍ୟ ପାଇଁ ଆପଣ ସମ୍ମାନ ପାଇବେ।,ସାମାଜିକ କାର୍ଯ୍ୟରେ ସଫଳତା ପାଇଁ କାମ କରିବେ।
"On being informed, the police reached at the spot and started investigating.",ଖବର ପାଇ ଅଇଁଠାପାଲି ପୋଲିସ ଘଟଣାସ୍ଥଳରେ ପହଞ୍ଚି ତଦନ୍ତ ଆରମ୍ଭ କରିଛି ।,ଖବର ପାଇ ପୋଲିସ ଘଟଣାସ୍ଥଳରେ ପହଞ୍ଚି ତଦନ୍ତ ଆରମ୍ଭ କରିଛି ।
No one is responsible for my death.,ମୋ ଆତ୍ମହତ୍ୟା ପାଇଁ କେହି ବି ଦାୟୀ ନାହାଁନ୍ତି ।,ମୋ ପାଇଁ କେହି ବି ନାହିଁ।
Then Vijay Shankar was there and he got injured.,ଆଉ ଏହା ପରେ ବିଜୟ ଶଙ୍କର ମଧ୍ୟ ଆହତ ହୋଇଥିଲେ।,ଏହାପରେ ସେ ଗୁରୁତର ଅବସ୍ଥାରେ ଉଦ୍ଧାର କରି ନେଇଥିଲେ।
His mother work as a nurse.,ଏବଂ ତାଙ୍କ ମାଆ ଜଣେ ନର୍ସ ଭାବେ କାମକରୁଥିଲେ ।,ତାଙ୍କ ମା’ ମା’ ମା’ ମା’ ମା’ ମା’ ମା’ ମା’ ମା’ ମା’ ମା’ ମା’ ମା’ ମନ ଭଲ କାମ କରୁଛନ୍ତି।
The incident has caused a stir in the area.,ଏ ଘଟଣା ଅଞ୍ଚଳରେ ଆଲୋଡ଼ନ ସୃଷ୍ଟି କରିଛି।,ଏହି ଘଟଣା ସ୍ଥାନୀୟ ଅଞ୍ଚଳରେ ଉତ୍ତେଜନା ସୃଷ୍ଟି ହୋଇଛି।
"A bench of Justice Banumathi, Justice Ashok Bhushan and Justice AS Bopanna heard the arguments.","ଏ ନେଇ ସୁପ୍ରିମକୋର୍ଟର ଜଷ୍ଟିସ୍ ଆର୍ ଭାନୁମତି, ଜଷ୍ଟିସ୍ ଅଶୋକ ଭୂଷଣ, ଜଷ୍ଟିସ୍ ଏଏସ୍ ବୋପନ୍ନା ଗଠିତ ଖଣ୍ଡପୀଠରେ ରାୟ ଶୁଣାଇଛନ୍ତି ।",ଜଷ୍ଟିସ ଜଷ୍ଟିସ ଜଷ୍ଟିସ ଜଷ୍ଟିସ ଜଷ୍ଟିସ ଜଷ୍ଟିସ ଜଷ୍ଟିସ ଜଷ୍ଟିସ ଜଷ୍ଟିସ ଜଷ୍ଟିସ ଜଷ୍ଟିସ ଜଷ୍ଟିସ ଜଷ୍ଟିସ ଜଷ୍ଟିସ ଜଷ୍ଟିସ ଜଷ୍ଟିସ ଜଷ୍ଟିସ ଜଷ୍ଟିସ ଜଷ୍ଟିସ ଜଷ୍ଟିସ ଜଷ୍ଟିସ ଜଷ୍ଟିସ ଜଷ୍ଟିସ ଜଷ୍ଟିସ ଜଷ୍ଟିସ ଜଷ୍ଟିସ ଜଷ୍ଟିସ ଜଷ୍ଟିସ ଜଷ୍ଟିସ ଜଷ୍ଟିସ ଜଷ୍ଟିସ ଜଷ୍ଟିସ ଜଷ୍ଟିସ ଜଷ୍ଟିସ ଜଷ୍ଟିସ ଜଷ୍ଟିସ ଜଷ୍ଟିସ ଜଷ୍ଟିସ ଜଷ୍ଟିସ ଜଷ୍ଟିସ ଜଷ୍ଟିସ ଜଷ୍ଟିସ ଜଷ୍ଟିସ ଜଷ୍ଟିସ ଜଷ୍ଟିସ ଜଷ୍ଟିସ ଜଷ୍ଟିସ ଜଷ୍ଟିସ ଜଷ୍ଟିସ ଜଷ୍ଟିସ ଜଷ୍ଟିସ ଜଷ୍ଟିସ ଜଷ୍ଟିସ ଜଷ୍ଟିସ ଜଷ୍ଟିସ ଜଷ୍ଟିସ ଜଷ୍ଟିସ ଜଷ୍ଟିସ ଜଷ୍ଟିସ ଜଷ୍ଟିସ ଜଷ୍ଟିସ ଜଷ୍ଟିସ ଜଷ୍ଟିସ ଜଷ୍ଟିସ ଜଷ୍ଟିସ ଜଷ୍ଟିସ ଜଷ୍ଟିସ ଜଷ୍ଟିସ ଜଷ୍ଟିସ ଜଷ୍ଟିସ ଜଷ୍ଟିସ ଜଷ୍ଟିସ ଜଷ୍ଟିସ ଜଷ୍ଟିସ ଜଷ୍ଟିସ ଜଷ୍ଟିସ ଜଷ୍ଟିସ ଜଷ୍ଟିସ ଜଷ୍ଟିସ ଜଷ୍ଟିସ ଜଷ୍ଟିସ ଜଷ୍ଟିସ ଜଷ୍ଟିସ ଜଷ୍ଟିସ ଜଷ୍ଟିସ ଜଷ୍ଟିସ ଜଷ୍ଟିସ ଜଷ୍ଟିସ ଜଷ୍ଟିସ ଜଷ୍ଟିସ ଜଷ୍ଟିସ ଜଷ୍ଟିସ ଜଷ୍ଟିସ ଜଷ୍ଟିସ ଜଷ୍ଟିସ ଜଷ୍ଟିସ ଜଷ୍ଟିସ ଜଷ୍ଟିସ ଜଷ୍ଟିସ ଜଷ୍ଟିସ ଜଷ୍ଟିସ ଜଷ୍ଟିସ ଜଷ୍ଟିସ ଜଷ୍ଟିସ ଜଷ୍ଟିସ ଜଷ୍ଟିସ ଜଷ୍ଟିସ ଜଷ୍ଟିସ ଜଷ୍ଟିସ ଜଷ୍ଟିସ ଜଷ୍ଟିସ ଜଷ୍ଟିସ ଜଷ୍ଟିସ ଜଷ୍ଟିସ ଜଷ୍ଟିସ ଜଷ୍ଟିସ ଜଷ୍ଟିସ ଜଷ୍ଟିସ ଜଷ୍ଟିସ ଜଷ୍ଟିସ ଜଷ୍ଟିସ ଜଷ୍ଟିସ ଜଷ୍ଟିସ ଜଷ୍ଟିସ ଜଷ୍ଟିସ
"However, I dont want my education to suffer.",ତା’ ସତ୍ତ୍ୱେ ମୁଁ ଶିକ୍ଷାରେ କୌଣସି ଅବହେଳା କରିବାକୁ ଚାହୁଁନାହିଁ।,ହେଲେ ମୋତେ କିଛି ବି ମୋତେ କିଛି ନାହିଁ।
Many BJP leaders attended the event.,ଏହି ଅବସରରେ ବହୁ ବିଜେପି ନେତା ଯୋଗଦାନ କରିଥିଲେ ।,ଏହି କାର୍ଯ୍ୟକ୍ରମରେ ବହୁ ନେତା ଯୋଗ ଦେଇଥିଲେ।
Questions arose.,ପ୍ରଶ୍ନବାଚୀ ସୃଷ୍ଟି ହୋଇଥିଲା ।,ଗୋଟିଏ ଭଲ ପ୍ରଦର୍ଶନ କରନ୍ତୁ।
"Later, winners of various competitions were given prizes.",ପରେ ବିଭିନ୍ନ କ୍ଷେତ୍ରର କୃତୀ ପ୍ରତିଯୋଗୀଙ୍କୁ ପୁରସ୍କାର ପ୍ରଦାନ କରାଯାଇଥିଲା।,ପରେ ବିଭିନ୍ନ ପୁରସ୍କାର ପ୍ରଦାନ କରାଯାଇଥିଲା ।
Local residents are delighted.,ଯାହାକୁ ମନଭରି ଉପଭୋଗ କରନ୍ତି ସ୍ଥାନୀୟ ଲୋକେ ।,ଲୋକେଁ ଗ୍ରାମବାସୀ ।
But no one saw her.,କିନ୍ତୁ ତାଙ୍କୁ କେହି ଦେଖୁନଥିଲେ।,କିନ୍ତୁ କେହି ବି ତାଙ୍କ ପାଖରେ ନାହିଁ।
"Their education, knowledge, creativity, innovation abilities and an undaunted spirit to conquer the world will decide the future of the nation.","ସେମାନଙ୍କର ଶିକ୍ଷା, ଜ୍ଞାନ, ସୃଜନଶୀଳତା, ଅଭିନବୀକରଣ କ୍ଷମତା, ଦୁନିଆକୁ ଜିତିବାର ଅଦମ୍ୟ ଭାବନା ରାଷ୍ଟ୍ରର ଭବିଷ୍ୟତ ନିଷ୍ପତ୍ତି ନେବ ।",ସେମାନଙ୍କ ମଧ୍ୟରୁ ଅଧିକାଂଶ ସମୟରେ ବିଶ୍ୱସ୍ତରୀୟ ଓ ଶିକ୍ଷା ପ୍ରଦାନ କରିବ ।
The national flag will be hoisted on both the borders.,ଜାତୀୟ ପତାକାର ଉଭୟ ପାଶ୍ୱର୍କୁ ଧରି ଅବତରଣ କରୁଛନ୍ତି ।,ଉଭୟ ପକ୍ଷଙ୍କ ମଧ୍ୟରେ ବୁଝାମଣା କରାଯିବ ।
CBI did not name the officials.,ତେବେ ସିବିଆଇ ଅଧିକାରୀମାନେ ଏମାନଙ୍କ ନାମ ପ୍ରକାଶ କରୁନାହାନ୍ତି।,ସିବିଆଇ ତଦନ୍ତ ପାଇଁ ସିବିଆଇ ତଦନ୍ତ ନିର୍ଦ୍ଦେଶ ଦେଇଥିଲେ।
Congress leader Rakesh Yadav shot dead in Bihar,ଆଜି ସକାଳେ ବିହାରର କଂଗ୍ରେସ ମୁଖ୍ୟ ରାକେଶ ଯାଦବଙ୍କୁ ଗୁଳିକରି ହତ୍ୟା କରାଯାଇଛି ।,"କଂଗ୍ରେସ ନେତା ନରସିଂହ ମିଶ୍ର, କଂଗ୍ରେସ ନେତା ଓ କଂଗ୍ରେସର ବରିଷ୍ଠ ନେତା"
Sleep well at night,ରାତିରେ ଭଲ ନିଦ ହୋଇଥାଏ ।,ରାତି ରାତିରେ ବନ୍ଦ କରନ୍ତୁ
These viruses are transmitted between animals and people.,ଏହି ଭାଇରସ୍ ପଶୁ ଓ ମଣିଷଙ୍କୁ ଏକା ସାଙ୍ଗରେ ସଂକ୍ରମିତ କରିଥାଏ।,ଏହି ସମୟରେ ଲୋକେ ବହୁ ଲୋକଙ୍କ ଜୀବନ ସୁଖୀ ଓ ଲୋକଙ୍କ ଜୀବନତା ବୃଦ୍ଧି ହୋଇଥାଏ।
The Bill will replace the Medical Council of India (MCI) by a National Medical Commission.,ଏହି ବିଲକୁ ଅନୁମୋଦନ ମିଳିବା ପରେ ମେଡିକାଲ କାଉନସିଲ ଅଫ ଇଣ୍ଡିଆ(ଏମସିଆଇ) ସ୍ଥାନରେ ଜାତୀୟ ମେଡିକାଲ କମିସନ ପ୍ରତିଷ୍ଠା କରାଯିବ।,(ଆଇ) ପକ୍ଷରୁ ଆୟୋଜିତ ଏକ ସ୍ୱତନ୍ତ୍ର ବିଭାଗ ପକ୍ଷରୁ ଆୟୋଜିତ ଏକ ସ୍ୱତନ୍ତ୍ର ବିଭାଗ ପକ୍ଷରୁ ଆୟୋଜିତ କରାଯିବ ।
"The NGT has said that if Delhi government is unable to pay the fine, a fine of Rs 10 crore would be imposed every month.",ଯଦି ସରକାର ଠିକଣା ସମୟରେ ଫାଇନ୍ ଦେବାକୁ ଅସମର୍ଥ ହେବେ ତା’ହେଲେ ପ୍ରତି ମାସରେ ଅଧିକ ୧୦ କୋଟି ଟଙ୍କା ଲେଖାଏ ଜୋରିମାନା ଭରିବାକୁ ପଡ଼ିବ ବୋଲି ଏନ୍ଜିଟି ନିର୍ଦ୍ଦେଶ ଦେଇଛନ୍ତି।,ଦିଲ୍ଲୀ ସରକାର ଦେଶରେ ୧୦ ଲକ୍ଷ ଟଙ୍କା ଖର୍ଚ୍ଚ ହେବ ବୋଲି ସରକାର କହିଛନ୍ତି।
So there is no question of that.,ତେଣୁ ଏଥିରେ ଦ୍ୱିମତ ନାହିଁ।,ତେଣୁ ଏପରି ପ୍ରଶ୍ନ ।
Historic decision,ଐତିହାସିକ ନିଷ୍ପତ୍ତି,ନିଷ୍ପତ୍ତି
The relationship is good.,ଫଳରେ ସଂପର୍କ ଉତ୍ତମ ରହିଥାଏ ।,ଭଲ ସମ୍ପର୍କ ରହିଛି।
"His son, Nara Lokesh, and several other TDP leaders have also been put under house arrest, it was reported.","ଚନ୍ଦବାବୁ ,ତାଙ୍କ ପୁଅ ନର ଲୋକେଶ ଏବଂ ଅନ୍ୟ କେତେକ ଟିଡିପି ନେତାଙ୍କୁ ମଧ୍ୟ ଗୃହବନ୍ଦୀ କରାଯାଇଛି ।",ତାଙ୍କ ସହ ଅନେକ ସ୍ଥାନରେ ଥିବା ବେଳେ ଅନ୍ୟ କେତେକ ସ୍ଥାନରେ ଥିବା ବେଳେ ଅନ୍ୟ କେତେକ ସ୍ଥାନରେ ଥିବା ବେଳେ ଅନ୍ୟ କେତେକ ସ୍ଥାନରେ ଥିବା ବେଳେ ଅନ୍ୟ କେତେକ ସ୍ଥାନରେ ଥିବା ବେଳେ ଅନ୍ୟ କେତେକ ସ୍ଥାନରେ ରହିଛନ୍ତି।
The Modi government has taken a number of steps in this direction.,ଏଥିପାଇଁ ଅନେକ ବଡ ବଡ ପଦକ୍ଷେପ ମଧ୍ୟ ନେଇ ସାରିଛନ୍ତି ମୋଦି ।,ଏହି ପଦକ୍ଷେପ ନେଇ ମୋଦି ସରକାର ଅନେକ ପଦକ୍ଷେପ ନେଇଛନ୍ତି।
The police reached the spot but could not find the body there.,ଲୋକଙ୍କଠୁ ଖବର ପାଇ ପୋଲିସ ଘଟଣା ସ୍ଥଳରେ ପହଞ୍ଚିଥିଲେ ମଧ୍ୟ ଏଯାଏଁ ଶବକୁ ଉଦ୍ଧାର କରିନାହିଁ ।,ଖବର ପାଇ ପୁଲିସ ଘଟଣାସ୍ଥଳରେ ପହଞ୍ଚି ମୃତଦେହ ଉଦ୍ଧାର କରି ପାରିନଥିଲେ।
"But with your blessings, I have decided to set up a modern museum in Delhi with all the former Prime Ministers.",ମାତ୍ର ଆପଣ ମାନଙ୍କ ଆଶୀର୍ବାଦ ଫଳରେ ମୁଁ ନିଷ୍ପତ୍ତି ଗ୍ରହଣ କରିଛି କି ଦିଲ୍ଲୀରେ ସମସ୍ତ ପୂର୍ବତନ ପ୍ରଧାନମନ୍ତ୍ରୀଙ୍କର ଏକ ବହୁତ ବଡ ଆଧୁନିକ ମ୍ୟୁଜିୟମ ନିର୍ମାଣ କରାଯିବ ।,କିନ୍ତୁ ଆଜି ମୁଁ ଆଜି ମୁଁ ଆଜି ପ୍ରଧାନମନ୍ତ୍ରୀଙ୍କ ସହିତ ସମସ୍ତ ପ୍ରକାରରେ ମୁଁ ଆଜି ପ୍ରଧାନମନ୍ତ୍ରୀଙ୍କ ସହିତ ସମସ୍ତ ପ୍ରକାର ନିଷ୍ପତ୍ତି ନେଇଛି ।
Blood stains were found in the nose and ears of the deceased.,ମୃତକଙ୍କ ମୁହଁ ଓ ନାକରେ ରକ୍ତ ଲାଗିଥିବା ଦେଖିବାକୁ ମିଳିଥିଲା।,ମୃତକମାନେ ସମସ୍ତ ମୃତକ ଓ ଜାଲଙ୍କ ମୃତଦେହ ଉଦ୍ଧାର କରାଯାଇଛି ।
But he didnt give up.,କିନ୍ତୁ ସେ ହାର ମାନିନଥିଲେ।,କିନ୍ତୁ ସେ ଆଉ କିଛି କ୍ଷତି ହୋଇନାହିଁ।
"With this spirit, saluting those brave-hearts, all of you say along with me - Bharat Mata ki Jai Bharat Mata ki Jai",ଏହି ଏକ ଭାବନାର ସହିତ ସେହି ବୀରମାନଙ୍କୁ ପ୍ରଣାମ କରି ଆପଣ ସମସ୍ତେ ମୋ ସହିତ କୁହନ୍ତୁ- ଭାରତ ମାତା କୀ – ଜୟ ଭାରତ ମାତା କୀ – ଜୟ ଭାରତ ମାତା କୀ – ଜୟ ବହୁତ ବହୁତ ଧନ୍ୟବାଦ ।,ଏହି ଅବସରରେ ଭାରତ-ବିଦ୍ୟାଳୟରେ ‘ବିଚାରିକାଲ’ର’ର’ର’ର’ର’ର’ର’ରାଇଟେନ୍’ରାଇଟେନ୍’ର ସହ ଜଡ଼ିତ ନୂଆ ଭାରତ’ର ସହ ଜଡ଼ିତ ପ୍ରଦାନ କରିଥିଲେ ।
"And they shall keep all the instruments of the tabernacle of the congregation, and the charge of the children of Israel, to do the service of the tabernacle.",ପୁଣି ସମାନେେ ସମାଗମ ତମ୍ବୁର ସବୋକାର୍ୟ୍ଯ କରିବା ସମୟରେ ସମାଗମ ତମ୍ବୁର ସମସ୍ତ ଦ୍ରବ୍ଯର ରକ୍ଷା କରିବେ ଓ ଇଶ୍ରାୟେଲ ଲୋକମାନଙ୍କର ସବୋ କରିବେ।,"""ସଦାପ୍ରଭୁ ଇଶ୍ରାୟେଲର ରାଜାମାନେ ସମାନଙ୍କେୁ କହିଲେ, """"ମୁଁ ତୁମ୍ଭକୁ ସମସ୍ତ ପ୍ରକାରକ୍ସ୍ଟଷକ୍ସ୍ଟଷକ୍ସ୍ଟଷକ୍ସ୍ଟଷକ୍ସ୍ଟଷକ୍ସ୍ଟଷକ୍ସ୍ଟଷକ୍ସ୍ଟଷକ୍ସ୍ଟଷକ୍ସ୍ଟଷକ୍ସ୍ଟଯ ରେ ଥିବା ସମସ୍ତ ପ୍ରକାରକ୍ସ୍ଟଖ୍ଯ ରେ ସମସ୍ତ ପ୍ରକାରକ୍ସ୍ଟଷକ୍ସ୍ଟଯ ରେ ସମସ୍ତ ପ୍ରକାରକ୍ସ୍ଟଷକ୍ସ୍ଟଯ ରେ ଥିବା ସମସ୍ତ ପ୍ରକାରକ୍ସ୍ଟଷକ୍ସ୍ଟଖ୍ଯ ରେ ୟିବ।"
"Friends, this is a very holy day in Jain traditions as it happens to be an important day in the life of the first Tirthankara Lord Rishabhdev.","ବନ୍ଧୁଗଣ, ଜୈନ ପରମ୍ପରାରେ ମଧ୍ୟ ଏହାକୁ ଅତି ପବିତ୍ର ଦିନ ଭାବେ ପରିଗଣିତ କରାଯାଏ, କାରଣ ଏହା ପ୍ରଥମ ତୀର୍ଥଙ୍କର ଭଗବାନ ଋଷଭ ଦେବଙ୍କ ଜୀବନର ଏକ ମହତ୍ୱପୂର୍ଣ୍ଣ ଦିନ ।","ସାଥୀଗଣ, ଆଜି ସକାଳେ, ଏହି ଦିନ ଧରି ସେ ହେଉଛନ୍ତି, ଏହି ଦିନ ଧରି ନ ଥିଲେ।"
"For more, watch this video:",ଅଧିକ ଜାଣିବା ପାଇଁ ଦେଖନ୍ତୁ ଏହି ଭିଡିଓ :,ଏହି ଭିଡିଓ ଅଧିକ ପସନ୍ଦ କରନ୍ତି।
How to save yourself from getting conned?,ଯୌନ ପିପାସୁଙ୍କଠାରୁ ନିଜକୁ ରକ୍ଷା କରିବେ କିପରି?,କେମିତି କାମ କରିବ?
The police also reached the village.,ପୋଲିସ ଏହି ଗାଁରେ ପହଞ୍ଚି ଛାନ୍ଭିନ୍ କରିଛି।,ଏହି ଘଟଣା ସ୍ଥଳରେ ପୋଲିସ ।
Shiv Sena spokesperson Sanjay Raut said his party welcomes the decision.,ଶିବସେନା ନେତା ସଞ୍ଜୟ ରାଉତ କହିଛନ୍ତି ଯେ ତାଙ୍କ ଦଳ ରାଜ୍ୟପାଳଙ୍କ ନିଷ୍ପତ୍ତିକୁ ସ୍ୱାଗତ କରୁଛି।,"ବିଜେପି ଦଳ ନେତା କହିଛନ୍ତି ଯେ, “ଆମେ ଦଳ ନେତା ନରସିଂହ ମିଶ୍ର ବୋଲି ସେ କହିଛନ୍ତି।"
animation effect,ଆନିମେସନ୍ ପ୍ରଭାବ,କିଛି ସମୟ
He was then put under surveillance also.,ଏହାପରେ ତାଙ୍କଉପରେ ସତର୍କ ଦୃଷ୍ଟି ରଖାଯାଇଥିଲା।,ଏହାପରେ ସେ ମଧ୍ୟ ଥିଲେ।
"In the film, Deepika Padukone is playing the character of Laxmi Agrawal, an acid attack survivor.",ମୁଖ୍ୟ ଭୂମିକାରେ ଥିବା ଦୀପିକା ପାଦୁକୋନ୍ ଏସିଡ ପୀଡିତା ଲକ୍ଷ୍ମୀ ଅଗ୍ରଓ୍ୱାଲଙ୍କ ଭୂମିକାରେ ନଜର ଆସିଛନ୍ତି ।,"ଏହି ଫିଲ୍ମରେ ଅଭିନେତା ଅକ୍ଷୟ କୁମାର, କ’ଣ ନଜର ଆସିବେ।"
Even the government has acknowledged this.,ଏ ତଥ୍ୟକୁ ସରକାର ନିଜେ ସ୍ୱୀକାର କରିଛନ୍ତି।,ଏ ନେଇ ସରକାର ମଧ୍ୟ ଏହି ପଦକ୍ଷେପ ନେଇଛନ୍ତି।
"However, there was no response from the two.",ଅବଶ୍ୟ ଏଥିନେଇ ଉଭୟଙ୍କ ପକ୍ଷରୁ କୌଣସି ମନ୍ତବ୍ୟ ଆସି ନାହିଁ ।,ତେବେ ଏହି ଦୁଇଟିଟି ଦୁଇ ଜଣାଇବାକୁ କୌଣସି ପ୍ରତିକ୍ରିୟା ମିଳିପାରିନାହିଁ ।
The young man is said to be an employee of a private bank.,ତେବେଏହି ଯୁବକ ଜଣଙ୍କ ଏକ ପ୍ରାଇଭେଟ୍ ବ୍ୟାଙ୍କର କର୍ମଚାରୀ ବୋଲି ଜଣାପଡିଛନ୍ତି ।,ଆଇନଗତ ପ୍ରଭାବ ବୋଲି କହିଛନ୍ତି।
We as a country are at an inflexion point.,ଗୋଟିଏ ଦେଶ ଭାବେ ଆମେ ଗୁରୁତ୍ୱପୂର୍ଣ୍ଣ ସ୍ଥିତିରେ ରହିଛେ ।,ଆମେ ଦେଶର ବିଭିନ୍ନ ସ୍ଥାନରେ ବଡ଼ ଭୂମିକା ରହିଛି ।
There will be no wavering this time.,ଏଥର ପାୱାର କଟ୍ ହେବନି।,ଏଥର କିଛି ସମୟ ପର୍ଯ୍ୟନ୍ତ କିଛି ସମୟ ନାହିଁ।
The woman's husband was not at home during the incident.,ଘଟନା ସମୟରେ ମହିଳାଙ୍କ ସ୍ୱାମୀ ଘରେ ଉପସ୍ଥିତ ନ ଥିଲେ।,ଏହି ଘଟଣା ସ୍ଥଳରେ ହିଁ ପରିବାର ଲୋକେ ଅଭିଯୋଗ କରିଥିଲେ।
He has been reinstated.,ଏହା ସହିତ ତାଙ୍କୁ ପୁନଃ ଅବସ୍ଥାପିତ କରାଯାଇଛି।,ସେ ନିଜେ ଏକ ଫଟୋରେ ହୋଇଥିଲା।
Not funny anymore,ଆଉ ସେ ମଜା ନାହିଁ,"ନା, ଆଉ କେହି ବି ଜାଣିପାରୁ ନାହାନ୍ତି"
The actress is married to businessman Jai Mehta.,ବିଜନେସ ମ୍ୟାନ ଜୟ ମେହତାଙ୍କ ବିବାହ କରିଛନ୍ତି ଜୁହି।,ଏହି ଅଭିନେତ୍ରୀଙ୍କ ବିବାହରେ ଅଭିନେତ୍ରୀଙ୍କ ସହ ବିବାହ କରିବେ।
Cheruvathur in Kerala will be the first place in India where the solar eclipse will be visible.,ଭାରତରେ ପ୍ରଥମେ କେରଳର ଚେରୁଭାତୁର ନାମକ ସ୍ଥାନରେ ସୂର୍ଯ୍ୟପରାଗ ଦୃଶ୍ୟମାନ ହେବ ।,ଭାରତରେ ପ୍ରଥମ ଥର ପାଇଁ ପ୍ରଥମ ଥର ପାଇଁ ପ୍ରଥମ ଥର ପାଇଁ ଭାରତ ପକ୍ଷରୁ ଆୟୋଜିତ ହେବ ।
The news has been going viral on social media.,ଏବଂ ସୋସିଆଲ ମିଡିଆରେ ଏ ଖବର ଭାଇରଲ ହେଉଛି ।,ସୋସିଆଲ ମିଡିଆରେ ଭାଇରାଲ ହେବାରେ ଲାଗିଛି।
Modi Tells MPs,ପ୍ଲମ୍ବରଙ୍କ କଥା କହିଲେ ମୋଦି,ମୋଦି ମୋଦି ମୋଦି ମୋଦି ମୋଦି ମୋଦି ମୋଦି
Police rushed to the spot after being informed and body was sent for post-mortem.,ଏ ନେଇ ଖବର ଦିଆଯିବା ପରେ ଘଟଣାସ୍ଥଳରେ ପହଞ୍ଚି ଶବ ବ୍ୟବଚ୍ଛେଦ ପାଇଁ ପଠାଇଛି ପୁଲିସ ।,ଖବର ପାଇ ପୋଲିସ ଘଟଣାସ୍ଥଳରେ ପହଞ୍ଚି ମୃତଦେହକୁ ଜବତ କରି ବ୍ୟବଚ୍ଛେଦ ପାଇଁ ପଠାଇଛି।
Gemini: It will be a pleasant day for you.,ମେଷ:* ଦିନଟି ଆପଣଙ୍କ ଲାଗି ଉତ୍ସାହଭରା ରହିବ।,ବୃଷ: ଦିନଟି ଆପଣଙ୍କ ପାଇଁ ଦିନଟି ଆପଣଙ୍କ ପାଇଁ ଦିନଟି ଆପଣଙ୍କ ପାଇଁ ଦିନଟି ଆପଣଙ୍କ ପାଇଁ ହେବ।
There was violence during elections.,ନିର୍ବାଚନ ପୂର୍ବରୁ ହିଂସାକାଣ୍ଡ ଦେଖାଦେଇଥିଲା।,ନିର୍ବାଚନ ପୂର୍ବରୁ ମଧ୍ୟ ନିର୍ବାଚନ ପ୍ରଚାରରେ ଦେଖିବାକୁ ମିଳିଛି।
The students also received training in self defence.,ସେହିପରି ଛାତ୍ରୀମାନଙ୍କୁ ମଧ୍ୟ ନିଜର ସୁରକ୍ଷା ନିଜେ କରିବା ନିମନ୍ତେ ବିଭିନ୍ନ ଆତ୍ମରକ୍ଷା କୈାଶଳ ଶିକ୍ଷା ଦିଆଯାଇଥିଲା ।,ଛାତ୍ରଛାତ୍ରୀମାନଙ୍କ ଦ୍ୱାରା ସାଂସ୍କୃତିକ କାର୍ଯ୍ୟକ୍ରମ ମଧ୍ୟ ବନ୍ଦ ରହିଛି ।
"""""""Of course, it's in the Indian Constitution -- religious freedom, respect for religious minorities, and equal treatment of all religions.""","ଭାରତୀୟ ସମ୍ବିଧାନରେ ଧାର୍ମିକ ସ୍ୱାଧୀନତା, ଧାର୍ମିକ ସଂଖ୍ୟାଲଘୁଙ୍କ ପ୍ରତି ସମ୍ମାନ ଏବଂ ସବୁ ଧର୍ମ ପ୍ରତି ସମବ୍ୟବହାର ପ୍ରସଙ୍ଗ ଉଲ୍ଲେଖ ଅଛି।",ସେ କହିଛନ୍ତି ଯେ ଭାରତୀୟ କ୍ରିକେଟ୍ ଦଳର ସମସ୍ତ ପ୍ରକାରରେ ଭାରତର ଏକ ଗୁରୁତ୍ୱପୂର୍ଣ୍ଣ ଭୂମିକା ଗ୍ରହଣ କରିବା ପାଇଁ ଭାରତୀୟ କ୍ରିକେଟ୍ ଦଳର ଅଧିନାୟକ ।
This solar eclipse will also be visible in India.,ଏହି ସୂର୍ଯ୍ୟପରାଗ ଭାରତରେ ଦୃଶ୍ୟମାନ ହେବ।,ଏହା ଭାରତ ପକ୍ଷରୁ ଏହି ସୁବିଧା ମଧ୍ୟ ଗୁରୁତ୍ୱ ପ୍ରଦାନ କରାଯିବ ।
Several houses were flooded as a result of this.,ଫଳରେ ଏଠାରେ ଥିବା ଅନେକ ଘର ଅତଡ଼ା ତଳେ ପୋତି ହୋଇଯାଇଛି।,ଫଳରେ ଅନେକ ଘର ଭିତରେ ଅନେକ ଘର ଭାଙ୍ଗି ଯାଇଛି।
"Apart from senior Congress leaders, NCP president Sharad Pawar is also expected to remain present at this meeting.",ଉଦ୍ଧବଙ୍କ ନେତା ବାଛିବା ଅବସରରେ କଂଗ୍ରେସର ବହୁ ବରିଷ୍ଠ ନେତା ସହ ଏନସିପି ମୁଖିଆ ଶରଦ ପାୱାର ମଧ୍ୟ ଉପସ୍ଥିତ ଥିଲେ ।,"ଏହି ବୈଠକରେ କଂଗ୍ରେସ ଅଧ୍ୟକ୍ଷ ଅମିତ ଶାହ, କଂଗ୍ରେସ ନେତା ନରସିଂହ ମିଶ୍ର, ବରିଷ୍ଠ ନେତା ଓ ବରିଷ୍ଠ ନେତା ମଧ୍ୟ ଉପସ୍ଥିତ ଥିଲେ।"
Chief Minister Naveen Patnaik thanked all the contributors.,ଏହା ପରେ ମୁଖ୍ୟମନ୍ତ୍ରୀ ନବୀନ ପଟ୍ଟନାୟକ ସମସ୍ତଙ୍କୁ ଧନ୍ୟବାଦ ଜଣାଇଥିଲେ।,ମୁଖ୍ୟମନ୍ତ୍ରୀ ନବୀନ ପଟ୍ଟନାୟକ ଏହି ଅବସରରେ ମୁଖ୍ୟମନ୍ତ୍ରୀ ନବୀନ ପଟ୍ଟନାୟକ ।
There is an attack.,ସେଠାରେ ଏକପାଖିଆ ଆକ୍ରମଣ ହେଉଛି।,ଆକ୍ରମଣ ପରେ କାର୍ଯ୍ୟାନୁଷ୍ଠାନ ।
Both husband and wife died on the spot.,ଫଳରେ ଘଟଣାସ୍ଥଳରେ ହିଁ ଦମ୍ପତିଙ୍କ ମଧ୍ୟରୁ ସ୍ୱାମୀଙ୍କ ମୃତ୍ୟୁ ହୋଇଥିଲା।,ଘଟଣାସ୍ଥଳରେ ଦୁଇ ଭାଇ ଓ ପତ୍ନୀଙ୍କ ମୃତ୍ୟୁ ହୋଇଛି।
But they dont know what they say.,ହେଲେ ସେମାନେ କେତେ କଥା କୁହନ୍ତି ସେ ବିଷୟରେ ସମସ୍ତଙ୍କୁ ଜଣା ନଥିବ ।,କିନ୍ତୁ ସେମାନେ ଜାଣି ନ ଥିଲେ।
Love affairs can be successful.,ପ୍ରେମ-ପ୍ରସଙ୍ଗରେ ସଫଳତା ମିଳିବାର ସମ୍ଭାବନା ଅଛି।,ଏହି ସଫଳତା ମିଳିବ।
The shocking incident took place at Sompur village under the Chandbali police station in the district.,ସମ୍ବଲପୁର ଧନୁପାଲି ଥାନା ଅନ୍ତର୍ଗତ କୁମ୍ଭାରପଡା ଅଞ୍ଚଳରେ ଏଭଳି ଏକ ଅଭାବନୀୟ ଘଟଣା ଘଟିଛି।,ଏହି ଘଟଣା ଘଟିଛିପୁର ଥାନା ଅନ୍ତର୍ଗତ ଜିଲ୍ଲା ମୁଖ୍ୟ ଭୂମିକାରେ ଅଞ୍ଚଳରେ।
All work will be completed without any hindrance.,ବିନା ବାଧା ବିଘ୍ନରେ କାମ ସଂପନ୍ନ ହେବ।,ସମସ୍ତ କାମର କାର୍ଯ୍ୟ କରିବେ।
nd copy),ୟ ପ୍ରତିଲିପି), ⁇ S ⁇ S ⁇ 
He lodged a complaint with the Simhadwar police.,ଏ ନେଇ ସେ ସହିଦନଗର ଥାନାରେ ଅଭିଯୋଗ କରିଥିଲେ।,ଅଭିଯୋଗ ପରେ ସେ ଅଭିଯୋଗ କରିଥିଲେ।
The delegation [],ଏହି ପ୍ରତିନିଧି ଦଳ […],[...]
Prime Minister Narendra Modi too greeted to him through twitter.,ପ୍ରଧାନମନ୍ତ୍ରୀ ନରେନ୍ଦ୍ର ମୋଦି ମଧ୍ୟ ବୋରିସଙ୍କୁ ଟୁଇଟ୍ କରି ଶୁଭେଚ୍ଛା ଜଣାଇଛନ୍ତି।,ପ୍ରଧାନମନ୍ତ୍ରୀ ନରେନ୍ଦ୍ର ମୋଦି ତାଙ୍କ ସହିତ ଆଲୋଚନା କରିଥିଲେ।
"Panchamrit is prepared using yogurt, milk, sugar, honey and ghee.","କ୍ଷୀର, ସର ,ଚିନି, ମିଶ୍ରି ଓ ଚିନି ମିଶାଇ ଅଣସର ପଣା ପ୍ରସ୍ତୁତ ହୋଇଥାଏ ।","""ତା, """" ⁇ , """" ⁇ a ⁇ a ⁇ a ⁇ a ⁇ a ⁇ a ⁇ a ⁇ a ⁇ a ⁇ a ⁇ a ⁇ a ⁇ a ⁇ a ⁇ a ⁇ a ⁇ a ⁇ a ⁇ a ⁇ a ⁇ a ⁇ a ⁇ a ⁇ a ⁇ a ⁇ a ⁇ a ⁇ a ⁇ a ⁇ o ⁇ a ⁇ a ⁇ a ⁇ a ⁇ a ⁇ a ⁇ a ⁇ a ⁇ a ⁇ a ⁇ a ⁇ a ⁇ a ⁇ a ⁇ a ⁇ a ⁇ a ⁇ a ⁇ a ⁇ a ⁇ a ⁇ a ⁇ a ⁇ a ⁇ a ⁇ a ⁇ a ⁇ a ⁇ a"
I thank them from the bottom of my heart.,ମୁଁ ସେମାନଙ୍କୁ ମୋ ହୃଦୟରୁ ପ୍ରଶଂସା କରୁଛି।,ମୁଁ ଜଣେ ପୁରୁଷମାନେ ମାେତେ ଗ୍ରହଣ କରେ।
ends with,ସହିତ ଶେଷ ହୋଇଥାଏ,ଆମାମ୍ବିଂ
The exhibition intends to acquaint the public with more than 400 works of Dhanraj Bhagat on the theme of Journey from the Physical to the Spiritual.,ପ୍ରଦର୍ଶନୀର ଉଦ୍ଦେଶ୍ୟ ଧନରାଜ ଭଗତଙ୍କ 400ରୁ ଅଧିକ କୃତି ‘ଭୌତିକରୁ ଆଧ୍ୟାତ୍ମିକ ଯାତ୍ରା’ ବିଷୟରେ ସାଧାରଣ ଜନତାଙ୍କୁ ପରିଚିତ କରାଇବା ।,ଏହି ଯୋଜନାଗୁଡ଼ିକ ମଧ୍ୟରେ ଅଧିକ ସଂଖ୍ୟାରେ ଥିବା ଆଇଏନଏ-ଏ-ଏ-ଏ-ଏ-ଏ-ଏ-ଏ-ଏ-ଏ-ଏ-ଏ-ଏ-ଏ-ଏ-ଏ-ଏ-ଏଭିଭିଭିଭିସାଧନକୁ ଅଧିକ ସମୟ ଧରିବାରେ ଲାଗିଛି ।
You might be lucky.,ଭାଗ୍ୟବାନ୍ ହୋଇପାରନ୍ତି ।,ଆପଣ ନିଜ ଜୀବନ ସୁଖମୟ ହେବ।
Prime Minister Narendra Modi expressed grief over the incident.,ଏହି ଘଟଣାକୁ ନିନ୍ଦା କରିବା ସହ ଶୋକ ପ୍ରକାଶ କରିଛନ୍ତି ପ୍ରଧାନମନ୍ତ୍ରୀ ନରେନ୍ଦ୍ର ମୋଦି ।,ଏହି ଘଟଣା ପରେ ପ୍ରଧାନମନ୍ତ୍ରୀ ନରେନ୍ଦ୍ର ମୋଦି ଦୁଃଖ ପ୍ରକାଶ କରିଛନ୍ତି।
"If I give an example from Manipur itself, then a village here has become an important milestone in India's development journey.",ଯଦି ମୁଁ ମଣିପୁରରୁ ହିଁ ଏକ ଉଦାହରଣ ଦେବି ତ ଏଠାକାର ଗାଁର ନାମ ଭାରତର ବିକାଶ ଯାତ୍ରାରେ ଏକ ପ୍ରମୁଖ ପେଣ୍ଠସ୍ଥଳ ହୋଇଛି ।,"ଯଦି ମୁଁ ଆଜି ମୋତେ ଏକ ବଡ଼ ସଫଳତା ହାସଲ କରିଥିଲି, ମୁଁ ଭାରତ-ବିଦ୍ୟାଳୟରେ ବିଶ୍ୱାଳଧ୍ୱୀ, ଯାହା ଫଳରେ ଭାରତ, ଯାହା ଫଳରେ ଅନେକ ଉଦାହରଣ ।"
Treatment is going on.,ଏବେ ଚିକିତ୍ସା ଚାଲିଛି।, ⁇ S ⁇ S ⁇ S ⁇ S ⁇ S ⁇ 
"One cyclist dies, another hurt in accident","ବାଇକ ଦୁର୍ଘଟଣାରେ ଚାଲିଗଲା ଜଣଙ୍କ ଜୀବନ, ଅନ୍ୟ ଜଣେ ଗୁରୁତର",ଜଣେ ଗୁରୁତର ଆହତ ହୋଇଛନ୍ତି।
"NCP chief Sharad Pawar(L), Shiv Sena chief Uddhav Thackeray (M) and Congress interim president Sonia Gandhi.","କଂଗ୍ରେସ ପକ୍ଷରୁ ସୋନିଆ ଗାନ୍ଧି, ମହାରଷ୍ଟ୍ର ମୁଖ୍ୟମନ୍ତ୍ରୀ ତଥା ଶିବସେନା ଅଧ୍ୟକ୍ଷ ଉଦ୍ଧବ ଠାକରେ, ଏନସିପି ସୁପ୍ରିମୋ ଶରଦ ପାୱାର, ବାମ ନେତା ସୀତାରାମ ୟେଚୁରୀ ଓ ଡି. ରାଜା, ଡିଏମକେ ମୁଖ୍ୟ ଏମ୍.",କଂଗ୍ରେସ ଅଧ୍ୟକ୍ଷ ରାହୁଲ ଗାନ୍ଧୀ ଓ କଂଗ୍ରେସ ଅଧ୍ୟକ୍ଷ ରାହୁଲ ଗାନ୍ଧୀ ଓ ବିଜେପି ରାଷ୍ଟ୍ରୀୟ ଅଧ୍ୟକ୍ଷ ରାହୁଲ ଗାନ୍ଧୀ ଏବଂ କଂଗ୍ରେସ ଅଧ୍ୟକ୍ଷ ରାହୁଲ ଗାନ୍ଧୀ ଏବଂ କଂଗ୍ରେସ ଅଧ୍ୟକ୍ଷ ରାହୁଲ ଗାନ୍ଧୀ ଏବଂ କଂଗ୍ରେସ ଅଧ୍ୟକ୍ଷ ରାହୁଲ ଗାନ୍ଧୀ ଏବଂ କଂଗ୍ରେସ ଅଧ୍ୟକ୍ଷ ରାହୁଲ ଗାନ୍ଧୀ ଏବଂ କଂଗ୍ରେସ ଅଧ୍ୟକ୍ଷ ରାହୁଲ ଗାନ୍ଧୀ ଏବଂ କଂଗ୍ରେସ ଅଧ୍ୟକ୍ଷ ରାହୁଲ ଗାନ୍ଧୀ।
There is a possibility of money loss.,ଧନହାନୀର ସମ୍ଭାବନା ରହିଛି।,ଟଙ୍କା ଖର୍ଚ୍ଚ ମଧ୍ୟ ଟଙ୍କା।
She said that crude oil prices were falling in the international market but petroleum prices in the country were rising.,"ସେହିପରି ପେଟ୍ରୋଲ ଦର ବୃଦ୍ଧି ସଂପର୍କରେ ସେ କହିଛନ୍ତି ବର୍ତ୍ତମାନ ଆନ୍ତର୍ଜାତୀୟ ବଜାରରେ ଅଶୋଧିତ ତୈଳ ଦର କମ ଅଛି, ହେଲେ ଦେଶର ବିକାଶ ପାଇଁ ପେଟ୍ରୋଲ ଉପରେ ଟିକସ ବସାଯାଇଛି।","ସେ କହିଛନ୍ତି ଯେ, ଦେଶରେ କରୋନା ସଂକ୍ରମଣରେ ବୃଦ୍ଧି ପାଇଛି ଯେ, ଦେଶର ବିଭିନ୍ନ ସ୍ଥାନରେ ରହିଛି ।"
The entire city is dolled up.,ସଜେଇ ହେଲାଣି ପୁରା ସହର ।,ଏହି ଦିନ ସାରା ବିଶ୍ୱରେ ଏକ ବଡ଼ ଧରଣର ରହିଛି।
The rain will come.,ମୌସୁମୀ ଆସିବ।,ବର୍ଷା ହେବ।
He couldnt be contacted later.,ଏହାପରେ ତାଙ୍କ ସହ ଯୋଗାଯୋଗ ହୋଇପାରି ନଥିଲା।,ପରେ ସେ ମଧ୍ୟ ସେ କୌଣସି ନିଷ୍ପତ୍ତି ନେଇଥିଲେ।
But nothing is visible so far.,ମାତ୍ର ଅଳ୍ପ କିଛି ଦୂରରୁ କିଛି ଦେଖାଯାଉନି ।,କିନ୍ତୁ ଏପର୍ଯ୍ୟନ୍ତ କିଛି ନୁହେଁ।
"I am attempting something like this for the first time and Im very excited about it, Yami said in a statement.",ଏପରି ଭୂମିକା ସେ ପ୍ରଥମ ଥର କରୁଛନ୍ତି ଓ ଏଥିପାଇଁ ସେ ଖୁବ୍ ଉତ୍ସାହିତ ବୋଲି ୟାମି କହିଛନ୍ତି ।,ମୁଁ ଏହି ସମୟରେ ମୁଁ ବହୁତ ଭଲ ପାଇବା ପାଇଁ ବହୁତ ଭଲ ପାଇବା ପାଇଁ ବହୁତ ଭଲ ପାଇବା ପାଇଁ ବହୁତ ଭଲ ପାଇବା ପାଇଁ ବହୁତ ଭଲ ପାଇବା ପାଇଁ ବହୁତ ଭଲ ପାଇବା ପାଇଁ ବହୁତ ଭଲ ପାଇବା।
"But, through multiple transformations.","ରୂପାନ୍ତର, ଯାହାର ଲକ୍ଷ୍ୟ ହେଉଛି –","କିନ୍ତୁ, କିନ୍ତୁ, କିନ୍ତୁ, କିନ୍ତୁ, କିନ୍ତୁ ବିଭିନ୍ନ ପ୍ରକାର ବ୍ୟବସ୍ଥା କରାଯାଇଛି।"
The bike crashed into a car coning from the opposite direction.,ବାଇକଟି ଧକ୍କା ଖାଇ ବିପରୀତ ଦିଗରୁ ଆସୁଥିବା ଏହି ଆଇଚର ଟ୍ରକରେ ଧକ୍କା ହୋଇଥିଲା ।,ଗାଡିରୁ ଅଧିକ ପରିମାଣରେ କାରରୁ ଅଧିକ ତଦନ୍ତ ଆରମ୍ଭ କରିଛି।
He did not have the courage.,ସେ ସାହସ ବି ପାଉନଥିଲା କାହାର ।,ସେ ବି ସେ ବି କାମ କରୁ ନାହାନ୍ତି।
One from the BJP and another from the TMC.,ଜଣେ ବିଜେପିରୁ ଆଉ ଜଣେ କଂଗ୍ରେସରୁ ।,ଜଣେ ବିଜେପି ଓ ଗୋଟିଏ ଲେଖାଏଁ ବିଜେପି ଓ ଗୋଟିଏ ଲେଖାଏଁ ସଦସ୍ୟ ଅଛନ୍ତି।
The rate of growth of the State is higher than of national average.,ଅଭିବୃଦ୍ଧି ହାର ଜାତୀୟ ସ୍ତର ଠାରୁ ଅଧିକ ରହିଛି ।,ରାଜ୍ୟ ସରକାର ଦେଶର ବିଭିନ୍ନ ପ୍ରକାର ଆର୍ଥିକ ସ୍ଥିତିର ପ୍ରଭାବ।
"While the womans in-laws claimed that she committed suicide, her parents alleged that she was murdered.",ମହିଳା ଜଣକ ଆତ୍ମହତ୍ୟା କରିଥିବା ନେଇ ତାଙ୍କ ଶାଶୁ ଘର ଲୋକ କହୁଥିବା ବେଳେ ମୃତ ଯମୁନାଙ୍କ ବାପା ଏହାକୁ ହତ୍ୟାକାଣ୍ଡ ବୋଲି ଅଭିଯୋଗ କରିଛନ୍ତି।,"ତାଙ୍କ ପରିବାର ଲୋକେ ହତ୍ୟା କରିଥିବା ଅଭିଯୋଗ କରିଛନ୍ତି ଯେ ସେ ଅଭିଯୋଗ କରିଛନ୍ତି ଯେ, ତାଙ୍କ ବାପାଙ୍କ ଆତ୍ମହତ୍ୟା କରିଛନ୍ତି।"
Heavy rainfall was also expected.,ମଧ୍ୟ ପ୍ରବଳ ବର୍ଷା ହେବାର ସମ୍ଭାବନା ରହିଛି।,ସେହିପରି ପ୍ରବଳ ବର୍ଷା ମଧ୍ୟ ପ୍ରବଳ ବର୍ଷା ହେବାର ସମ୍ଭାବନା ରହିଛି।
But thats history.,ମାତ୍ର ପରେ ଯାହା ହେଲା ତାହା ହେଉଛି ଇତିହାସ ।,କିନ୍ତୁ ଏହା ସମ୍ପୂର୍ଣ୍ଣ ଭାବେ ।
"But tidings out of the east and out of the north shall trouble him: therefore he shall go forth with great fury to destroy, and utterly to make away many.",ମାତ୍ର ପୂର୍ବ ଓ ଉତ୍ତର ଦେଶରୁ ଆଗତ ସମ୍ବାଦ ତାହାକୁ ଉଦ୍ବିଗ୍ନ କରିବ। ତହିଁରେ ସେ ଅନକଙ୍କେୁ ଉଚ୍ଛିନ୍ନ ଓ ସମ୍ପୂର୍ଣ୍ଣରୂପେ ବିନାଶ କରିବା ପାଇଁ ମହା କୋପ ରେ ୟାତ୍ରା କରିବ।,କିନ୍ତୁ ଏହା ସହିତ ଅନ୍ୟ ଦେଶ ରେ ବାସ କରୁଥିବା ଲୋକଙ୍କ ସହିତ ଅନ୍ୟ ଦେଶ ରେ ବାସ କରିବ।
He also considered sanitation to be a way of fulfilling the dream of Swaraj.,ସେ ସ୍ୱରାଜ୍ୟର ସ୍ୱପ୍ନର ପୂର୍ତ୍ତିର ଏକ ମାର୍ଗ ଭାବେ ସ୍ୱଚ୍ଛତାକୁ ବି ମାନୁଥିଲେ ।,ସେ ଆହୁରି ମଧ୍ୟ କହିଛନ୍ତି ଯେ ସେ ଏକ ବଡ଼ ସଫଳତା ହାସଲ କରିବା ପାଇଁ ଏକଜୁଆପଣ ଭାବେ ମଧ୍ୟ କହିଛନ୍ତି ।
Rajeeva were present.,ରାଜୀବ ରଞ୍ଜନ ଉପସ୍ଥିତ ଥିଲେ।,ଏଥିରେ ଯୋଗ ଦେଇଥିଲେ।
She did not divulge any specific reason of resignation in the letter.,ସେ କେଉଁ କାରଣରୁ ଇସ୍ତଫା ପ୍ରଦାନ କରିଛନ୍ତି ସେସମ୍ପର୍କରେ ତାଙ୍କ ପତ୍ରରେ ସେପରି ଉଲ୍ଲେଖ ପ୍ରଦାନ କରିନାହାନ୍ତି ।,ସେ କେଉଁ କାରଣରୁ ତାଙ୍କ ନାଁ ସୂଚନା ମିଳିନାହିଁ।
But this cannot continue any more.,ହେଲେ ଆଉ ଆଗକୁ ବଢ଼ିପାରନ୍ତି ନାହିଁ।,କିନ୍ତୁ ଏ ପର୍ଯ୍ୟନ୍ତ କୌଣସି ପ୍ରଭାବ ନାହିଁ।
It will take home time.,ଫଳରେ ସମୟ ବଞ୍ôଚବ ।,ଘରେ ସୁଖ ଘରକୁ ଫେରିବେ।
The police then launched a search.,ଏହାପରେ ପୁଲିସ ତନାଘନା ଆରମ୍ଭ କରିଥିଲା ।,ଏହାପରେ ପୋଲିସ ଏକ ଟିମ୍ ଗଠନ କରିଥିଲା।
The students participated in a painting and essay writing competition.,ଉଭୟ ଚିତ୍ରାଙ୍କନ ଓ ପ୍ରବନ୍ଧ ଲିଖନ ପ୍ରତିଯୋଗିତାରେ ଲକ୍ଷାଧିକ ବିଦ୍ୟାର୍ଥୀ ଭାଗ ନେଇଥିଲେ।,ଏହି କାର୍ଯ୍ୟକ୍ରମରେ ବହୁ ସଂଖ୍ୟାରେ ଛାତ୍ର ଛାତ୍ରୀ ଓ ଛାତ୍ରଛାତ୍ରୀ ଓ ଛାତ୍ରଛାତ୍ରୀ ଉପସ୍ଥିତ ଥିଲେ।
Government has not taken any step yet.,ବର୍ତ୍ତମାନ ସୁଦ୍ଧା ସରକାର କୌଣସି ସ୍ଥାୟୀ ପଦକ୍ଷେପ ନେଇନାହାନ୍ତି ।,ସରକାର କୌଣସି ପଦକ୍ଷେପ ଗ୍ରହଣ କରୁନାହିଁ।
"""""""False cases are being registered against Congressmen.""",“କଂଗ୍ରେସ କର୍ମୀଙ୍କ ବିରୋଧରେ ପୋଲିସ ମିଥ୍ୟା ମାମଲା ରୁଜୁ କରିଛି।,"କଂଗ୍ରେସ ବିରୋଧରେ ମାମଲା ରୁଜୁ କରି କହିଛନ୍ତି, କଂଗ୍ରେସ ବିରୋଧରେ ମାମଲା ରୁଜୁ କରାଯାଇଛି।"
BJP responds,ବିଜେଡି ଦେଲା ଜବାବ,ବିଜେପି...
He informed the police about the incident.,କିଶୋର ଘଟଣା ବିଷୟରେ ପୁଲିସକୁ ଜଣାଇଥିଲେ।,ଘଟଣା ସମ୍ପର୍କରେ ପୁଲିସକୁ ଖବର ଦେଇଥିଲେ।
They alleged that Government has not taken necessary steps.,ସେମାନେ ଅଭିଯୋଗ କରିଛନ୍ତି ଯେ ଏଥିପାଇଁ ସରକାର କିଛି ଠୋସ୍ ପଦକ୍ଷେପ ନେଉନାହାନ୍ତି।,ସରକାର ତୁରନ୍ତ ପଦକ୍ଷେପ ଗ୍ରହଣ କଲେ ନାହିଁ।
The AAP government appealed this decision in the Supreme Court.,ଆୟୋଗର ଏହି ନିଷ୍ପତ୍ତି ବିରୋଧରେ ଆପ୍ ହାଇକୋର୍ଟଙ୍କ ଦ୍ୱାରସ୍ଥ ହୋଇଛି ।,ଏ ନେଇ ରାଜ୍ୟ ସରକାର ସୁପ୍ରିମକୋର୍ଟରେ ଆବେଦନ କରିଛନ୍ତି।
Pinch of salt.,ଲୁଣର କଣ୍ଢେଇ।,ତେଲ ଗରମ କରନ୍ତୁ।
"Forget about Kashmir, don't even think about it.","କଶ୍ମୀର ବାବଦରେ ଭୁଲିଯାଅ, ଏହା ବିଶୟରେ ଭାବିବା ବି ଛାଡ଼ିଦିଅ।","ଏହା ସହିତ କଥା କହିପାରୁନି, କଥା ନୁହେଁ, କଥା ନୁହେଁ, କଥା ।"
One died. the other was gravely injured.,ଏଥିରେ ଜଣକର ମୃତ୍ୟୁ ହୋଇଥିବା ବେଳେ ଜଣେ ଗୁରୁତର ହୋଇଛନ୍ତି ।,ଏଥିରେ ଜଣଙ୍କର ମୃତ୍ୟୁ ହୋଇଥିବା ବେଳେ ଅନ୍ୟ ଜଣଙ୍କର ମୃତ୍ୟୁ ହୋଇଛି।
The incident happened in Bihar's Khagaria district.,ଏହି ଘଟଣା ବିହାରର ଖଗାଡ଼ିଆ ଜିଲ୍ଲାର…,ଏହି ଘଟଣା ଘଟିଛି।
"Several BJP MPs , legislators and former presidents were present in the meeting.","ଏହି ମିଶ୍ରଣ ପର୍ବରେ ବିଜୁ ଜନତା ଦଳର ସ୍ଥାନୀୟ ସାଂସଦ , ବିଧାୟକ ଏବଂ ବହୁ ବରିଷ୍ଠ ନେତାମାନେ ଉପସ୍ଥିତ ଥିଲେ ।",ଏହି ବୈଠକରେ ବିଜେପି ନେତା ତଥା ବିଜେପି ନେତା ତଥା ବିଜେପି ନେତା ତଥା ବିଜେପି ନେତା ଉପସ୍ଥିତ ଥିଲେ।
Punjab Congress has won the Ludhiana Municipal Corporation polls.,ଲୁଧିଆନା: ପଞ୍ଜାବର ଲୁଧିଆନା ପୌରପାଳିକା ନିର୍ବାଚନରେ କଂଗ୍ରେସ ବାଜି ମାରିନେଇଛି।,କଂଗ୍ରେସ-ବିଂର ମୁଖ୍ୟ ନିର୍ବାଚନ ଲଢୁଆଲସିନ୍।
You are playing with our lives.,ଆମର ଜୀବନ ସହିତ ଖେଳାଯାଉଛି।,ଆମ ପାଖରେ ସମୟ ବିତାଇବେ।
"Woman burnt alive, husband critical","ପୋଡ଼ି ହୋଇ ସ୍ତ୍ରୀ ମୃତ, ସ୍ୱାମୀ ଗୁରୁତର","ସ୍ୱାମୀ, ସ୍ୱାମୀ, ସ୍ୱାମୀ, ସ୍ୱାମୀ, ସ୍ୱାମୀ"
Not found it yet.,ହେଲେ ବି ମିଳୁନି।,ତେବେ ଏ ପର୍ଯ୍ୟନ୍ତ କୌଣସି ସ୍ପଷ୍ଟ ହୋଇନାହିଁ।
The relationship will remain strong.,ଏହା ଦ୍ବାରା ସମ୍ପର୍କ ବଳବତ୍ତର ରହିବ।,ଫଳରେ ଅନେକ ସମସ୍ୟା ମଧ୍ୟ ରହିବ।
BJP members too supported the demand by standing at their respective seats.,ବିରୋଧୀ ବିଜେପି ସଦସ୍ୟମାନେ ମଧ୍ୟ କଂଗ୍ରେସର ଏହି ଦାବିକୁ ସମର୍ଥନ କରି ନିଜ ନିଜ ଆସନରେ ଛିଡ଼ା ହୋଇଥିଲେ।,ବିଜେପି ନେତା ଓ ବିଜେଡିମାନେ ମଧ୍ୟ ସାମିଲ ହୋଇଥିଲେ।
You will be happy at work.,ଚାକିରିରେ ମନ ପ୍ରସନ୍ନ ରହିବ।,କାର୍ଯ୍ୟକ୍ଷେତ୍ରରେ ଖୁସି ହେବ।
This is not something new for the department.,ବିଭାଗ ପକ୍ଷରୁ ଏଭଳି ଅନିୟମିତତା ନୂଆ ନୁହେଁ।,ଏହା କେବଳ ନୂଆ ନୂଆ ନୂଆ ନୂଆ ନୂଆ ନୂଆ ନୂଆ ନୂଆ ନୂଆ ନୂଆ ନୂଆ ନୂଆ ନୂଆ ନୂଆ ନୂଆ ନୁହେଁ।
The Air Force had announced a cash reward of Rs 5 lakh for information on the missing plane.,ପୂର୍ବରୁ ଉକ୍ତ ନିଖୋଜ ବିମାନ ସମ୍ପର୍କୀତ ତଥ୍ୟ କେହି ପ୍ରଦାନ କଲେ ପୁରସ୍କାର ସ୍ୱରୂପ ୫ ଲକ୍ଷ ଟଙ୍କା ଅର୍ଥରାଶି ପ୍ରଦାନ ଲାଗି ଆଇଏଏଫ୍ ଘୋଷଣା କରିଥିଲା ।,ଏହି ଘୋଷଣା ପାଇଁ ୫ ଲକ୍ଷ ଟଙ୍କା ଲେଖାଏଁ ସହାୟତା ଘୋଷଣା କରିଛନ୍ତି।
I wish you all the best and now you can raise your children on the right path. I wish your children get good education and you live a happy life.,"ଅନେକ ଅନେକ ଶୁଭକାମନା ଜଣାଉଛି, ଆଉ ଏବେ ଆପଣ ନିଜ ପରିବାରକୁ ସଠିକ ରାସ୍ତାରେ ନେଇ ଚାଲନ୍ତୁ, ପିଲାମାନଙ୍କର ବିକାଶ ହେଉ, ପଢ଼ା-ଲେଖା ଆଉ ଜୀବନକୁ ନେଇ ଆନନ୍ଦରେ ବଞ୍ଚନ୍ତୁ ଏହା ହେଉଛି ମୋର ଶୁଭକାମନା ।",ମୁଁ ଆପଣଙ୍କ ଜୀବନରେ ସୁଖ ଓ ଜୀବନ କାମନା କରୁଛି ।
"Subsequently, a search operation was launched.",ପରେ ସେଠାରେ ସର୍ଚ୍ଚ ଅପରେସନ କରାଯାଇଥିଲା।,ପରେ ପରେ ସର୍ଚ୍ଚ ଅପରେସନ ଆରମ୍ଭ ହୋଇଥିଲା।
Know about them.,ଜାଣନ୍ତୁ ସେମାନଙ୍କ ସଂପର୍କରେ।,ସେମାନଙ୍କ ବିଷୟରେ ସେମାନେ ଆସିବାର ।
Chief Minister Naveen Patnaik is scheduled to inaugurate it.,ଏହାକୁ ଉଦ୍ଘାଟନ କରିଛନ୍ତି ମୁଖ୍ୟମନ୍ତ୍ରୀ ନବୀନ ପଟ୍ଟନାୟକ।,ମୁଖ୍ୟମନ୍ତ୍ରୀ ନବୀନ ପଟ୍ଟନାୟକ ଏହି ଘୋଷଣା କରିଛନ୍ତି।
Your day will be spent happily.,ସୁଖ-ଶାନ୍ତିରେ ଦିନଟି ଅତିବାହିତ ହେବ ।,ଦିନଟି ଆପଣଙ୍କ ଦିନ ହେବ।
The train was heading towards Mumbai.,ଏହି ଟ୍ରେନ୍ଟି ମୁମ୍ବାଇରୁ ଭୁବନେଶ୍ୱର ଅଭିମୁଖେ ଆସୁଥିଲା।,ମୁମ୍ବାଇ: ମୁମ୍ବାଇ ଇଣ୍ଡିଆନ୍ସ ଓ ମୁମ୍ବାଇ ହୋଇଥିଲା।
"Hon'ble Speaker, Terrorism is a very big challenge of our times.","ଅଧ୍ୟକ୍ଷ ମହୋଦୟ, ଆତଙ୍କବାଦ ହେଉଛି ବର୍ତମାନ ଆମ ସମୟର ଏକ ବଡ଼ ଆହ୍ୱାନ ।",ଆମ ଦେଶରେ ଏକ ବଡ଼ ଭୂମିକା ରହିଛି ।
Two other accused are friends of her fianc.,ଅନ୍ୟ ଦୁଇ ଅଭିଯୁକ୍ତ ତାଙ୍କ ବନ୍ଧୁ।,ଅନ୍ୟ ଦୁଇ ଜଣ ଅଭିଯୁକ୍ତ ତାଙ୍କ ପତ୍ନୀଙ୍କୁ ଗିରଫ କରାଯାଇଛି।
"She has received several literary awards including the Katha award, Odisha Sahitya Akademi award and Odisha Book Fair award.","ସାହିତ୍ୟ କ୍ଷେତ୍ରରେ ଅବଦାନ ପାଇଁ ତାଙ୍କୁ କେନ୍ଦ୍ର ସାହିତ୍ୟ ଏକାଡେମୀ, ଓଡିଶା ସାହିତ୍ୟ ଏକାଡେମୀ, ସାରଳା ଆଦି ଅନେକ ପୁରସ୍କାରରେ ସମ୍ମାନିତ କରାଯାଇଛି ।",ସେ ପଞ୍ଜାବରେ ଆୟୋଜିତ କାର୍ଯ୍ୟକ୍ରମରେ ଯୋଗ ଦେଇଥିଲେ ଏବଂ ଓଡ଼ିଶା ଓ ଓଡ଼ିଶା ହାଇକୋର୍ଟର ମୁଖ୍ୟ ଅତିଥି ଭାବେ ଯୋଗ ଦେଇଥିଲେ।
Mehbooba Mufti submitted her resignation after the BJP withdrew support.,ଏବେ ବିଜେପି ସମର୍ଥନ ପ୍ରତ୍ୟାହାର ପରେ ଇସ୍ତଫା ଦେଇଛନ୍ତି ମୁଖ୍ୟମନ୍ତ୍ରୀ ମେହବୁବା ମୁଫ୍ତି ।,ବିଜେପି ତାଙ୍କ ସହ ମିଶି ସମର୍ଥନ କରି ବିଜେପି ଓ ବିଜେପି ସମର୍ଥନ କରି ଦେଇଛନ୍ତି।
The police fired tear gas shells on protesters.,ବିକ୍ଷୋଭକାରୀ ପୁଲିସ ଉପରକୁ ଢ଼େଲାପଥର ଫିଙ୍ଗିବାରେ ପୁଲିସ ଲାଠିଚାଳନା ସହ ଲୁହବୁହା ବାଷ୍ପ ପ୍ରୟୋଗ କରିଛି।,ପୁଲିସ ପକ୍ଷରୁ ସୂଚନା ଦିଆଯାଇଛି।
He added that he is of the view that 1.25 billion Indians should have 1.25 billion aspirations.,ସେ କହିଥିଲେ ଯେ ତାଙ୍କର ଚିନ୍ତାଧାରା ହେଉଛି 125 କୋଟି ଭାରତୀୟଙ୍କର 125 କୋଟି ଆଶା ରହିବା ଆବଶ୍ୟକ ।,"ସେ କହିଥିଲେ ଯେ, “ଆପଣର ଏକ ବଡ଼ ଭୂମିକା ରହିଛି ।"
The festival was celebrated with great fervour.,ଆବାଳବୃଦ୍ଧବନିତା ଏହି ପର୍ବକୁ ଆନନ୍ଦ ଉଲ୍ଲାସରେ ପାଳନ କରିଥିଲେ।,ଏହି ଅବସରରେ ଜନ୍ମ ହୋଇଥିଲା।
You dont get proper sleep.,ନିଦ ଠିକ୍ ଭାବେ ହୋଇନଥାଏ।,ଆପଣ ଟଙ୍କା ଖର୍ଚ୍ଚ କରନ୍ତୁ ନାହିଁ।
"The players are Deep Grace Ekka, Sunita Lakra, Rashmita Minz and Lilima Minz.","ସେମାନେ ହେଲେ ଦୀପଗ୍ରେସ୍ ଏକ୍କା, ଲିଲିମା ମିଞ୍ଜ, ସୁନୀତା ଲାକ୍ରା ଏବଂ ରସ୍ମିତା ମିଞ୍ଜ ।","ଏହି ଫିଲ୍ମରେ ଗୋଲ୍, କେ. କେ. କେ. କେ. କେ. କେ. କେ. କେ. କେ. କେ. କେ. କେ. କେ. କେ. କେ. କେ. କେ. କେ. କେ. କେ. କେ. କେ. କେ. କେ. କେ. କେ. କେ. କେ. କେ. କେ. କେ. କେ. କେ. କେ. କେ. କେ. କେ. କେ. କେ. କେ."
You will get full support from your partner in business.,ବ୍ୟବସାୟରେ ସହଯୋଗୀମାନଙ୍କର ସମ୍ପୂର୍ଣ୍ଣ ସହଯୋଗ ମିଳିବ।,ବ୍ୟବସାୟରୁ ଆପଣଙ୍କୁ ଲାଭ ମିଳିବ।
India-China faceoff: Army confirms disengagement at Galwan. 20 soldiers martyred in action,"ଲଦାଖ ଗାଲୱାନ ଭ୍ୟାଲିରେ ଭାରତ-ଚୀନ୍ ସେନା ମୁହାଁମୁହିଁ ଘଟଣା. ଅତିକମ୍ରେ ୨୦ ଭାରତୀୟ ଯବାନ ସହିଦ ହୋଇଥିବା ସୂଚନା,…",ଭାରତୀୟ ସେନା-ପାକିସ୍ତାନ ମଧ୍ୟରେ ଭାରତ-ପାକିସ୍ତାନ ମଧ୍ୟରେ ଏକ ବଡ଼ ଆଡେଟ୍ ଅଫ୍ ଇଣ୍ଡିଆକୁଆଲ୍କରେ ଭାରତ-ଇ-ଆଲ୍ରେନ୍ୟାଲିଂ ଅପରେସନ ଜାରି ରହିଛି।
Police have seized two mobile phones from him.,ସେହି ମୋବାଇଲ ଲୁଟେରାମାନଙ୍କ ମଧ୍ୟରୁ ଦୁଇ ଜଣଙ୍କୁ ପୋଲିସ ଗିରଫ କରିଛି ।,ପୁଲିସ ଦୁଇ ଜଣ ଜବତ କରିଛି।
Creating LUKS Device,LUKS ଉପକରଣ ନିର୍ମାଣ କରୁଅଛି, ⁇ S ⁇ S ⁇ S ⁇ S ⁇ S ⁇ S ⁇ S ⁇ S ⁇ S ⁇ S ⁇ S ⁇ S ⁇ S ⁇ S ⁇ S ⁇ S ⁇ S ⁇ S ⁇ S ⁇ S ⁇ S ⁇ S ⁇ S ⁇ S ⁇ S ⁇ S ⁇ S ⁇ S ⁇ S ⁇ S ⁇ S ⁇ S ⁇ S ⁇ S ⁇ S ⁇ S ⁇ S ⁇ S ⁇ S ⁇ S ⁇ S ⁇ S ⁇ S ⁇ S ⁇ S ⁇ S ⁇ S ⁇ S ⁇ S ⁇ S ⁇ S ⁇ S ⁇ S ⁇ S ⁇ S ⁇ S ⁇ S ⁇ S ⁇ S ⁇ S ⁇ S ⁇ S
"At last, the family of the deceased brought back the body to their house.",ଶେଷରେ ପରିବାର ଲୋକେ ମୃତ ଶିଶୁକୁ ଶବ ଗୃହରେ ଛାଡ଼ି ଘରକୁ ଯାଇଥିଲେ।,ମୃତ ବ୍ୟକ୍ତିଙ୍କ ପରିବାର ଲୋକଙ୍କୁ ହସ୍ତାନ୍ତର କରିଛନ୍ତି।
There was no rain.,ବର୍ଷା ହୋଇ ନଥିଲା କି ଖରା ବି ହୋଇ ନଥିଲା।,ବର୍ଷା କିଛି ନାହିଁ।
"This will empower the poor, neo-middle class, middle class & benefit future generations, the Prime Minister said.","ଏହା ଗରିବ ନବ୍ୟ-ମଧ୍ୟବିତ୍ତ, ମଧ୍ୟବିତ୍ତ ଏବଂ ଆଗାମୀ ପିଢୀକୁ ସବୁ ଦୃଷ୍ଟିରୁ ସଶକ୍ତ କରିବ’’, ବୋଲି ପ୍ରଧାନମନ୍ତ୍ରୀ ତାଙ୍କ ଟ୍ୱିଟର ପୃଷ୍ଠାରେ କହିଛନ୍ତି ।","ଏହି ଅବସରରେ ପ୍ରଧାନମନ୍ତ୍ରୀ କହିଥିଲେ ଯେ, ଗରିବ ଲୋକଙ୍କ ଜୀବନଧାରଣୀ, ଗରିବ ଲୋକଙ୍କ ଜୀବନଧାରଣୀ, ଗରିବ ଲୋକଙ୍କ ଜୀବନଧାରଣ ଓ କୃଷକମାନଙ୍କ ପାଇଁ ପ୍ରୟାସରେ ଭବିଷ୍ୟତ ପାଇଁ ପ୍ରୟାସରେ ସାମିଲ ହେବ ।"
"Friends, You are very well aware that the government has granted more autonomy to Indian Institute of Management (IIMs) by enacting a law.","ସାଥୀଗଣ, ଆପଣ ସମସ୍ତେ ଭଲ ଭାବେ ଜାଣନ୍ତି କି ସରକାର ଭାରତୀୟ ପ୍ରବନ୍ଧନ ପ୍ରତିଷ୍ଠାନ (ଆଇଆଇଏମ୍)କୁ ଆଇନ ମାଧ୍ୟମରେ ଅଧିକ ସ୍ୱୟତ୍ତତା ଦେଉଛନ୍ତି ।","ସାଥୀଗଣ, ଭାରତୀୟ ରେଳବାଇର ଏକ ବଡ଼ ପଦକ୍ଷେପ ଗ୍ରହଣ କରିବା ପାଇଁ ସରକାର ।"
The Congress won in a landslide in Chhattisgarh and also formed the government in Madhya Pradesh and Rajasthan.,"ମଧ୍ୟପ୍ରଦେଶ, ରାଜସ୍ଥାନ ,ଛତିଶଗଡ଼ରେ କଂଗ୍ରେସକୁ ବହୁମତ ମିଳଛି ଏବଂ ସେହି ରାଜ୍ୟରେ କଂଗ୍ରେସ ସରକାର ଗଠନ କରିବା ମଧ୍ୟ ଗୋଟେ ପ୍ରକାର ନିଶ୍ଚିତ ହୋଇଛି।",ରାଜସ୍ଥାନ ସରକାର ଓ ମଧ୍ୟପ୍ରଦେଶରେ କଂଗ୍ରେସ ଓ ମଧ୍ୟପ୍ରଦେଶରେ କଂଗ୍ରେସ ଓ ମଧ୍ୟପ୍ରଦେଶରେ କଂଗ୍ରେସ ଓ ମଧ୍ୟପ୍ରଦେଶରେ କଂଗ୍ରେସ ମଧ୍ୟ ସାମିଲ ହୋଇଥିଲେ।
"Shri Goyal said that despite many challenges, India has been a dependable and affordable source of efficacious and high quality medical and pharma products to nearly 190 countries around the world.","ସେ କହିଛନ୍ତି ଯେ ଅନେକ ଆହ୍ୱାନ ସତ୍ୱେ ଭାରତ ଏବେ ବିଶ୍ୱର 190ଟି ଦେଶକୁ ଉଚ୍ଚମାନର ଔଷଧପତ୍ର, ସାମଗ୍ରୀ ଓ ଚିକିତ୍ସା ଉପକରଣ ସୁଲଭ ମୂଲ୍ୟରେ ଯୋଗାଇ ଦେବାକୁ ସମର୍ଥ ।","ଶ୍ରୀ ପ୍ରଧାନ କହିଲେ ଯେ, “ଆମ୍ୟ୍ୟାୟ, “ଆମ, “ଆମ, “ଆମ, “ଆମ, “ଆମ, “ଆମ, ଭାରତ ଏବଂ ଦେଶର ବିଭିନ୍ନ କ୍ଷେତ୍ରରେ ଏକ ଗୁରୁତ୍ୱପୂର୍ଣ୍ଣ ଭୂମିକାର ଏକ ଗୁରୁତ୍ୱପୂର୍ଣ୍ଣ ଭୂମିକା ରହିଛି ।"
"The Prime Minister, Defence Minister Rajnath Singh, Leader of Opposition in the Rajya Sabha Ghulam Nabi Azad, Congress lawmakers Adhir Ranjan Choudhary, K Suresh, National Conference leader Farooq Abdullah and TMC leader Derek OBrien were present at the meeting.","ବୈଠକରେ ପ୍ରତିରକ୍ଷା ମନ୍ତ୍ରୀ ରାଜନାଥ ସିଂହ, ଟିଏମସି ନେତା ଡେରେକ୍ ଓବ୍ରେନ, କଂଗ୍ରେସ ନେତା ଗୁଲାମନବୀ ଆଜାଦ, ଏନସିପି ନେତା ସୁପ୍ରିୟା ସୁଲେ, ନ୍ୟାସନାଲ କନଫରେନ୍ସ ନେତା ଫାରୁକ୍ ଅବଦୁଲ୍ଲା, ବରିଷ୍ଠ କଂଗ୍ରେସ ନେତା ଆନନ୍ଦ ଶର୍ମାଙ୍କ ସମେତ ଅନୁପ୍ରିୟା ପଟେଲ, ଅଧିରଂଜନ ଚୌଧୁରୀ, ରାମଗୋପାଳ ଯାଦବ, ଡି. ରାଜା. ସଂଜୟ ସିଂହ, ଟିଆର୍.","ଏହି ବୈଠକରେ ପ୍ରତିରକ୍ଷା ମନ୍ତ୍ରୀ ରାଜନାଥ ସିଂହ, ପୂର୍ବତନ ପ୍ରଧାନମନ୍ତ୍ରୀ ମନମୋହନ ସିଂହ, ପୂର୍ବତନ ପ୍ରଧାନମନ୍ତ୍ରୀ ମନମୋହନ ସିଂହ, ପୂର୍ବତନ ପ୍ରଧାନମନ୍ତ୍ରୀ ମନମୋହନ ସିଂହ, ପୂର୍ବତନ ପ୍ରଧାନମନ୍ତ୍ରୀ ମନମୋହନ ସିଂହ, ପୂର୍ବତନ ପ୍ରଧାନମନ୍ତ୍ରୀ ମନମୋହନ ସିଂହ, ପୂର୍ବତନ ପ୍ରଧାନମନ୍ତ୍ରୀ ମନମୋହନ ସିଂହ, ପୂର୍ବତନ ପ୍ରଧାନମନ୍ତ୍ରୀ ମନମୋହନ ସିଂହ, ପୂର୍ବତନ ପ୍ରଧାନମନ୍ତ୍ରୀ ମନମୋହନ ସିଂହ, ପୂର୍ବତନ ପ୍ରଧାନମନ୍ତ୍ରୀ ମନମୋହନ ସିଂହ, ପୂର୍ବତନ ପ୍ରଧାନମନ୍ତ୍ରୀ ମନମୋହନ ସିଂହ, ବରିଷ୍ଠ ନେତା ତଥା ବରିଷ୍ଠ ନେତା ତଥା ବରିଷ୍ଠ ନେତା ତଥା ବରିଷ୍ଠ ନେତା ତଥା ବରିଷ୍ଠ ନେତା ତଥା ବରିଷ୍ଠ ନେତା ତଥା ବରିଷ୍ଠ ନେତା ତଥା ବରିଷ୍ଠ ନେତା ତଥା ବରିଷ୍ଠ ନେତା ତଥା ବରିଷ୍ଠ ନେତା ତଥା ବରିଷ୍ଠ ନେତା ତଥା ବରିଷ୍ଠ ନେତା ତଥା ବରିଷ୍ଠ ନେତା ତଥା ବରିଷ୍ଠ ନେତା ତଥା ବରିଷ୍ଠ ନେତା ତଥା ବରିଷ୍ଠ ନେତା ତଥା ବରିଷ୍ଠ ନେତା ତଥା ବରିଷ୍ଠ ନେତା ତଥା ବରିଷ୍ଠ ନେତା ତଥା ବରିଷ୍ଠ ନେତା ତଥା ବରିଷ୍ଠ ନେତା ତଥା ବରିଷ୍ଠ ନେତା ତଥା ବରିଷ୍ଠ ନେତା"
"PADC will work closely in application and developments of polymers in collaboration with other reputed research institutes such as ICT, Bhubaneswar, CIPET and NCL, Pune.","ପଲିମରକୁ ବଢ଼ାଇବା ପାଇଁ ପିଏଡିସି ଅନ୍ୟାନ୍ୟ ପ୍ରତିଷ୍ଠିତ ଗବେଷଣା କେନ୍ଦ୍ର ଯଥା ଆଇସିଟି ଭୁବନେଶ୍ଵର, ସିପେଟ, ଏନ୍ସିଏଲ ପୁଣେ ସହ କାର୍ଯ୍ୟ କରିବ।","ଏହି ଯୋଜନା, ଭୁବନେଶ୍ୱର-ବିର ମୁଖ୍ୟ ଶାସନ, ଭୁବନେଶ୍ୱର ଓ ଅନ୍ୟାନ୍ୟ କାର୍ଯ୍ୟ ଓ ଅନ୍ୟାନ୍ୟ କାର୍ଯ୍ୟ ଜାରି ରହିବ ।"
Copy the selection,ଏହି ଅଂଶକୁ ନକଲ କରନ୍ତୁ,କ’ଣ କରନ୍ତୁ
This will generate employment.,ଏହାଦ୍ୱାରା ଶ୍ରମିକ କର୍ମନିଯୁକ୍ତି ପାଇବେ।,ଏହା ଦ୍ୱାରା ଏହା ହେବ।
"The Congress won three Hindi-heartland states of Madhya Pradesh, Chhattisgarh and Rajasthan, where BJP was in power.","ଏଥିରେ ତିନିଟି ରାଜ୍ୟ ରାଜସ୍ଥାନ, ମଧ୍ୟପ୍ରଦେଶ ଓ ଛତିଶଗଡ଼ରେ କଂଗ୍ରେସ ସତ୍ତାରେ ରହିଥିଲା।","ରାଜସ୍ଥାନ କଂଗ୍ରେସ, ରାଜସ୍ଥାନ ଓ ରାଜସ୍ଥାନ ବିଜେପି ଓ ମଧ୍ୟପ୍ରଦେଶରେ କଂଗ୍ରେସ-ଏଏସ୍ଏଆଇଏସ୍ଏଆଇଏମ୍ଏସ୍ଏଆଇଏମ୍ଏସ୍ଏଆଇଏମ୍ଡିସିଏସଆଇଏମ୍ଡିସିଏସଆଇଏମ୍ଡିସିଏସଆଇଏମ୍ଡିସିଏସଆଇଏମ୍ଡିସିଏସଆଇଏମ୍ଡିସିଏସଆଇଏମ୍ଡିସିଏସଆଇଏମ୍ଡିସିଏସଆଇଏମ୍ଡିସିଏସଆଇଏମ୍ଡିସିଛି।"
"He said that from political leaders to the common man, everyone was imbued with this spirit.","ସେ କହିଥିଲେ ଯେ ରାଜନେତାଙ୍କ ଠାରୁ ଆରମ୍ଭ କରି ସାଧାରଣ ଜନତା, ପ୍ରତ୍ୟେକ ଲୋକ ଏହି ଉତ୍ସାହରେ ପୂରି ଉଠିଥିଲେ ।","ସେ କହିଥିଲେ ଯେ, “ଆମୀଙ୍କ ସହିତ ରାଜନୈତିକ ଦଳ ନେତାମାନଙ୍କ ସହିତ ଯୋଡ଼ିବା ପାଇଁ ସେ କହିଥିଲେ ଯେ, “ଆଲାଇବା ପାଇଁ ସମସ୍ତ ରାଜନୈତିକ ଦଳ ନେତାମାନଙ୍କ ସହିତ ଆଲୋଚନା କରିଥିଲେ ।"
Boil neem leaves in water.,ଏଥିପାଇଁ ଆମ୍ବ ପତ୍ରକୁ ପାଣିରେ ଫୁଟାଇ ଦିଅନ୍ତୁ।,ପାଣି ପିଅନ୍ତୁ।
Action is being taken accordingly.,ସେହି ଅନୁଯାୟୀ ବିଭାଗ ପକ୍ଷରୁ ପଦକ୍ଷେପ ନିଆଯାଉଛି।,କାର୍ଯ୍ୟାନୁଷ୍ଠାନ ଗ୍ରହଣ କରାଯାଇଛି।
Complaint against wife,ପତ୍ନୀଙ୍କ ବିରୋଧରେ ଅଭିଯୋଗ :,ପତ୍ନୀ ବିରୋଧରେ ହତ୍ୟା
Low or zero tax rate is given to certain types of financial income.,କେତେ ପ୍ରକାରର ଆର୍ଥିକ ଆୟ କ୍ଷେତ୍ରରେ କମ୍ କିମ୍ବା ଶୂନ୍ୟ ଦରରେ ଟିକସ ଦେବାକୁ ପଡିଥାଏ ।,"ଆର୍ଥିକ ସେବା କ୍ଷେତ୍ରରେ ଆର୍ଥିକ ସହାୟତା ଯୋଗାଇ ଦିଆଯିବ, ଆର୍ଥିକ ସହାୟତା ଯୋଗାଇ ଦିଆଯିବ ।"
But I had full belief in the subject.,କିନ୍ତୁ ମତେ ମୋର ଆବାଜ୍ରେ ପୂରା ଭରସା ଥିଲା।,କିନ୍ତୁ ମୁଁ ବି ଏହା ଉପରେ ବିଶ୍ୱାସ କରେ ।
"Meanwhile, she delivered a stillborn baby.",ଏହି ସମୟରେ ସେ ଏକ ଶିଶୁକନ୍ୟା ପ୍ରସବ କରିଥିଲା।,ତେବେ ସେ ସମୟରେ ସେ ଜଣେ ବ୍ୟକ୍ତିଙ୍କର କିଛି ସମୟ ଧରିଥିଲେ।
Students cannot read.,ଏହାଦ୍ୱାରା ଛାତ୍ରଛାତ୍ରୀଙ୍କ ପାଠପଢ଼ା ହୋଇପାରୁ ନାହିଁ।,ଛାତ୍ରଛାତ୍ରୀମାନେ ନ ଯିବାକୁ ନ ଯିବାକୁ ନ ଥିଲେ।
This time you are Chief Minister.,ଆପଣ ଏଥର ମୁଖ୍ୟମନ୍ତ୍ରୀ ହେବେ ବୋଲି ଶୁଣାଯାଉଛି।,ଏହା ସହ ମୁଖ୍ୟମନ୍ତ୍ରୀ ନବୀନ ପଟ୍ଟନାୟକ।
Cancer: Expenses mount.,କର୍କଟ: ଖର୍ଚ୍ଚ ବଢ଼ିବ।,ବୃଷ:
Banks money should come back to bank.,ବ୍ୟାଙ୍କକୁ ଫେରସ୍ତ କରିବାକୁ ପଡିବ ଟଙ୍କା,ବ୍ୟାଙ୍କକୁ ନେଇ ସରକାର ଆବଶ୍ୟକ ।
o National Sports University in Manipur has started offering courses.,ମଣିପୁରରେ ରାଷ୍ଟ୍ରୀୟ କ୍ରୀଡ଼ା ବିଶ୍ୱବିଦ୍ୟାଳୟ ପାଠ୍ୟକ୍ରମ ଆରମ୍ଭ କରିଛି ।,ଏହି ଅଭିଯାନ ଆରମ୍ଭ ହୋଇଛି ।
Is the government doing that?,ତେବେ ପ୍ରଶାସନ ଏହି ଦାୟିତ୍ୱ ପାଳନ କରୁଛି କି?,ସରକାର କ’ଣ କରୁଛନ୍ତି?
"However, the two brothers failed to do so.",ତେବେ ଦୁଇ ଭାଇ ଅଳ୍ପକେ ବର୍ତ୍ତି ଯାଇଥିଲେ ।,ତେବେ ଏହି ଦୁଇ ଜଣାଇବାକୁ ଉଦ୍ୟମ କରିଥିଲେ ।
The court cannot ignore it.,ଏହାକୁ କୋର୍ଟ ଛଡାଇ ନେଇପାରିବେ ନାହିଁ ।,କୋର୍ଟ ତାଙ୍କୁ କୋର୍ଟ ଚାଲାଣ କରାଯାଇ ପାରିବ ନାହିଁ।
"Later, the hotel manager was arrested.",ପରେ ହୋଟେଲର ମ୍ୟାନେଜର ଓ କର୍ମଚାରୀ ଅଟକ ରଖିଛନ୍ତି।,ପରେ ଏହି ଘଟଣା ପରେ ତାଙ୍କୁ ଗିରଫ କରାଯାଇଛି।
"If lion people tell lies, they do so to govern others and to attract others.",ସିଂହରାଶି ବ୍ୟକ୍ତି ଅନ୍ୟମାନଙ୍କ ଉପରେ ନିଜର ଶାସନ ଚଳାଇବା ଲାଗି ତଥା ଅନ୍ୟଙ୍କୁ ଆକର୍ଷିତ କରିବାକୁ ମିଛ କହିଥାନ୍ତି।,"ଯଦି କେହି ବିଖ ଜଣ ଲୋକ, ତେବେ ଲୋକମାନେ ଅନ୍ୟମାନେ ନିଜ ନିଜ ନିଜ ନିଜ ନିଜ ନିଜ ନିଜ ନିଜ ନିଜ ନିଜ ନିଜ ନିଜ ନିଜ ନିଜ ନିଜ ନିଜ ନିଜ ନିଜ ନିଜ ନିଜ ନିଜ ନିଜ ନିଜ ନିଜ ନିଜ ନିଜ ନିଜ ନିଜ ନିଜ ନିଜ ନିଜ ନିଜ ନିଜ ନିଜ ନିଜ ନିଜ ନିଜ ନିଜ ନିଜ ନିଜ ନିଜ ନିଜ ନିଜ ନିଜ ନିଜ ନିଜ ନିଜ ନିଜ ନିଜ ନିଜ ନିଜ ନିଜ ନିଜ ନିଜ ନିଜ ନିଜ ନିଜ ନିଜ ନିଜ ନିଜ ନିଜ ନିଜ ନିଜ ନିଜ ନିଜ ନିଜ ନିଜ ନିଜ ନିଜ ନିଜ ନିଜ ନିଜ ନିଜ ନିଜ ନିଜ ନିଜ ନିଜ ନିଜ ନିଜ ନିଜ ନିଜ ନିଜ ନିଜ ନିଜ ନିଜ ନିଜ ନିଜ ନିଜ ନିଜ ନିଜ ନିଜ ନିଜ ନିଜ ନିଜ ନିଜ ନିଜ ନିଜ ନିଜ ନିଜ ନିଜ ନିଜ ନିଜ ନିଜ ନିଜ ନିଜ ନିଜ ନିଜ ନିଜ ନିଜ ନିଜ ନିଜ ନିଜ ନିଜ ନିଜ"
"ANSWER: Last week, the Reserve Bank of India announced a three-month moratorium on all term loans outstanding as on March 1, 2020, as well as on working capital facilities.","ଉତ୍ତର : ଗତ ସପ୍ତାହରେ ଭାରତୀୟ ରିଜର୍ଭ ବ୍ୟାଙ୍କ୍ ମାର୍ଚ୍ଚ ୧, ୨୦୨୦ ତାରିଖ ସୁଦ୍ଧା ବକେୟା ସମସ୍ତ ପ୍ରକାର ମିଆଦୀ ଋଣ ଉପରେ ତିନି ମାସର ରୋକ ବିଷୟ ଘୋଷଣା କରିଥିଲେ ତଥା ଚଳନ୍ତି ପୁଞ୍ଜି ବ୍ୟବସ୍ଥା ଉପରେ ମଧ୍ୟ ଆରବିଆଇ ଏଭଳି ସୁବିଧା ଘୋଷଣା କରିଛନ୍ତି ।","ଏହି ଅବସରରେ ଭାରତ-କାଶ୍ମୀରର ତିନୋଟି ପର୍ଯ୍ୟାୟରେ ଏହି ଯୋଜନା, ଆଇନର ଏକ ସ୍ୱତନ୍ତ୍ର ଟିମ୍ ଇଣ୍ଡିଆ ଏବଂ ତିନି ଜଣାଇବାକୁ ପଡ଼ିବ।"
So the rush has increased.,ଏଣୁ ବେପରୱାମି ବଢିଯାଇଛି ।,ତେଣୁ ଏହି ସମୟରେ ରୋଗ ପ୍ରତିରୋଧକ ଶକ୍ତି ବୃଦ୍ଧି ପାଇଛି।
"Upon receiving information, the police reached the spot and are investigating.",ଖବର ପାଇ ପୋଲିସ ଘଟଣାସ୍ଥଳରେ ପହଞ୍ଚିବା ସହିତ ତଦନ୍ତ କରୁଛି ।,ଖବର ପାଇ ପୋଲିସ ଘଟଣାସ୍ଥଳରେ ପହଞ୍ଚି ତଦନ୍ତ ଜାରି ରଖିଛି ।
India has also started enlarging its navy.,ଭାରତ ମଧ୍ୟ ଲଦାଖରେ ନିଜର ସୈନ୍ୟ ଶକ୍ତି ବଢାଇବାରେ ଲାଗିଛି।,ଭାରତ ପକ୍ଷରୁ ଏହି କ୍ଷେତ୍ରରେ ମଧ୍ୟ ଆରମ୍ଭ ହୋଇଛି ।
"But by that time, everything was over.",କିନ୍ତୁ କିଛି ସମୟ ପରେ ସବୁ କିଛି ସରିଯାଇଥିଲା ।,କିନ୍ତୁ ସମୟ ପରେ ସବୁ ସମୟରେ ସବୁ କିଛି ସମୟ ପରେ ।
This matters to India.,ଯାହା ଭାରତ ପାଇଁ ଚିନ୍ତାର ବିଷୟ ହୋଇଛି।,ଏହା ଭାରତ-ଚକ୍ରାନ୍ତି।
The number of new coronavirus infections is increasing by day in Odisha.,ଓଡ଼ିଶାରେ ଦିନକୁ ଦିନ କରୋନା ସଂକ୍ରମଣ ବୃଦ୍ଧି ପାଉଛି।,ଆଜି ପର୍ଯ୍ୟନ୍ତ ନୂଆ କରୋନା ସଂକ୍ରମଣରେ ନୂଆ କରୋନା ସଂକ୍ରମଣ ବୃଦ୍ଧି ପାଇବାରେ ଲାଗିଛି ।
Strict actions will be taken against those who are responsible for this incident.,ଯେଉଁମାନେ ଏଭଳି ଘଟଣା ପାଇଁ ଦାୟୀ ସେମାନଙ୍କ ବିରୋଧରେ ଦୃଢ କାର୍ଯ୍ୟାନୁଷ୍ଠାନ ଗ୍ରହଣ କରାଯିବ ।,ଏହି ଘଟଣାକୁ ନେଇ ଯେଉଁମାନେ ଏଭଳି ପଦକ୍ଷେପ ଗ୍ରହଣ କରାଯିବ।
"Firstly, no one other than Arjun would be able to prove himself, consequently, it would be Arjun who would become the son-in-law of the Panchal monarch.","ପ୍ରଥମ, ଅର୍ଜୁନଙ୍କ ବ୍ୟତୀତ ଅନ୍ୟ କେହି ଯେପରି ସ୍ଵୟମ୍ବରର ସର୍ତରକ୍ଷା କରିବାରେ ସମର୍ଥ ହେବେନାହିଁ, ଦ୍ବିତୀୟ ବୀରଶ୍ରେଷ୍ଠ ଅର୍ଜୁନଙ୍କ ଦ୍ଵାରା ଅତୀତରେ ପରାସ୍ତ ହୋଇଥୁବାର ଗ୍ଲାନି ଯୋଗୁଁ ଆଜି ପାଞ୍ଚାଳ ଦେଶବାସୀଙ୍କ ସମ୍ମୁଖରେ ଚରମ ପରୀକ୍ଷା ଦେଇ ପ୍ରାୟଶ୍ଚିତ୍ତ କରାଇବା ଦ୍ଵାରା ପିତାଙ୍କର ସେଦିନର ଗ୍ଲାନି ଓ ଅପମାନକୁ ପ୍ରଶମିତ କରାଇବା ।","ଅନ୍ୟ ଏକ ପୁତ୍ର, ଅନ୍ୟ ଏକ ବଡ଼ ପୁଅକୁ ଗୋଟିଏ ନାମିତ କରିବ, ଆଉ ଏକ ବଡ଼ ଧରଣର ଏହି ସ୍ଥାନ ରେଖଳନ କରିବେ ନାହିଁ ।"
There the doctors declared him dead.,ସେଠାରେ ନିରଞ୍ଜନଙ୍କୁ ଡାକ୍ତର ମୃତ ଘୋଷଣା କରିଥିଲେ ।,ସେଠାରେ ଡାକ୍ତର ତାଙ୍କୁ ମୃତ ଘୋଷଣା କରିଥିଲେ।
"No, this is not fantasy.",ନା . ନା . ଏସବୁ ପୁରାଣ କଥା ନୁହେଁ ।,ତେବେ ଏହି କଥା ନୁହେଁ।
A spokesperson in the Defence Ministry refused to comment when asked about the deal.,ଏହି ଚୁକ୍ତି ବିଷୟରେ ସୂଚନା ପାଇଁ କୁହାଯିବାରୁ ପ୍ରତିରକ୍ଷା ମନ୍ତ୍ରାଳୟର ମୁଖପାତ୍ର ପଚରା ଯାଇଥିବା ପ୍ରଶ୍ନକୁ ସଂପୂର୍ଣ୍ଣ ରୂପେ ଏଡ଼େଇ ଯାଇଛନ୍ତି।,ପ୍ରତିରକ୍ଷା ମନ୍ତ୍ରୀ କହିଛନ୍ତି ଯେ ପ୍ରତିରକ୍ଷା ମନ୍ତ୍ରୀ ଏହି ସୂଚନା ଦେଇଛନ୍ତି।
The video has been tweeted by news agency ANI.,ଯାହାର ଏକ ଭିଡିଓ ଖବର ସରବରାହ ସଂସ୍ଥା ଏଏନଆଇ ଟୁଇଟ୍ କରି ଜାରି କରିଛି।,ଏହି ଭିଡିଓ କନଫରେନ୍ସିଂ ଜରିଆରେ ଏହି ଖବର ମିଳିଛି।
They wanted her to go back to her parents home.,ସେ ଚାହିଁଲା ଅଂଶୁ ତା ପାପାମାମାଙ୍କ ଘରକୁ ନଯାଉ ।,ସେମାନେ ଘରକୁ ଫେରିବାକୁ ଚେଷ୍ଟା କରିଥିଲେ।
He was then placed under suspension.,ପରେ ତାଙ୍କୁ ସେଠାରେ ସବସତ୍କାର ର ବ୍ୟବସ୍ଥା କରାଯାଇଥିଲା ।,ଏହାପରେ ସେ ଜେଲ୍ରେ ନଜର ଆସିଥିଲେ।
"The bus route will connect Janakpur, Goddess Sita's birthplace, to Ayodhya.",ସୀତାଙ୍କ ଜନ୍ମଭୂମି ଜନକପୁରରୁ ବସ୍ ସଂଯୋଗ କରିବ ଅଯୋଧ୍ୟାକୁ।,"ବସ୍, ବସ୍, ବସ୍, ବସ୍, ବସ୍, ବସ୍, ବସ୍, ବସ୍, ବସ୍, ବସ୍, ବସ୍, ବସ୍, ବସ୍, ବସ୍, ବସ୍, ବସ୍, ବସ୍, ବସ୍, ବସ୍, ବସ୍, ବସ୍, ବସ୍, ବସ୍, ବସ୍, ବସ୍, ବସ୍, ବସ୍, ବସ୍, ବସ୍, ବସ୍, ବସ୍, ବସ୍, ବସ୍, ବସ୍, ବସ୍, ବସ୍, ବସ୍, ବସ୍, ବସ୍, ବସ୍, ବସ୍, ବସ୍, ବସ୍, ବସ୍, ବସ୍, ବସ୍, ବସ୍, ବସ୍, ବସ୍, ବସ୍, ବସ୍, ବସ୍, ବସ୍, ବସ୍, ବସ୍, ବସ୍, ବସ୍, ବସ୍, ବସ୍, ବସ୍, ବସ୍, ବସ୍, ବସ୍"
The redrafting process has been started.,ଏଥିପାଇଁ ରେଜିଷ୍ଟ୍ରେସନ ପ୍ରକ୍ରିୟା ଆରମ୍ଭ ହୋଇଛି।,ଆରମ୍ଭ ହୋଇଛି ଯେ ଏହି ଆରମ୍ଭ ହୋଇଛି।
Government help is inadequate.,ସରକାରଙ୍କ ପାଖରେ ଯଥେଷ୍ଟ ସମର୍ଥନ ନାହିଁ ।,ସରକାର ଅଧିକ ସାହାଯ୍ୟ କରିଥାଏ।
So why is government so coy about it?,କାହିଁକି ଏମାନଙ୍କ ପ୍ରତି ଏତେ ଉଦାସୀନ ରହୁଚି ସରକାର ?,ତେବେ କାହିଁକି ଏପରି କାହିଁକି ?
"But that ye may know that the Son of man hath power upon earth to forgive sins, (he said unto the sick of the palsy,) I say unto thee, Arise, and take up thy couch, and go into thine house.","""ମୁଁ କିନ୍ତୁ ତୁମ୍ଭମାନଙ୍କୁ ଦଖାଇେ ଦବେି ଯେ, ମନୁଷ୍ଯପୁତ୍ରଙ୍କର ପାପ କ୍ଷମା କରିବାର ଶକ୍ତି ଅଛି।"""" ତେଣୁ ସେ ପକ୍ଷାଘାତ ରୋଗୀଟିକୁ କହିଲେ, """"ମୁଁ ତୁମ୍ଭକୁ କହୁଛି: ଠିଆ ହୁଅ। ତୁମ୍ଭର ବିଛଣା ଧର ଓ ଘରକୁ ଯାଅ।""""""","""ତା'ପରେ ଆମ୍ଭେ ତୁମ୍ଭକୁ କହିଲେ, """"ମୁଁ ତୁମ୍ଭକୁ ଯେଉଁ ଲୋକ, """"ମୁଁ ତୁମ୍ଭକୁ ଯେଉଁ ଲୋକ ଓ ତୁମ୍ଭେ ସହେି ସ୍ଥାନ ରେ ତୁମ୍ଭେ ସହେି ସ୍ଥାନ ରେ ତୁମ୍ଭେ ସହେି ସ୍ଥାନ ରେ ତୁମ୍ଭେ ସହେି ସ୍ଥାନ ରେ ତୁମ୍ଭେ ସହେି ସ୍ଥାନ ରେ ତୁମ୍ଭେ ସହେି ସ୍ଥାନ ରେ ତୁମ୍ଭେ ସହେି ସ୍ଥାନ ରେ ତୁମ୍ଭେ ସହେି ସ୍ଥାନ ରେ ତୁମ୍ଭେ ସହେି ସ୍ଥାନ ରେ ତୁମ୍ଭେ ସହେି ସ୍ଥାନ ରେ ତୁମ୍ଭେ ସହେି ସ୍ଥାନ ରେ ତୁମ୍ଭେ ମାେତେ କହିଲେ, """"ତୁମ୍ଭେ ମାେ ସହିତ ତୁମ୍ଭର ଦାସ ଓ ତୁମ୍ଭେ ତୁମ୍ଭର ଦାସମାନଙ୍କୁ କହିଲେ, """"ତୁମ୍ଭେ ମାେ ସହିତ ତୁମ୍ଭର ଦାସମାନଙ୍କୁ କହିଲେ, """"ତୁମ୍ଭେ ମାେ ସହିତ ତୁମ୍ଭର ଦାସମାନଙ୍କୁ କହିଲେ, """"ତୁମ୍ଭେ ମାେ ସହିତ ତୁମ୍ଭର ଦାସମାନଙ୍କୁ କହିଲେ, """"ତୁମ୍ଭେ ମାେ ସହିତ ତୁମ୍ଭର ଦାସମାନଙ୍କୁ କହିଲେ, """"ତୁମ୍ଭେ ମାେ ସହିତ ତୁମ୍ଭର ଦାସ, """""
The minimum temperatures are likely to be near normal to below normal during the next week.,ଆଗାମୀ ସପ୍ତାହେ ଧରି ସର୍ବନିମ୍ନ ତାପମାତ୍ରା ହ୍ରାସ ପାଇବାର ସମ୍ଭାବନା ରହିଛି।,ଏହି ସମୟରେ ବିଭିନ୍ନ ସ୍ଥାନରେ ଘଡାନ୍ତରଣ କରିବା ପାଇଁ ଆବଶ୍ୟକ।
Income from Rs 5 lakh to Rs 10 lakh is taxed at 20 per cent while income above Rs 10 lakh is taxed at 30 per cent.,୫ ଲକ୍ଷ ଟଙ୍କାରୁ ୧୦ ଲକ୍ଷ ଟଙ୍କା ଯାଏ ଆୟ ଉପରେ ୨୦ ପ୍ରତିଶତ ଓ ୧୦ ଲକ୍ଷରୁ ଅଧିକ ଆୟ ପାଇଁ ୩୦ ପ୍ରତିଶତ ଟିକସ ଦେବାକୁ ପଡିଥାଏ।,୧୦ ଲକ୍ଷ ଟଙ୍କା ପର୍ଯ୍ୟନ୍ତ ୧୦ ଲକ୍ଷ ଟଙ୍କା ପର୍ଯ୍ୟନ୍ତ ୧୦ ଲକ୍ଷ ଟଙ୍କା ପର୍ଯ୍ୟନ୍ତ ୧୦ ଲକ୍ଷ ଟଙ୍କା ପର୍ଯ୍ୟନ୍ତ ୧୦ ଲକ୍ଷ ଟଙ୍କା ପର୍ଯ୍ୟନ୍ତ ୧୦ ଲକ୍ଷ ଟଙ୍କା ପର୍ଯ୍ୟନ୍ତ ୧୦ ଲକ୍ଷ ଟଙ୍କା ପର୍ଯ୍ୟନ୍ତ ୧୦ ଲକ୍ଷ ଟଙ୍କା ପର୍ଯ୍ୟନ୍ତ ୧୦ ଲକ୍ଷ ଟଙ୍କା ପର୍ଯ୍ୟନ୍ତ ୧୦ ଲକ୍ଷ ଟଙ୍କା ପର୍ଯ୍ୟନ୍ତ ୧୦ ଲକ୍ଷ ଟଙ୍କା ପର୍ଯ୍ୟନ୍ତ ୧୦ ଲକ୍ଷ ଟଙ୍କା ଖର୍ଚ୍ଚ ହୋଇଛି ।
One of them had a lathi.,ଏଥିରୁ ତାଙ୍କର ଗୋଟିଏ ଶାଢ଼ୀ ଥିଲା।,ସେମାନଙ୍କ ମଧ୍ୟରୁ ଜଣେ ବ୍ୟକ୍ତିଙ୍କର ମଧ୍ୟ ଅଛନ୍ତି।
No Media,କୌଣସି ସଞ୍ଚାର ମାଧ୍ଯମ ନାହିଁvolume-grid,ନାହିଁ
"I am not a journalist, he wrote.","ଜାଗୃତି ଲେଖିଛନ୍ତି ଯେ, ମୁଁ ଜଣେ ସାମ୍ବାଦିକା।",ମୁଁ ସେ ଆଉ ଜଣେ ଭଲ ନୁହେଁ।
Another is in critical condition.,ଅନ୍ୟଜଣଙ୍କ ଅବସ୍ଥା ଗୁରୁତର ରହିଛି ।,ଅନ୍ୟ ଜଣେ ଗୁରୁତର ଅଛନ୍ତି।
The investigation is currently underway.,ଏ ନେଇ ଏବେ ତଦନ୍ତ ଜୋର୍ ଧରିଛି।,ଏବେ ଏବେ ଏବେ ଏବେ ଏବେ ବି ତଦନ୍ତ ଚାଲିଛି।
Political ambition will be fulfilled.,ରାଜନୀତିରେ ମନୋକାମନା ପୂରଣ ହେବ।,ଏଥିରେ କୌଣସି ପ୍ରକାର ମାନୁଦ ରହିବ।
It can be consumed early morning or as an evening snack.,ଏହାକୁ ଆପଣ ସକାଳ ସନ୍ଧ୍ୟାରେ ସ୍ନାକ୍ସ ହିସାବରେ ଖାଇପାରିବେ ।,ଆଜି ସକାଳେ ରାତି ପର୍ଯ୍ୟନ୍ତ ରାସ୍ତା ଅବରୋଧ କରାଯାଇ ପାରିବ ।
"She is an Indian national, he said.",ଏହାକୁ ନେଇ ଗୀତା କହିଛନ୍ତି ସେ ଭାରତୀୟ ନାଗରିକ।,ସେ କହିଛନ୍ତି ଯେ ଭାରତୀୟ ନାଗରିକଙ୍କର ଏକ ଗୁରୁତ୍ୱପୂର୍ଣ୍ଣ।
We have some useful tips here.,ଏ ବାବଦରେ ଆଜି ଆମେ ଆପଣଙ୍କୁ କିଛି ଉପକାରୀ ଟିପ୍ସ ବତାଇବୁ।,ଆମେ ସମସ୍ତେ କିଛି ପରିବର୍ତ୍ତନ କରିଛୁ ।
Farmers are not getting price for their produce.,ଚାଷୀମାନଙ୍କୁ ଶସ୍ୟ ଆଣୁଥିବା ଅଖାର ମୂଲ୍ୟ ଦିଆଯାଉନାହିଁ।,ଚାଷୀମାନଙ୍କୁ ସେମାନଙ୍କର ଚିକିତ୍ସା ପାଇଁ ମଧ୍ୟ ବନ୍ଦ ରହିଛି।
But it means nothing.,ହେଲେ ଏହାର କିଛି ଅର୍ଥ ନାହିଁ।,କିନ୍ତୁ ଏହା କିଛି ନୁହେଁ।
"Parents have demanded immediate steps to be taken by the district administration as well as the school and mass education authorities, in this regard.",ଜିଲ୍ଲା ପ୍ରଶାସନ ପକ୍ଷରୁ ତୁରନ୍ତ ଏଥିପ୍ରତି ଦୃଷ୍ଟି ଦେବାକୁ ଅଭିଭାବକ ଓ ଛାତ୍ରଛାତ୍ରୀ ମାନେ ଦାବି କରିଛନ୍ତି ।,"ଜିଲ୍ଲା ପ୍ରଶାସନ ପକ୍ଷରୁ ଜିଲ୍ଲା ପ୍ରଶାସନ ପକ୍ଷରୁ ଜିଲ୍ଲା ପ୍ରଶାସନ, ଜିଲ୍ଲା ପ୍ରଶାସନ, ଜିଲ୍ଲା ପ୍ରଶାସନ, ଜିଲ୍ଲା ପ୍ରଶାସନ, ଜିଲ୍ଲା ପ୍ରଶାସନ, ଜିଲ୍ଲା ପ୍ରଶାସନ ଓ ପ୍ରଶାସନ ପକ୍ଷରୁ ଦାବି କରିଛନ୍ତି ।"
Who is reading them then?,ତେବେ ସେ ସବୁ ପଢୁଛି କିଏ?,ଏହାପରେ ସେମାନଙ୍କ ପାଇଁ କିଏ?
He informed the police about the theft.,ସେ କୋଇଲା ଚୋରି ହେଉଥିବାର ଠିକଣା ପୁଲିସକୁ ଜଣାଇଥିଲେ।,ଏନେଇ ସୂଚନା ଦେଇଛନ୍ତି ପୋଲିସ ।
The Ministry is using its social handles to create awareness of the need to stay at home safe in the period of lockdown and prepare to travel once the world opens up.,ଲକଡାଉନ କାଳରେ ଘରେ ନିରାପଦ ରହିବା ଓ ପରିସ୍ଥିତି ସ୍ଵାଭାବିକ ହେଲେ ନିଜର ଭ୍ରମଣ ଯୋଜନା କରିବା ନେଇ ମନ୍ତ୍ରଣାଳୟ ନିଜର ସାମାଜିକ ମାଧ୍ୟମ ଜରିଆରେ ସଚେତନତା ସୃଷ୍ଟି କରୁଛି ।,ଏହି କ୍ଷେତ୍ରରେ ସାମାଜିକ ଦୂରତା ବଜାୟ ରଖିବା ପାଇଁ ସାମାଜିକ ଦୂରତା ରକ୍ଷା କରିବା ପାଇଁ ଏକ ବଡ଼ ଧରଣର ସାମାଜିକ ଦୂରତା ବଜାୟ ରଖିବା ପାଇଁ ଏକ ବଡ଼ ଧରଣର ।
"Last time, the Bill had lapsed because the Rajya Sabha did not pass it.",ଗତଥର ରାଜ୍ୟସଭାରେ ଅଳ୍ପମତ କାରଣରୁ ଏହି ବିଲ୍ ପାରିତ ହୋଇପାରିନଥିଲା ।,ଏହି ସମୟରେ ସେ କେବଳ ସାଂସଦମାନେ କେବଳ ସାଂସଦମାନେ ମଧ୍ୟ ସେ ବିଷୟରେ କିଛି ସମୟ ନ ଥିଲେ।
Then rinse it off.,ତାପରେ ଏହାକୁ ସଫାକରି ଦିଅନ୍ତୁ।,ଏହାପରେ ଆରମ୍ଭ ହୋଇଯାଇଛି।
The girl was referred for medical examination and the report is awaited.,ପୀଡ଼ିତା ନାବାଳିକାର ଡାକ୍ତରୀ ମାଇନା କରାଯିବା ସହ ମେଡିକାଲ ରିପୋର୍ଟକୁ ଅପେକ୍ଷା କରାଯାଇଛି।,ରିପୋର୍ଟ ଅନୁସାରେ ଏହି ରିପୋର୍ଟକୁ ନେଇ ସୂଚନା ମିଳିଛି ।
"The petition said that the CBI director is appointed based on the recommendation of a committee comprising the prime minister, leader of the Opposition in the Lok Sabha, and the chief justice of India.","ଆବେଦନରେ ଶ୍ରୀ ଖାଡ଼ଗେ ଦର୍ଶାଇଛନ୍ତି, ବିରୋଧୀ ଦଳ ନେତା, ପ୍ରଧାନମନ୍ତ୍ରୀ ଓ ସୁପ୍ରିମକୋର୍ଟର ପ୍ରଧାନ ବିଚାରପତିଙ୍କୁ ନେଇ ଗଠିତ କମିଟି ହିଁ ସିବିଆଇ ଆଇନ୍ ଅନୁଯାୟୀ ସିବିଆଇ ମୁଖ୍ୟଙ୍କୁ ନିଯୁକ୍ତି ଦେଇଥାଆନ୍ତି ଓ ତାଙ୍କୁ ସେହି କମିଟି ଚାହିଁଲେ ହଟାଇ ପାରନ୍ତି।","ବିରୋଧୀ ଦଳ ନେତା ନରସିଂହ ମିଶ୍ର କହିଛନ୍ତି ଯେ, କଂଗ୍ରେସ ନେତା ନରସିଂହ ମିଶ୍ର, ବିରୋଧୀ ଦଳ ନେତା ନରସିଂହ ମିଶ୍ର, କଂଗ୍ରେସ ନେତା ନରସିଂହ ମିଶ୍ର, ବିରୋଧୀ ଦଳ ନେତା ନରସିଂହ ମିଶ୍ର, ବିରୋଧୀ ଦଳ ନେତା ନରସିଂହ ମିଶ୍ର, ବିରୋଧୀ ଦଳ ନେତା ନରସିଂହ ମିଶ୍ର, ବିରୋଧୀ ଦଳ ନେତା ନରସିଂହ ମିଶ୍ର ଏବଂ ବିରୋଧୀ ଦଳ ନେତା ନରସିଂହ ମିଶ୍ରଙ୍କ ଅଧ୍ୟକ୍ଷତାରେ ଗଠିତ ମନ୍ତ୍ରୀ ରାଜନାଥ ସିଂହ କହିଛନ୍ତି।"
He has not yet said that.,ହଁ କି ନାହିଁ ଏ ପର୍ଯ୍ୟନ୍ତ ସେ କହି ନାହିଁ ।,ସେ କହିଛନ୍ତି ଯେ ସେ ସ୍ପଷ୍ଟ ହୋଇନାହିଁ।
Congress leader Navjot Singh Sidhu has stirred yet another controversy.,କଂଗ୍ରେସ ନେତା ନବଜୋତ୍ ସିଂହ ସିଦ୍ଧୁ ପୁଣି ଥରେ ପ୍ରଧାନମନ୍ତ୍ରୀ ନରେନ୍ଦ୍ର ମୋଦିଙ୍କ ଉପରେ ବିବାଦୀୟ ବୟାନ ଦେଇଛନ୍ତି।,କଂଗ୍ରେସ ନେତା ନରସିଂହ ମିଶ୍ରଙ୍କ ମଧ୍ୟରେ ବିବାଦର ପୂର୍ବତନ ପ୍ରଧାନମନ୍ତ୍ରୀ ମନମୋହନ ସିଂହ ଧୋନିଙ୍କ ସହ କଂଗ୍ରେସ ନେତା ନରସିଂହ ମିଶ୍ର।
That is what she,ତେବେ ସେ ଯାହା…,ଏହା କ’ଣ ହେଲା ?
Rain and thundershower are likely to occur at a few places over north Odisha and at one or two places over south Odisha.,ଦକ୍ଷିଣ ଓଡ଼ିଶାର ଗୋଟିଏ କିମ୍ବା ଦୁଇଟି ସ୍ଥାନରେ ଏବଂ ଉତ୍ତର ଓଡ଼ିଶାର ବିଭିନ୍ନସ୍ଥାନରେ ବର୍ଷା ହେବାର ସମ୍ଭାବନା ରହିଛି।,ଗତ କିଛି ସ୍ଥାନରେ ବର୍ଷା ଓ ଉତ୍ତର ଉପକୂଳ ଓଡ଼ିଶାର ଗୋଟିଏ ସ୍ଥାନରେ ବର୍ଷା ହେବାର ସମ୍ଭାବନା ରହିଛି।
This is Modi governments last full budget before the general elections.,ସଧାରଣ ଦିର୍ବାଚନ ପୂର୍ବରୁ ମୋଦି ସରକାରଙ୍କ ଏହା ଶେଷ ବଜେଟ।,ଏହି ନିର୍ବାଚନ ପୂର୍ବରୁ ମୋଦି ସରକାର ଶେଷ ପର୍ଯ୍ୟାୟରେ ଏହି ନିର୍ବାଚନ ପାଇଁ ନିର୍ବାଚନ।
"Vodafone Idea chairman KM Birla had announced that in absence of government support, Vodafone would have to be shut down.","ଏଭଳି କ୍ଷେତ୍ରରେ ଭୋଡାଫୋନ୍-ଆଇଡିଆର ଅଧ୍ୟକ୍ଷ କୁମାର ମଙ୍ଗଳମ୍ ବିର୍ଲା କହିଛନ୍ତି ଯେ, ସରକାରୀ ସହାୟତା ନ ମିଳିଲେ ଏହି ଟେଲିକମ୍ କମ୍ପାନିକୁ ବନ୍ଦ କରି ଦିଆଯିବ ।","ମୁଁ ବିଏସ୍ଏମ୍ଡିଜିଲା, ସରକାରୀ କାର୍ଯ୍ୟାଳୟକୁ ନେଇ ସରକାର ଗଠନ କରାଯିବ ।"
The day is going to be very favorable for you.,ଦିନଟି ଆପଣଙ୍କୁ ଢେରସାରା ଫାଇଦା ଦେବ।,ଦିନଟି ଆପଣଙ୍କ ପାଇଁ ଦିନଟି ଆପଣଙ୍କ ପାଇଁ ଭଲ ରହିବ।
He is likely to be arrested soon.,ତାଙ୍କୁ ଖୁବ୍ଶୀଘ୍ର ଗିରଫ କରାଯିବ ବୋଲି ସୂଚନା ମିଳିଛି।,ଖୁବଶୀଘ୍ର ତାଙ୍କୁ ଗିରଫ କରାଯିବ ବୋଲି ଜଣାପଡିଛି।
Medals and certificates were distributed to the students.,ଛାତ୍ରଛାତ୍ରୀଙ୍କୁ ଡିଗ୍ରି ଓ ପଦକ ମଧ୍ୟ ବଣ୍ଟନ କରାଯାଇଥିଲା।,ଛାତ୍ରଛାତ୍ରୀ ଓ ଛାତ୍ରଛାତ୍ରୀମାନଙ୍କୁ ପୁରସ୍କାର ପ୍ରଦାନ କରିଥିଲେ ।
Several such incidents have already taken place.,ଏହି ଭଳି ଅନେକ ଘଟଣା ପୂର୍ବରୁ ଘଟି ସାରିଛି ।,ଏଭଳି ଘଟଣା ସମ୍ପର୍କରେ କିଛି ସମୟ ପରେ ଏବେ ବିଗିଡ଼ି ନେଇ ଚର୍ଚ୍ଚା ହୋଇଥିଲା।
Congress Busy Stitching Up Alliances To Counter BJP,"କଂଗ୍ରେସକୁ ଘେରିଲା ବିଜେପି, ଭୋଟ୍ ପାଇଁ କଂସେଇ ସାଜୁଛି ଗୋପୂଜକ",କଂଗ୍ରେସ ଓ ବିଜେପି ରାଷ୍ଟ୍ରୀୟ ଅଧ୍ୟକ୍ଷ ଅମିତ ଶାହଙ୍କ ପ୍ରତି ବିଜେପି ନେତା
"The locals have claimed that despite repeated complaints, no action has been taken by the authorities.",ଏନେଇ ବିଭାଗୀୟ ଅଧିକାରୀଙ୍କୁ ବାରମ୍ବାର ଜଣାଇବା ପରେବି କୌଣସି ପଦକ୍ଷେପ ନେଉନଥିବା ଅଭିଯୋଗ କରିଛନ୍ତି ଲୋକେ।,ଏ ସମ୍ପର୍କରେ କୌଣସି ପଦକ୍ଷେପ ଗ୍ରହଣ କରି ନ ଥିବା ଅଭିଯୋଗ କରିଛନ୍ତି।
Entry will be restricted to only those who have the pass.,କେବଳ ପାସଧାରୀଙ୍କୁ ହିଁ ଏଣ୍ଟ୍ରି ପାଇଁ ଅନୁମତି ମିଳିବ ।,ଆପଣ ନିଜ ନିଜ ନିଜ ନିଜ ନିଜ ନିଜ ନିଜ ନିଜ ନିଜ ନିଜ ନିଜ ନିଜ ନିଜ ନିଜ ନିଜ ନିଜ ନିଜ ନିଜ ନିଜ ନିଜ ନିଜ ନିଜ ନିଜ ନିଜ ନିଜ ନିଜ ନିଜ ନିଜ ନିଜ ନିଜ ନିଜ ନିଜ ନିଜ ନିଜ ନିଜ ନିଜ ନିଜ ନିଜ ନିଜ ନିଜ ନିଜ ନିଜ ନିଜ ନିଜ ନିଜ ନିଜ ନିଜ ନିଜ ନିଜ ନିଜ ନିଜ ନିଜ ନିଜ ନିଜ ନିଜ ନିଜ ନିଜ ନିଜ ନିଜ ନିଜ ନିଜ ନିଜ ନିଜ ନିଜ ନିଜ ନିଜ ନିଜ ନିଜ ନିଜ ନିଜ ନିଜ ନିଜ ନିଜ ନିଜ ନିଜ ନିଜ ନିଜ ନିଜ ନିଜ ନିଜ ନିଜ ନିଜ ନିଜ ନିଜ ନିଜ ନିଜ ନିଜ ନିଜ ନିଜ ନିଜ ନିଜ ନିଜ ନିଜ ନିଜ ନିଜ ନିଜ ନିଜ ନିଜ ନିଜ ନିଜ ନିଜ ନିଜ ନିଜ ନିଜ ନିଜ ନିଜ ନିଜ ନିଜ ନିଜ ନିଜ ନିଜ ନିଜ ନିଜ ନିଜ ନିଜ ନିଜ ନିଜ ନିଜ ନିଜ ନିଜ ନିଜ ନିଜ ନିଜ ନିଜ
Justice Kurian Joseph is the only sitting Christian judge of the Supreme Court.,କେରଳରୁ ବର୍ତ୍ତମାନ ଏକମାତ୍ର ସୁପ୍ରିମ୍ କୋର୍ଟ ବିଚାରପତି ହେଲେ ନ୍ୟାୟମୂର୍ତ୍ତି କୁରିଏନ୍ ଯୋଶେଫ।,ଜଷ୍ଟିସ ଏସମ୍ଙ୍କ ନାମର ପୂର୍ବତନ ବିଚାରପତି ଜଷ୍ଟିସ ଏସମ୍ଙ୍କ ନାମୀଦାମୀନ୍।
"Upon receiving information, the fire fighting team reached the site and...",ଖବରପାଇ ଦମକଳ ବାହିନୀ ଘଟଣାସ୍ଥଳରେ ପହଂଚି ନିଆଁକୁ ଆୟତ .,ଖବର ପାଇ ଅଗ୍ନିଶମ ବିଭାଗ ଓ ଅଗ୍ନିଶମ ବିଭାଗ ପକ୍ଷରୁ ସୂଚନା ମିଳିଛି।
"""""""The trains will run from Khariar Road to Sambalpur via Titlagarh, Rayagada to Sambalpur, Bhadrak to Bhubaneswar via Cuttack and Keonjhar to Bhubaneswar via Cuttack,"""" he said.""","ରେଳ ଗୁଡିକ ଖାରିଆର ରୋଡରୁ ସମ୍ୱଲପୁର ଦେଇ ଟିଟିଲାଗଡ , ରାୟଗଡାରୁ ସମ୍ୱଲପୁର , ଭଦ୍ରକରୁ ଭୁବନେଶ୍ୱର ଦେଇ କଟକ ଏବଂ କେନ୍ଦୁଝରରୁ ଭୁବନେଶ୍ୱର ଦେଇ କଟକ ଯିବା ନେଇ ରେଳବାଇ କହିଛି ।","ଭୁବନେଶ୍ୱର: କଟକ, ଭୁବନେଶ୍ୱର ଓ ଭୁବନେଶ୍ୱର କୁମାରଙ୍କୁ କଟକ ଏସସିବି ମେଡିକାଲ ପାଇଁ କଟକ ଏସସିବି ମେଡିକାଲ୍ରେ ଭର୍ତ୍ତି କରାଯିବ ବୋଲି ସେ କହିଛନ୍ତି।"
Himachal Pradesh Chief Minister Jairam Thakur has ordered a magisterial probe into the incident.,ହିମାଚଳ ପ୍ରଦେଶ ମୁଖ୍ୟମନ୍ତ୍ରୀ ଜୟ ରାମ ଠାକୁର ଘଟଣାସ୍ଥଳରେ ପହଞ୍ଚି ଘଟଣାର ଅନୁଧ୍ୟାନ କରିବା ସହିତ ଏହି ଘଟଣାର ତଦନ୍ତ ପାଇଁ ନିର୍ଦ୍ଦେଶ ଦେଇଛନ୍ତି।,ଏହି ଘଟଣା ସ୍ଥଳରେ ମୁଖ୍ୟମନ୍ତ୍ରୀ ଅରବିନ୍ଦ କେଜ୍ରିୱାଲ ଓ ଉତ୍ତର ପ୍ରଦେଶର ମୁଖ୍ୟମନ୍ତ୍ରୀ ଅରବିନ୍ଦ କେଜ୍ରିୱାଲ ଜବତ କରିଛି।
Why such a change?,ଏତେବଡ଼ ଅଦଳ ବଦଳ କାହିଁକି?,କାହିଁକି ଏପରି କାହିଁକି ?
"""Explaining the mathematics behind his claim, Sinha said, """"These days, passengers spend only Rs five per kilometre on air travel from Indore to Delhi.""","ଏହାର ଦାବିରେ ଗଣିତର ବ୍ୟାଖ୍ୟା କରି କହିଲେ, “ଆଜିର ଦିନରେ, ଜଣେ ଯାତ୍ରୀ ଇନ୍ଦୋରରୁ ଦିଲ୍ଲୀ ବିମାନରେ ଯାତ୍ରା କଲେ ପ୍ରତି କିଲୋମିଟର ପାଞ୍ଚ ଟଙ୍କା ବ୍ୟୟ କରିବାକୁ ପଡ଼େ।","ସେ କହିଛନ୍ତି, “ଆନ୍: ଭାରତୀୟ କ୍ରିକେଟ୍ ଦଳର କୋଚୀନ – ୧.୫୦, “ଆଲମ୍ୱାଇ: ଭାରତୀୟ ଜନତାଙ୍କ ଠାରୁ ଅଧିକ ଲୋକତନ୍ତ୍ରକୁ ନିଜର ସ୍ଥାନରୁ ଅଧିକ ଲୋକତନ୍ତ୍ରକୁ ନିଜର ସ୍ଥାନରୁ ଅଧିକ ଲୋକତନ୍ତ୍ରକୁ ନିଜର ସ୍ଥାନ ପାଇଛନ୍ତି।"
State Govemment has taken up Solar Energy Based Electrification Programme to cover 450 inaccessible Tribal villages/hamlets and 500 Tribal Schools.,ରାଜ୍ୟ ସରକାର 450 ଦୁର୍ଗମ ଅଦିବାସୀ ଗ୍ରାମ ବା ପଡା ଓ 500 ଆଦିବାସୀ ବିଦ୍ୟାଳୟ ଗୁଡିକ ପାଇଁ ସୌରଶକ୍ତି ଭିତ୍ତିକ ବିଦ୍ୟୁତୀକରଣ ଯୋଜନା ଆରମ୍ଭ କରିଛନ୍ତି ।,ଏହି ଯୋଜନାଗୁଡ଼ିକ ଦ୍ୱାରା 400 କୋଟି ଟଙ୍କା ବ୍ୟୟ ବରାଦ କରାଯାଇଛି ।
Film director Sanal Sasidharan.,ସଚ୍ଚିଦାନନ୍ଦ ସାମଲ ଏହି ଫିଲ୍ମର ନିର୍ଦ୍ଦେଶନା ଦେଇଛନ୍ତି।,ଏହି ଅବସରରେ ବିବିନ୍ଙ୍କ ସହ ମଧ୍ୟ ସାମିଲ ହୋଇଥିଲେ।
"In Parliament too, BJP members have raised this issue.",ବିଜେପିର ସଭ୍ୟ ମଧ୍ୟ ଏହି ପ୍ରସଙ୍ଗ ଉଠାଇଥିଲେ ।,ଏହି ପ୍ରସଙ୍ଗରେ ବିଜେପି ନେତା ମଧ୍ୟ ବିରୋଧୀ ଦଳ ନେତା ମଧ୍ୟ ଅଛନ୍ତି।
Another truck driver was reported injured.,ଏଥିରେ ଅନ୍ୟ ଟ୍ରକ୍ର ଜଣେ କର୍ମଚାରୀ ଆହତ ହୋଇଛନ୍ତି।,ଏଥିରେ ଡ୍ରାଇଭରଙ୍କ ମୃତ୍ୟୁ ହୋଇଥିବା ବେଳେ ଡ୍ରାଇଭରଙ୍କୁ ଗୁରୁତର ଆହତ ହୋଇଛନ୍ତି।
The entire country knows this too.,ଏକଥା ସମଗ୍ର ଦେଶବାସୀ ଜାଣି ସାରିଲେଣି।,ଏହି କଥା ହେଉଛି ଏହାର ଉତ୍ତର ।
Then he talks about his father.,ଏହା ପରେ ସେମାନେ ତାଙ୍କ ବାପାଙ୍କ ବିଷୟରେ କହିଥିଲେ।,ଏହାପରେ ସେ ତାଙ୍କ ବାପାଙ୍କୁ ନେଇ ସୂଚନା ଦେଇଛନ୍ତି।
But that dream didnt materialise.,ହେଲେ ଏହି ସ୍ୱପ୍ନ ପୂରଣ ହୋଇପାରିଲା ନାହିଁ।,କିନ୍ତୁ ଏହା ଆହୁରି ମଧ୍ୟ କିଛି ସମୟ ନ ଥିଲା।
"Meanwhile, the district administration has ordered an enquiry into the incident.",ଅନ୍ୟପକ୍ଷରେ ଜିଲ୍ଲା ସ୍ଵାସ୍ଥ୍ୟ ଅଧିକାରୀ ଘଟଣାର ତଦନ୍ତ ନିର୍ଦ୍ଦେଶ ଦେଇଛନ୍ତି।,ଜିଲ୍ଲା ପ୍ରଶାସନ ପକ୍ଷରୁ ଜିଲ୍ଲା ପ୍ରଶାସନ ପକ୍ଷରୁ ଜିଲ୍ଲା ମୁଖ୍ୟ ଚିକିତ୍ସାଳୟରେ ଭର୍ତ୍ତି କରାଯାଇଛି।
Educational eligibility:,ଶିକ୍ଷାଗତ ଯୋଗ୍ୟତା:,ବୃଷ:
The police also searched overnight.,ରାତି ତମାମ ପୋଲିସ ଖୋଜି ଖୋଜି ନୟାନ୍ତ ହୋଇଥିଲା ।,ଏପରିକି ପୁଲିସ ମଧ୍ୟ ବନ୍ଦ କରି ମଧ୍ୟ ବନ୍ଦ କରିଥିଲା।
UPs situation is much better than other states.,ଅନ୍ୟ ରାଜ୍ୟମାନଙ୍କଠାରୁ ଆମ ରାଜ୍ୟର ସ୍ଥିତି ବହୁତ ଭଲ ।,ଅନ୍ୟ ରାଜ୍ୟ ସରକାର ମଧ୍ୟ ସମାନ ସ୍ଥିତି ଅଧିକ।
They died.,ଫଳରେ ସେମାନଙ୍କର ମୃତ୍ୟୁ ଘଟିଛି।,ସେମାନେ ମୃତ୍ୟୁ ଘଟିଥିଲା।
This is an allegation,ଏହି ଦାବି .,ଏହା ଏକ ବଡ଼ ପ୍ରଶ୍ନ
They both died on the spot.,ପରେ ଦୁହିଁଙ୍କର ଘଟଣାସ୍ଥଳରେ ମୃତ୍ୟୁ ହୋଇଥିଲା ।,ଘଟଣାସ୍ଥଳରେ ହିଁ ମୃତ୍ୟୁ ଘଟିଥିଲା।
Still they kept quiet.,ତଥାପି ସେମାନେ ଚୁପ୍ ରହିଥିଲେ।,ସେମାନେ ବିଚଳିତ ଦିଅନ୍ତୁ।
System settings,ତନ୍ତ୍ର ବିନ୍ୟାସ, ⁇ A ⁇ 
The incident happened in the evening.,ସନ୍ଧ୍ୟା ସମୟରେ ଏହି ଘଟଣା ଘଟିଛି ।,ଗତକାଲି ରାତିରେ ଏହି ଘଟଣା ଘଟିଛି।
The video has been circulated on social media.,ଯାହାର ଭିଡିଓ ଭାଇରାଲ୍ ହୋଇ ସୋସିଆଲ୍ ମିଡିଆରେ ଘୁରି ବୁଲୁଛି ।,ଏହି ଭିଡିଓ ସୋସିଆଲ ମିଡିଆରେ ଭାଇରାଲ ହେବାରେ ଲାଗିଛି।
It did not succeed.,ତାହା ଫଳପ୍ରଦ ହୋଇନଥିଲା।,ଏଥିରେ ସଫଳ ହୋଇପାରିନଥିଲା।
Phase- 2 will comprise of two corridors of total length 28.254 kms.,ଫେଜ୍-2ରେ ମୋଟ୍ 28.254 କିଲୋମିଟରର 2ଟି କରିଡର୍ ରହିବ ।,ଦୁଇଟି ପର୍ଯ୍ୟାୟରେ ଦୁଇଟି ଆସନ ପାଇଁ ୨୨ଟି ଆସନ ପାଇଁ ୨୨ଟି ଆସନ ପାଇଁ ୨୨ଟି ଆସନ ପାଇଁ ୨୨ଟି ଆସନ ପାଇଁ ୨୨ଟି ଆସନ ପ୍ରଦାନ କରାଯିବ ।
Beneficial for the skin,ତ୍ବଚା ପାଇଁ ଲାଭଦାୟକ, ⁇ 
locals rescued him from a deserted spot and shifted him to the Raghunathpur hospital.,ସ୍ଥାନୀୟଲୋକେ ମହିଳାଙ୍କୁ ଉଦ୍ଧାର କରି ରଘୁନାଥପୁର ମେଡିକାଲରେ ଭର୍ତ୍ତି କରାଥିଲେ ।,ସ୍ଥାନୀୟ ଲୋକେ ଉଦ୍ଧାର କରି ନିକଟସ୍ଥ ମେଡିକାଲରେ ଭର୍ତ୍ତି କରିଥିଲେ।
"Particularly, in this case.",ଖାସ୍ କରି ଏହିସବୁ କ୍ଷେତ୍ରରେ ।,ତେବେ ଏହି ମାମଲାରେ ସିବିଆଇର ଏହି ମାମଲାର ଶୁଣାଣି କରିବେ।
"And Joanna the wife of Chuza Herod's steward, and Susanna, and many others, which ministered unto him of their substance.","େ ହରୋଦଙ୍କ ଗୁମାସ୍ତା ଖୂଜାଙ୍କ ସ୍ତ୍ରୀ ୟୋହାନ୍ନା, ଶୋଶାନ୍ନା, ପୁଣି ଏହିଭଳି ଆହୁରି ଅନକେ ସ୍ତ୍ରୀ ଲୋକ ମଧ୍ଯ ଯାଉଥିଲେ। ସହେି ସ୍ତ୍ରୀ ଲୋକମାନେ ଯୀଶୁ ଓ ତାହାଙ୍କ ପ୍ ରରେିତମାନଙ୍କୁ ସାହାୟ୍ଯ କରିବା ପାଇଁ ସମାନଙ୍କେ ନିଜ ଟଙ୍କା ଖର୍ଚ୍ଚ କରୁଥିଲେ।","""ତା'ପରେ ସହେି ସ୍ତ୍ରୀଙ୍କ ପୁତ୍ର ଥିଲେ। ସମାନେେ ଅନ୍ୟ ଜଣେ ସ୍ତ୍ରୀ ଲୋକ ଓ ତାଙ୍କ ସ୍ତ୍ରୀ ଲୋକ ଓ ତାଙ୍କ ସ୍ତ୍ରୀ ଲୋକ ଓ ତାଙ୍କ ସ୍ତ୍ରୀ ଲୋକ ଓ ତାଙ୍କ ସ୍ତ୍ରୀ ଲୋକ ଓ ତାଙ୍କ ସ୍ତ୍ରୀଙ୍କ ପୁତ୍ର।"
"Several Pakistan cricket fans, in the past, have showcased their admiration for many Indian cricketers.",ବିଗତ ଦିନରେ କିଛି ପାକିସ୍ତାନୀ ପ୍ରଶଂସକ ଏହି ଭାରତୀୟ କ୍ୟାପଟେନଙ୍କ ପ୍ରତି ଖୁବ୍ ସମ୍ମାନ ଦେଖାଇଛନ୍ତି।,ଏହି ଅବସରରେ ପାକିସ୍ତାନ ମଧ୍ୟରେ ଅନେକ ଦେଶ ନିଜ ନିଜ ନିଜ ନିଜ ନିଜ ନିଜ ନିଜ ନିଜ ନିଜ ନିଜ ନିଜ ନିଜ ନିଜ ନିଜ ନିଜ ନିଜ ନିଜ ନିଜ ନିଜ ନିଜ ନିଜ ନିଜ ନିଜ ନିଜ ନିଜ ନିଜ ନିଜ ନିଜ ନିଜ ନିଜ ନିଜ ନିଜ ନିଜ ନିଜ ନିଜ ନିଜ ନିଜ ନିଜ ନିଜ ନିଜ ନିଜ ନିଜ ନିଜ ନିଜ ନିଜ ନିଜ ନିଜ ନିଜ ନିଜ ନିଜ ନିଜ ନିଜ ନିଜ ନିଜ ନିଜ ନିଜ ନିଜ ନିଜ ନିଜ ନିଜ ନିଜ ନିଜ ନିଜ ନିଜ ନିଜ ନିଜ ନିଜ ନିଜ ନିଜ ନିଜ ନିଜ ନିଜ ନିଜ ନିଜ ନିଜ ନିଜ ନିଜ ନିଜ ନିଜ ନିଜ ନିଜ ନିଜ ନିଜ ନିଜ ନିଜ ନିଜ ନିଜ ନିଜ ନିଜ ନିଜ ନିଜ ନିଜ ନିଜ ନିଜ ନିଜ ନିଜ ନିଜ ନିଜ ନିଜ ନିଜ ନିଜ ନିଜ ନିଜ ନିଜ ନିଜ ନିଜ ନିଜ ନିଜ ନିଜ ନିଜ ନିଜ ନିଜ ନିଜ ନିଜ ନିଜ ନିଜ ନିଜ ନିଜ ନିଜ
It keeps hair healthy and beautiful..,କେଶକୁ ସୁସ୍ଥ ଓ ସୁନ୍ଦର ରଖିବା .,ଏହା କ’ଣ ଓ କେଶର କ’ଣ ରହିଛି।
The Pulwama terrorist attack has deeply hurt India.,ପୁଲୱାମା ଆତଙ୍କବାଦୀ ଆକ୍ରମଣର ରୋଗ ସୁଝାଇ ଦେଇଥିଲା ଭାରତ।,ଭାରତ ଆତଙ୍କବାଦୀ ଆକ୍ରମଣ ପରେ ପାକିସ୍ତାନ ପକ୍ଷରୁ ଏକ ଆତଙ୍କବାଦୀ ଆକ୍ରମଣ କରାଯାଇଛି।
The match will be played between India & Bangladesh.,ଏହି ମ୍ୟାଚ ଭାରତ ଓ ଇଂଲଣ୍ଡ ମଧ୍ୟରେ ଖେଳାଯିବ।,ଭାରତ-ପାକିସ୍ତାନ ମଧ୍ୟରେ ଇଂଲଣ୍ଡ ମଧ୍ୟରେ ଇଂଲଣ୍ଡ ମଧ୍ୟରେ ହେବ।
"Science is after all, but a means to a far greater end of making a difference in the lives of others, of furthering human progress and welfare.","ବିଜ୍ଞାନ ହେଉଛି ସର୍ବୋପରୀ, ଅନ୍ୟମାନଙ୍କ ଜୀବନରେ ପରିବର୍ତ୍ତନ ଆଣିବା, ମାନବୀୟ ପ୍ରଗତି ଏବଂ କଲ୍ୟାଣର ମାଧ୍ୟମ ।","ସମସ୍ତ ପ୍ରକାରମାନେ, ଶିକ୍ଷା, ଶିକ୍ଷା, କିନ୍ତୁ ଏହି ସବୁ ରାଜନୈତିକ ମହୋତ୍ସବତା, କିନ୍ତୁ ଏହା ଏକ ଗୁରୁତ୍ୱପୂର୍ଣ୍ଣ ଭୂମିକା ରହିଛି ।"
"Hearken to me, ye that follow after righteousness, ye that seek the LORD: look unto the rock whence ye are hewn, and to the hole of the pit whence ye are digged.",""""""" ହେ ଧର୍ମାଚାରୀଗଣ, ହେ ସଦାପ୍ରଭୁଙ୍କ ଅନ୍ବଷେଣକାରୀଗଣ। ତୁମ୍ଭମାନେେ ଆମ୍ଭର କଥା ଶୁଣ . ତୁମ୍ଭମାନେେ ଯେଉଁ ଶୈଳରୁ କଟା ହାଇେଥିଲ ଓ ଯେଉଁ ଗର୍ତ୍ତରୁ ଚ୍ଛଦରେୁ ଖୋଳା ହାଇେଥିଲା, ତାହା ପ୍ରତି ଦୃଷ୍ଟିପାତ କର।""","""ତା'ପରେ ସହେି ଲୋକକୁ ସହେି ଲୋକକୁ ପଠାଇଲେ। ସହେି ଲୋକକୁ ପଠାଇଲେ। ସହେି ଲୋକ, """"ତୁମ୍ଭେ ସହେି ଲୋକ। ସହେି ଲୋକକୁ ପଠାଇଲେ। ସହେି ଲୋକ। ସହେି ଲୋକକୁ ପଠାଇଲେ। ସହେି ଲୋକ। ସହେି ଲୋକକୁ ପଠାଇଲେ। ସହେି ଲୋକ। ସହେି ଲୋକକୁ ପଠାଇଲେ। ସହେି ଲୋକ। ସହେି ଲୋକ। ସହେି ଲୋକ। ସହେି ଲୋକକୁ ପଠାଇଲେ।"
Nursery School.,ନାଆଁକରା ବିଦ୍ୟାଳୟ ।,ସ୍କୁଲ ବନ୍ଦ ରହିଥିଲା।
"During the treatment, Nishu died.",ଚିକିତ୍ସା ସମୟରେ ନଫିସାର ମୃତ୍ୟୁ ହୋଇଥିଲା ।,ଚିକିତ୍ସାଧିନ ଅବସ୍ଥାରେ ତାଙ୍କର ମୃତ୍ୟୁ ହୋଇଛି।
Two children and a woman were reportedly among the victims.,ମୃତକ ମଧ୍ୟରୁ ଜଣେ ଦୁଇଜଣ ଶିଶୁ ଓ ଜଣେ ମହିଳା ଥିବା ଜଣାପଡ଼ିଛି।,ମହିଳା ଓ ମହିଳା ଜଣକ ଦୁଇ ଜଣ ମହିଳା ଜଣକ ଦୁଇ ଜଣ ମହିଳା ରହିଛନ୍ତି।
Spurned youth attacks woman. arrested,"ମହିଳାଙ୍କୁ ଦୁଷ୍କର୍ମ ଉଦ୍ୟମ, ଯୁବକ ଗିରଫ",ଏହି ଆକ୍ରମଣରେ ମହିଳାଙ୍କ ସମେତ ଜଣେ ମହିଳା ଜଣକ ଗିରଫ କରିଛି।
The deceased is survived by 3 sons and 2 daughters.,ମୃତ ମହିଳାଙ୍କ ୩ଟି ଝିଅ ଓ ୨ଟି ପୁଅ ଥିବା ଜଣାପଡ଼ିଛି।,ମୃତକଙ୍କ ମଧ୍ୟରେ ଜଣେ ମୃତ ବ୍ୟକ୍ତି ଓ ୨ ଜଣକର ଅଛନ୍ତି।
Couldn't change authorization for key.,କି ପାଇଁ ବୈଧିକରଣକୁ ପରିବର୍ତ୍ତନ କରିପାରିଲା ନାହିଁ।, ⁇ S ⁇ S ⁇ S ⁇ S ⁇ S ⁇ S ⁇ S ⁇ no ⁇ e ⁇ e ⁇ e ⁇ e ⁇ e ⁇ e ⁇ e ⁇ e ⁇ e ⁇ e ⁇ e ⁇ e ⁇ e ⁇ e ⁇ e ⁇ e ⁇ e ⁇ e ⁇ e ⁇ e ⁇ e ⁇ e ⁇ e ⁇ e ⁇ e ⁇ e ⁇ e ⁇ e ⁇ e ⁇ e ⁇ e ⁇ e ⁇ e ⁇ e ⁇ e  ⁇ e ⁇ e ⁇ e ⁇ e ⁇ e ⁇ e ⁇ e ⁇ e ⁇ e ⁇ e ⁇ e ⁇ e ⁇ e ⁇ e ⁇ e ⁇ e ⁇ e ⁇ e
"Go to JW Broadcasting, and look under INTERVIEWS AND EXPERIENCES.",JW ବ୍ରୋଡକାଷ୍ଟିଙ୍ଗ୍କୁ ଯାଇ ସାକ୍ଷାତ୍କାର ଓ ଅନୁଭୂତି (ହିନ୍ଦୀ) ବିଭାଗରେ ଦେଖନ୍ତୁ ।,ଏହି ବିଲକୁ ଡି. କେ. କେ. କେ. କେ. କେ. କେ. କେ. କେ. କେ. କେ. କେ. କେ. କେ. କେ. କେ. କେ. କେ. କେ. କେ. କେ. କେ. କେ. କେ. କେ. କେ. କେ. କେ. କେ. କେ. କେ. କେ. କେ. କେ. କେ. କେ. କେ. କେ. କେ. କେ. କେ..... କେ...................................
The interiors are also nicely designed.,ଘର ଭିତରେ ମଧ୍ୟ ବହୁତ ସୁନ୍ଦର ଇଣ୍ଟରିୟର ଡିଜାଇନ ହୋଇଛି।,ସେହିପରି ଏହି ପ୍ରକ୍ରିୟା ମଧ୍ୟ ବନ୍ଦ ରହିଛି।
The photos are going viral on social media .,ଯେଉଁ ଫଟୋ ସୋଶାଲ ମିଡିଆରେ ଭାଇରାଲ ହେଉଛି।,ସୋସିଆଲ ମିଡିଆରେ ଭାଇରାଲ ହେବାରେ ଲାଗିଛି।
"""He tweeted, """"Today I had the corona test done and the report came back positive.""",ସେ ଟ୍ୱିଟରରେ ଲେଖିଛନ୍ତି ଯେ 'ଆଜି ମୋର କରୋନା ପରୀକ୍ଷା କରାଯାଇଥିଲା ଏବଂ ରିପୋର୍ଟ ପଜିଟିଭ୍ .,"ମୁଁ ଏହି ରିପୋର୍ଟ ଅନୁସାରେ ମୁଁ ଆଜି ମୁଁ ତାଙ୍କ ରିପୋର୍ଟ ଅନୁସାରେ ସେ କହିଛନ୍ତି, “ଆପଣ କରିଥିଲି।"
There won't be any problem.,ଆଉ କୌଣସି ଅସୁବିଧା ରହିବ ନାହିଁ।,କୌଣସି ସମସ୍ୟା ଦେଖାଦେବ ନାହିଁ।
"When Atalji passed away, within moments Oli Ji called me and offered his condolences. I know that was not a mere formality.","ଅଟଳ ଜୀଙ୍କର ସ୍ୱର୍ଗବାସର କିଛି ସମୟ ପରେ କୋଲି ମହାଶୟ ମୋତେ ଫୋନ କରି ଏହି ଦୁଃଖର ସମୟରେ ସାନ୍ତ୍ୱନା ଦେଲେ, ଏହା ଏକ ଔପଚାରିକତା ନ ଥିଲା ।","""ତା'ପରେ ମୁଁ ଜଣେ ଲୋକ, """"ମୁଁ ତୁମ୍ଭକୁ ଜଣେ ଲୋକ, """"ମୁଁ ତୁମ୍ଭକୁ ଜଣେ ଲୋକ, """"ମୁଁ ତୁମ୍ଭକୁ ଜଣେ ଲୋକ ନୁହେଁ।"
The death toll is likely to rise as many of the injured are in serious condition.,ଆହତଙ୍କ ମଧ୍ୟରେ ଅନେକଙ୍କ ଅବସ୍ଥା ଗୁରୁତର ଥିବାରୁ ମୃତୁ୍ୟ ସଂଖ୍ୟା ଆହୁରି ବୃଦ୍ଧି ପାଇବାର ଆଶଙ୍କା ରହିଛି ।,ଦୁର୍ଘଟଣାରେ ଗୁରୁତର ଆହତ ହୋଇଛନ୍ତି।
He wont get any reward for it.,ତାଙ୍କଠାରୁ କୌଣସି ଜରିମାନା ଆଦାୟ କରାଯିବ ନାହିଁ।,ସେ କୌଣସି ପ୍ରକାରରେ ନ ଥିଲେ।
Security forces kill terrorist in gunfight in Sopore,ସୋପୋର୍ରେ ଶୀର୍ଷସ୍ତରୀୟ ଲଶ୍କର୍ ଆତଙ୍କବାଦୀକୁ ହତ୍ୟା କଲେ ନିରାପତ୍ତା ବଳ,ସୁରକ୍ଷା ବାହିନୀରେ ସୁରକ୍ଷା ବ୍ୟବସ୍ଥା କଡ଼ାକଡ଼ି
The music is composed by Sachin-Jigar.,ସଚିନ-ଜିଗର୍ ଏଥିରେ ସଙ୍ଗୀତ ନିର୍ଦ୍ଦେଶନା ଦେଇଛନ୍ତି।,ଏହି ସମୟରେ ଏହି ସମୟରେ କ’ଣର ଏକ କ’ଣ ରହିଛି।
"Then Paul stood up, and beckoning with his hand said, Men of Israel, and ye that fear God, give audience.","""ତେଣୁ ପାଉଲ ଠିଆ ହାଇେ ହାତ ରେ ସଙ୍କତେ ଦେଲେ ଏବଂ କହିଲେ, """" ହେ ଇଶ୍ରାୟେଲୀୟ ଲୋକମାନେ ପ୍ରକୃତ ପରମେଶ୍ବରଙ୍କୁ ଉପାସନା କରିଥିବା ଅନ୍ୟଜାତୀୟମାନେ, ଅନୁଗ୍ରହ କରି ମାେ କଥା ଶୁଣ।""","""ତା'ପରେ ସହେି ଲୋକ କହିଲେ, """"ମୁଁ ତୁମ୍ଭକୁ କହିଲେ, """"ମୁଁ ତୁମ୍ଭକୁ, """" ହେ, """"ମୁଁ ତୁମ୍ଭକୁ, """" ହେ, """" ହେ, """" ହେ, """" ହେ ଓ ତା'ପରେ ସହେି ସ୍ଥାନ ରେ ତୁମ୍ଭେ ସହେି ସ୍ଥାନ ରେ ତୁମ୍ଭେ ସହେି ସ୍ଥାନ ରେ ତୁମ୍ଭେ ସହେି ସ୍ଥାନ ରେ ତୁମ୍ଭେ ସହେି ସ୍ଥାନ ରେ ତୁମ୍ଭେ ସହେି ସ୍ଥାନ ରେ ତୁମ୍ଭେ ସହେି ସ୍ଥାନ ରେ ତୁମ୍ଭେ ସହେି ସ୍ଥାନ ରେ ତୁମ୍ଭେ ସହେି ସ୍ଥାନ ରେ ତୁମ୍ଭେ ସହେି ସ୍ଥାନ ରେ ପରମେଶ୍ବରଙ୍କଠା ରେ ପରମେଶ୍ବରଙ୍କଠା ରେ ପରମେଶ୍ବରଙ୍କଠା ରେ ପରମେଶ୍ବରଙ୍କଠା ରେ ପରମେଶ୍ବରଙ୍କଠା ରେ ପରମେଶ୍ବରଙ୍କଠା ରେ ପରମେଶ୍ବରଙ୍କଠା ରେ ପରମେଶ୍ବରଙ୍କଠା ରେ ପରମେଶ୍ବରଙ୍କ ରେ ପରମେଶ୍ବରଙ୍କ ରେ ପରମେଶ୍ବରଙ୍କ ରେ ପରମେଶ୍ବରଙ୍କ ରେ ତୁମ୍ଭେ ସହେି ନଗର ରେ ପରମେଶ୍ବରଙ୍କ ରେ ପରମେଶ୍ବରଙ୍କଠା ରେ ୟିବ।"
"Prime Minister Narendra Modi, Defence Minister Nirmala Sitharaman, Home Minister Rajnath Singh and BJP president Amit Shah will all attend the funeral procession.","ମଦନଲାଲଙ୍କ ମୃତ୍ୟୁ ପରେ କେନ୍ଦ୍ର ଗୃହମନ୍ତ୍ରୀ ଅମିତ ଶାହା, ବିଜେପି କାର୍ଯ୍ୟକାରୀ ରାଷ୍ଟ୍ରୀୟ ଅଧ୍ୟକ୍ଷ ଜଗତ ପ୍ରସାଦ ନଡ୍ଡା , କେନ୍ଦ୍ର ପ୍ରତିରକ୍ଷା ମନ୍ତ୍ରୀ ରାଜନାଥ ସିଂହ ଏବଂ ଲୋକସଭା ବାଚସ୍ପତି ଓମ୍ ବିର୍ଲାଙ୍କ ସମେତ ବହୁ ନେତା ତାଙ୍କର ଅନ୍ତିମ ଦର୍ଶନ କରିଥିଲେ ।","ପ୍ରଧାନମନ୍ତ୍ରୀ ନରେନ୍ଦ୍ର ମୋଦି, ଗୃହମନ୍ତ୍ରୀ ଅମିତ ଶାହ, ଗୃହମନ୍ତ୍ରୀ ଅମିତ ଶାହ, ଗୃହମନ୍ତ୍ରୀ ଅମିତ ଶାହ, ଗୃହମନ୍ତ୍ରୀ ଅମିତ ଶାହ, ଗୃହମନ୍ତ୍ରୀ ଅମିତ ଶାହ, ଗୃହମନ୍ତ୍ରୀ ଅମିତ ଶାହ, ଗୃହମନ୍ତ୍ରୀ ଅମିତ ଶାହ, ଗୃହମନ୍ତ୍ରୀ ଅମିତ ଶାହ, ଗୃହମନ୍ତ୍ରୀ ଅମିତ ଶାହ, ଗୃହମନ୍ତ୍ରୀ ଅମିତ ଶାହ, ଗୃହମନ୍ତ୍ରୀ ଅମିତ ଶାହ, ଗୃହମନ୍ତ୍ରୀ ଅମିତ ଶାହ, ଗୃହମନ୍ତ୍ରୀ ଅମିତ ଶାହ, ଗୃହମନ୍ତ୍ରୀ ଅମିତ ଶାହ, ଗୃହମନ୍ତ୍ରୀ ଅମିତ ଶାହ, ଗୃହମନ୍ତ୍ରୀ ଅମିତ ଶାହ, ଗୃହମନ୍ତ୍ରୀ ଅମିତ ଶାହ, ଗୃହମନ୍ତ୍ରୀ ଅମିତ ଶାହ, ଗୃହମନ୍ତ୍ରୀ ଅମିତ ଶାହ, ଗୃହମନ୍ତ୍ରୀ ଅମିତ ଶାହ, ଗୃହମନ୍ତ୍ରୀ ଅମିତ ଶାହ, ଗୃହମନ୍ତ୍ରୀ ଅମିତ ଶାହ, ଗୃହମନ୍ତ୍ରୀ ଅମିତ ଶାହ, ଗୃହମନ୍ତ୍ରୀ ଅମିତ ଶାହ, କେନ୍ଦ୍ର ଅର୍ଥମନ୍ତ୍ରୀ ନିର୍ମଳା ସୀତାରମଣ, ବିଜେପି ରାଷ୍ଟ୍ରୀୟ ଅଧ୍ୟକ୍ଷ ଅମିତ ଶାହ, ଗୃହମନ୍ତ୍ରୀ ଅମିତ ଶାହ, ଗୃହମନ୍ତ୍ରୀ ଅମିତ ଶାହ, ଗୃହମନ୍ତ୍ରୀ ଅମିତ ଶାହ, ଗୃହମନ୍ତ୍ରୀ ଅମିତ"
"Home Minister Amit Shah, Finance Minister Sitharaman, Railway Minister Piyush Goyal, Agriculture Minister Narendra Singh Tomar among others will be present at the meeting.","ବୈଠକରେ ସ୍ଵରାଷ୍ଟ୍ର ମନ୍ତ୍ରୀ ଅମିତ୍ ଶାହା, ରେଳ ମନ୍ତ୍ରୀ ପିୟୂଷ ଗୋଏଲ, ଅର୍ଥ ମନ୍ତ୍ରୀ ନିର୍ମଳା ସୀତାରମଣ, ସିଡିଏସ ଜେନେରାଲ ବିପିନ ରାଓ୍ଵତ ସମେତ ଅନେକ ବରିଷ୍ଠ ଅଫିସର ଉପସ୍ଥିତ ଥିଲେ।","ଏହି ବୈଠକରେ କେନ୍ଦ୍ର ମନ୍ତ୍ରୀ ରାଜନାଥ ସିଂହ, କେନ୍ଦ୍ର ମନ୍ତ୍ରୀ ରାଜନାଥ ସିଂହ, କେନ୍ଦ୍ର ମନ୍ତ୍ରୀ ରାଜନାଥ ସିଂହ, କେନ୍ଦ୍ର ମନ୍ତ୍ରୀ ରାଜନାଥ ସିଂହ, କେନ୍ଦ୍ର ମନ୍ତ୍ରୀ ରାଜନାଥ ସିଂହ, କେନ୍ଦ୍ର ମନ୍ତ୍ରୀ ରାଜନାଥ ସିଂହ, ଗୃହମନ୍ତ୍ରୀ ଅମିତ ଶାହ, କେନ୍ଦ୍ର ମନ୍ତ୍ରୀ ରାଜନାଥ ସିଂହ, କେନ୍ଦ୍ର ମନ୍ତ୍ରୀ ରାଜନାଥ ସିଂହ, କେନ୍ଦ୍ର ମନ୍ତ୍ରୀ ରାଜନାଥ ସିଂହ, କେନ୍ଦ୍ର ମନ୍ତ୍ରୀ ରାଜନାଥ ସିଂହ, କେନ୍ଦ୍ର ମନ୍ତ୍ରୀ ରାଜନାଥ ସିଂହ, କେନ୍ଦ୍ର ମନ୍ତ୍ରୀ ରାଜନାଥ ସିଂହ, କେନ୍ଦ୍ର ମନ୍ତ୍ରୀ ରାଜନାଥ ସିଂହ, କେନ୍ଦ୍ର ମନ୍ତ୍ରୀ ରାଜନାଥ ସିଂହ, କେନ୍ଦ୍ର ମନ୍ତ୍ରୀ ରାଜନାଥ ସିଂହ, କେନ୍ଦ୍ର ମନ୍ତ୍ରୀ ରାଜନାଥ ସିଂହ, କେନ୍ଦ୍ର ମନ୍ତ୍ରୀ ରାଜନାଥ ସିଂହ, କେନ୍ଦ୍ର ମନ୍ତ୍ରୀ ରାଜନାଥ ସିଂହ, କେନ୍ଦ୍ର ମନ୍ତ୍ରୀ ରାଜନାଥ ସିଂହ, କେନ୍ଦ୍ର ମନ୍ତ୍ରୀ ରାଜନାଥ ସିଂହ, କେନ୍ଦ୍ର ମନ୍ତ୍ରୀ ରାଜନାଥ ସିଂହ, କେନ୍ଦ୍ର ମନ୍ତ୍ରୀ ରାଜନାଥ ସିଂହ, କେନ୍ଦ୍ର ମନ୍ତ୍ରୀ ରାଜନାଥ ସିଂହ, କେନ୍ଦ୍ର ମନ୍ତ୍ରୀ ରାଜନାଥ ସିଂହ"
"New York Times compares Baba Ramdev to Donald Trump, says he could be India's future PM",ଆଗାମୀ ଦିନରେ ବାବା ରାମଦେବ ହୋଇପାରନ୍ତି ଭାରତର ପ୍ରଧାନମନ୍ତ୍ରୀ ବୋଲି ଆକଳନ କରି କହିଲା ଆମେରିକାର ଗଣମାଧ୍ୟମ ‘ନ୍ୟୁୟର୍କ ଟାଇମ୍ସ’ !,"ସେ କହିଛନ୍ତି ଯେ, “ଆମୀଙ୍କ ପାଇଁ ରାଷ୍ଟ୍ରପତି ଡୋନାଲ୍ଡ ଟ୍ରମ୍ପ, “ଆମୀଙ୍କ ମୃତ୍ୟୁ ହୋଇଥିବା ବେଳେ ଭାରତ-ଅଣୀଙ୍କ ମୃତ୍ୟୁ ଘଟିଥିବା ସେ କହିଛନ୍ତି, “ଆମୀଙ୍କ ପାଇଁ, “ଆମୀଙ୍କ ପାଇଁ ମୁଁ ଭାରତ-ଅଣୀଙ୍କ ସହ ମିଶି ଆଲୋଚନା ହେବ ।"
fourth day,ଚତୁର୍ଥ ଦିନିକିଆ ।,ଦିନ ଦିନ ଦିନ ଦିନ ହେବ
Bicycle thefts,ସାଇକେଲ ଚୋରିରୁ ହଣାହଣି,ଆଲୁକାଣ୍ଡ
Not everything works.,ସବୁ କୌଶଳ କାମ ଦେଉନି ।,ସବୁ କଥା ବି ନାହିଁ।
She was also charged with attempting to commit suicide.,ସେ ସ୍ତ୍ରୀଙ୍କୁ ଆତ୍ମହତ୍ୟା କରିବାକୁ ଉସକାଇଥିବା ଅଭିଯୋଗ ମଧ୍ୟ ହୋଇଥିଲା ।,ସେ ଆତ୍ମହତ୍ୟା କରିଥିବା ଅଭିଯୋଗ କରିଛନ୍ତି।
No electricity.,ବିଦ୍ୟୁତ ସଂଯୋଗ କରାଗଲାନାହିଁ ।,ନାହିଁ।
It is clear that the mosque was built after demolishing a Hindu temple.,ତେଣୁ ଏଥିରୁ ହିନ୍ଦୁ ମନ୍ଦିର ଭଙ୍ଗାଯାଇ ମସଜିଦ ନିର୍ମାଣ କରାଯାଇଥିବା ସ୍ପଷ୍ଟ ଭାବେ ଜଣାପଡୁଛି।,ଏହା ପରେ ଏକ ଘରୋଇ ସଂସ୍ଥାକୁ ନେଇ ଏକ ସ୍ୱତନ୍ତ୍ର ବ୍ୟବସ୍ଥା କରାଯାଇଛି ।
The whole country watched the debate on TV.,ସାରା ଦେଶର ନଜର ରହିଥିଲା ଟିଭି ପରଦା ଉପରେ।,ଏହି ଦେଶ ମଧ୍ୟରେ ସାରା ଦେଶରେ ସାରା ଦେଶରେ ରହିଛି ।
Air pollution is getting worse day by day.,ଦିନକୁ ଦିନ ବାୟୁମଣ୍ଡଳ ଦୂଷିତ ହେବାକୁ ଲାଗିଛି।,ଦିନକୁ ଦିନ ବଢ଼ିବାରେ ଲାଗିଛି।
"After it cools, demold and cut into a small pieces.",ଥଣ୍ଡା ହୋଇଗଲେ ଏହାକୁ କାଟି ଛୋଟ ଛୋଟ ରୋଲ୍ ପରି ଗଢ଼ନ୍ତୁ।,ଏହା ପରେ ଏହା ସହ ପପରୁଆପ୍ ଓ ପକାଣ୍ଡାରେ।
10 lakh for construction.,୧୦ ଲକ୍ଷ ଟଙ୍କାରେ ନିର୍ମାଣ ହେ।,୧୦ ଲକ୍ଷ ଟଙ୍କା ଖର୍ଚ୍ଚ ପାଇଁ ୧୦ ଲକ୍ଷ ଟଙ୍କା ।
It could be solved through talks.,ଏହା ଆଲୋଚନା ଦ୍ୱାରା ସମ୍ଭବ ହୋଇପାରିବ ।,ଏହା ଉପରେ ଆଲୋଚନା ହେବ।
Shah Rukh Khan was last seen as an actor in Zero.,ସୂଚନାଯୋଗ୍ୟ ଯେ ଶେଷ ଥର ପାଇଁ ଶାହାରୁଖ ଖାନ୍ଙ୍କୁ ଜିରୋ ଫିଲ୍ମରେ ଦେଖିବାକୁ ମିଳିଥିଲା।,ଏହି ସମୟରେ ପ୍ରଧାନମନ୍ତ୍ରୀଙ୍କ ସହ ସାକ୍ଷାତକାରୀୟଙ୍କ ସହ ସାକ୍ଷାତକାର ଦେଖିବାକୁ ମିଳିଛି।
But NCP chief Sharad Pawar has stated that his party will take up the role of Opposition.,କିନ୍ତୁ ଏନସିପି ମୁଖ୍ୟ ଶରଦ ପାୱାର ବିଧାନସଭାରେ ବିରୋଧୀର ଦାୟିତ୍ୱ ତୁଲାଇବ ବୋଲି କହିଛନ୍ତି ।,କିନ୍ତୁ ପୂର୍ବତନ ମୁଖ୍ୟମନ୍ତ୍ରୀ ନବୀନ ପଟ୍ଟନାୟକଙ୍କ ଅଧ୍ୟକ୍ଷତାରେ ବସିଥିବା ଜଣାପଡ଼ିଛି।
Tight security arrangements have been made all across the state.,ଏଥିପାଇଁ ସାରା ରାଜ୍ୟରେ ସୁରକ୍ଷା ବ୍ୟବସ୍ଥାକୁ କଡାକଡି କରାଯାଇଛି ।,ସମସ୍ତ ସୁରକ୍ଷା ବ୍ୟବସ୍ଥା ଗ୍ରହଣ କରାଯାଇଛି ।
The Railways is the economys core infrastructure.,ରେଳବାଇ ହେଉଛି ଭାରତୀୟ ଅର୍ଥନୀତିର ମୂଳ ଆଧାର।,ଏହି କ୍ଷେତ୍ରରେ ଭାରତ-ପ୍ରଚାରିକ ଭାବେ ସମ୍ପୂର୍ଣ୍ଣ ଭାବେ ରହିଛି।
It is not just a co-incidence that India has the privilegeto be Sri Lankas partner in establishing this first responder service and in its expansion.,ଏହା କେବଳ ଏକ ଆକସ୍ମିକ ଘଟଣା ନୁହେଁ ଯେ ଏହି ପ୍ରଥମ ଉତ୍ତରଦାୟୀ ସେବା ପ୍ରତିଷ୍ଠା କରିବାରେ ଏବଂ ଏହାର ପ୍ରସାର କରିବାରେ ଶ୍ରୀଲଙ୍କାର ଭାଗିଦାର ହେବା ନେଇ ଭାରତ ସୌଭାଗ୍ୟ ହାସଲ କରିଛି ।,"ଏହା ହେଉଛି ଯେ, ଏହା ପ୍ରଥମ ଥର ପାଇଁ ଏହା ପ୍ରଥମ ଥର ପାଇଁ ଏହା ହେଉଛି ।"
He switched to the BJP after he was denied a ticket in the parliamentary elections.,ଲୋକସଭା ଟିକେଟ ପାଇବାରୁ ବଞ୍ଚିତ ହେବା ପରେ ସେ ବିଜେପୁର ବିଧାନସଭା ପାଇଁ ମନା କରିଦେଇଥିଲେ।,ସେ ବିଜେପି ପକ୍ଷରୁ ଏକ ନିର୍ବାଚନ ପରେ ବିଜେପି ପ୍ରାର୍ଥୀ ତାଲିକା ଘୋଷଣା କରିଥିଲେ।
The new memorial has been built near India Gate and Amar Jawan Jyoti.,ଇଣ୍ଡିଆଗେଟ ଓ ଅମର ଯବାନ ଜ୍ୟୋତି ନିକଟରେ ନୂଆ ସ୍ମାରକ ତିଆରି କରାଯାଇଛି।,ଭାରତ-ଅନ୍ ଓ ଭାରତ ପାଇଁ ନୂଆ ନୂଆ ନୂଆ ନୂଆ ନୂଆ ନୂଆ ନୂଆ ନୂଆ ନୂଆ ନୂଆ ନୂଆ ନୂଆ ନୂଆ ନୂଆ ନୂଆ ନୂଆ ନୂଆ ନୂଆ ନୂଆ ନୂଆ ନୂଆ ନୂଆ ନୂଆ ନୂଆ ନୂଆ ନୂଆ ନୂଆ ନୂଆ ନୂଆ ନୂଆ ନୂଆ ନୂଆ ନୂଆ ନୂଆ ନୂଆ ନୂଆ ନୂଆ ନୂଆ ନୂଆ ନୂଆ ନୂଆ ନୂଆ ନୂଆ ନୂଆ ନୂଆ ନୂଆ ନୂଆ ନୂଆ ନୂଆ ନୂଆ ନୂଆ ନୂଆ ନୂଆ ନୂଆ ନୂଆ ନୂଆ ନୂଆ ନୂଆ ନୂଆ ନୂଆ ନୂଆ ନୂଆ ନୂଆ ନୂଆ ନୂଆ ନୂଆ ନୂଆ ନୂଆ ନୂଆ ନୂଆ ନୂଆ ନୂଆ ନୂଆ ନୂଆ ନୂଆ ନୂଆ ନୂଆ ନୂଆ ନୂଆ ନୂଆ ନୂଆ ନୂଆ ନୂଆ ନୂଆ ନୂଆ ନୂଆ ନୂଆ) ରହିଛି।
Paragraph background set,ପରିଚ୍ଛେଦ ପୃଷ୍ଠଭୂମି ବିନ୍ଯାସ, ⁇ S ⁇ S ⁇ S ⁇ S ⁇ S ⁇ S ⁇ S ⁇ S ⁇ S ⁇ S ⁇ S ⁇ S ⁇ S ⁇ S ⁇ S ⁇ S ⁇ S ⁇ S ⁇ S ⁇ S ⁇ S ⁇ 
Facebook is known as one of the most popular social medial platforms across the world.,ଲୋକପ୍ରିୟ ସୋସିଆଲ୍ ମିଡିଆ ଭାବେ ଫେସବୁକ୍ ସାରା ବିଶ୍ୱରେ ସମସ୍ତଙ୍କ ପସନ୍ଦ।,ଏକ ବଡ ବଡ ବଡ ବଡ ବଡ ବଡ ବଡ ବଡ ବଡ ବଡ ବଡ ବଡ ବଡ ବଡ ବଡ ବଡ ବଡ ବଡ ବଡ ବଡ ବଡ ବଡ ବଡ ବଡ ବଡ ବଡ ବଡ ବଡ ବଡ ବଡ ବଡ ବଡ ବଡ ବଡ ବଡ ବଡ ବଡ ବଡ ବଡ ବଡ ବଡ ବଡ ବଡ ବଡ ବଡ ବଡ ବଡ ବଡ ବଡ ବଡ ବଡ ବଡ ବଡ ବଡ ବଡ ବଡ ବଡ ବଡ ବଡ ବଡ ବଡ ବଡ ବଡ ବଡ ବଡ ବଡ ବଡ ବଡ ବଡ ବଡ ବଡ ବଡ ବଡ ବଡ ବଡ ବଡ ବଡ ବଡ ବଡ ବଡ ବଡ ବଡ ବଡ ବଡ ବଡ ବଡ ବଡ ବଡ ବଡ ବଡ ବଡ ବଡ ବଡ ବଡ ବଡ ବଡ ବଡ ବଡ ବଡ ବଡ ବଡ ବଡ ବଡ ବଡ ବଡ ବଡ ବଡ ବଡ ବଡ ବଡ ବଡ ବଡ ବଡ ବଡ ବଡ ବଡ ବଡ ବଡ ବଡ ବଡ ବଡ ବଡ ବଡ ବଡ
Heavy rainfall likely in Odisha.,ଓଡ଼ିଶାରେ ବି ପ୍ରବଳ ବର୍ଷା ଚାଲିଛି ।,ଓଡ଼ିଶାରେ ବର୍ଷା ହେବାର ସମ୍ଭାବନା ରହିଛି।
"Being overweight, drinking a lot of alcohol, smoking and allergies can trigger it further.","ଅଧିକ ଓଜନ, ମଦ୍ୟପାନ, ଧୂମପାନ, ଆଲର୍ଜି ଆଦି ଏହାର କାରଣ।","ଏହା ସହିତ ଯୋଡ଼ିବା, ତାଇ, ତଥ ଓ ଗୋଟିଏ ବିତା, ତଡ଼ିରେ ମଧ୍ୟ ରହିଛି ।"
But he answered.,କିନ୍ତୁ ସେ ବୁଲାଇବଙ୍କାଇ ଉତ୍ତର ଦେଇଥିଲେ।,କିନ୍ତୁ ସେ ସେ କଥା ।
India had won the toss and the Mithali Raj-led side elected to bat first.,ଟସ୍ ଜିତି ମିତାଲି ରାଜଙ୍କ ଟିମ୍ ଇଣ୍ଡିଆ ପ୍ରଥମେ ବୋଲିଂ ନିଷ୍ପତ୍ତି ନେଇଥିଲା।,ଟସ୍ ଜିତି ପ୍ରଥମେ ବ୍ୟାଟିଂ କରିବାକୁ ନିଷ୍ପତ୍ତି ନେଇଥିଲେ।
New York Times,ନ୍ୟୁୟର୍କ ଟାଇମ୍ସ,ନୂତନ ବିଜୟ ପାଇଁ ନୂଆ
No one knows when it will happen.,କେତେବେଳେ କ’ଣ ହେବ କେହି ଜାଣିନି।,କେହି ବି ଜାଣିବେ ନାହିଁ।
Are these two dating?,ଏ ଦୁହିଁକର ବାହାଘର କି?,ଆଉ ଦୁଇ ପକ୍ଷାର?
We did not commit any mistake.,ଆମେ କିଛି ଭୁଲକୁ ନ ଦୋହରାଇଲେ ହେଲା।,ଆମେ କୌଣସି ପ୍ରତିକ୍ରିୟା ମିଳି ପାରି ନଥିଲେ।
"Was aving made all arrangements for the dice game, Yudhishthir Waiting.",ଦ୍ୟୁତକ୍ରୀଡ଼ାର ସମସ୍ତ ଆୟୋଜନ କରି ଯୁଧ୍ଶ୍ଚିର ବସିଛନ୍ତି |,ଏହି ସବୁ କ୍ଷେତ୍ରରେ ସମସ୍ତ ପ୍ରକାରରେ ଏକ ସ୍ୱତନ୍ତ୍ର ବ୍ୟବସ୍ଥା କରାଯାଇଛି।
"""Also, after a few days, the testing will be started at every polling station in the containment zones.""""""",ଆହୁରି ମଧ୍ୟ କିଛି ଦିନ ପରେ କଣ୍ଟେନମେଣ୍ଟ ଜୋନର ପ୍ରତ୍ୟେକ କେନ୍ଦ୍ରରେ ପରୀକ୍ଷା ଆରମ୍ଭ ହେବ।,କିଛି ଦିନ ପରେ ଏହା ପୂର୍ବରୁ ଆମେ ସମସ୍ତେ କିଛି ଦିନ ଧରି ଆରମ୍ଭ ହେବ ।
"""Uploading picture """"{0}"""" ({1} of {2})""","""ଛବି """"{0}"""" କୁ ଧାରଣ କରୁଅଛି ({2} ର {1})""", ⁇ S ⁇ A ⁇ A ⁇ )
Libra: Relationship will improve.,କୁମ୍ଭ: ମିତ୍ରତା ବୃଦ୍ଧି ପାଇବ।,ବୃଷ: ବ୍ୟବସାୟରେ ସଫଳତା ମିଳିବ।
book list,ବହି ତାଲିକା, ⁇ 
He graduated in law from the University of Delhi.,ପରେ ସେ ଦିଲ୍ଳୀ ବିଶ୍ୱବିଦ୍ୟାଳୟରୁ ଆଇନରେ ସ୍ନାତକ କରିଥିଲେ ।,ସେ ଦିଲ୍ଲୀରୁ ସେ ଦିଲ୍ଲୀରୁ ଫେରିଥିଲେ।
"But if thine eye be evil, thy whole body shall be full of darkness. If therefore the light that is in thee be darkness, how great is that darkness!","କିନ୍ତୁ ତୁମ୍ଭର ଆଖି ଯଦି ଖରାପ, ତବେେ ତୁମ୍ଭର ସମ୍ପୂର୍ଣ୍ଣ ଶରୀର ଅନ୍ଧକାରମୟ ହାଇୟିବେ। ତୁମ୍ଭ ଭିତରର ସହେି ଏକମାତ୍ର ଆଲୋକ ଯଦି ଅନ୍ଧକାରମୟ ହାଇଯୋଏ ତବେେ ସେ ଅନ୍ଧକାର କେତେ ଘନୀଭୁତ ନ ହବେ!","""ତା'ପରେ ତୁମ୍ଭେ ସହେି ସ୍ଥାନ ରେ ତୁମ୍ଭେ ସହେି ସ୍ଥାନ ରେ କାରଣ ତୁମ୍ଭେ ସହେି ସ୍ଥାନ ରେ କାରଣ ତୁମ୍ଭେ ସହେି ସ୍ଥାନ ରେ ତୁମ୍ଭେ ସହେି ସ୍ଥାନ ରେ ତୁମ୍ଭେ ସହେି ସ୍ଥାନ ରେ ତୁମ୍ଭେ ସହେି ସ୍ଥାନ ରେ କାରଣ ତୁମ୍ଭେ ସହେି ସ୍ଥାନ ରେ ତୁମ୍ଭେ ସହେି ସ୍ଥାନ ରେ କାରଣ ତୁମ୍ଭେ ସହେି ସ୍ଥାନ ରେ କାରଣ ତୁମ୍ଭେ ସହେି ସ୍ଥାନ ରେ କାରଣ କରିବେ।"
A local woman too was injured in the stone-pelting.,ଏଥିରେ ଜଣେ ସ୍ଥାନୀୟ ମହିଳା ଆହତ ମଧ୍ୟ ହୋଇଛନ୍ତି।,ଏଥିରେ ଜଣେ ମହିଳା ଗୁରୁତର ଆହତ ହୋଇଛନ୍ତି।
The police reached the spot and started enquiry.,ଟାଉନପୁଲିସ ଘଟଣା ସ୍ଥଳରେ ପହଞ୍ଚି ତଦନ୍ତ ଆରମ୍ଭ କରିଛି।,ଘଟଣାସ୍ଥଳରେ ପୋଲିସ ପହଞ୍ଚି ତଦନ୍ତ ଆରମ୍ଭ କରିଛି।
Mr Surjant Singh also addressed the press conference.,ଶ୍ରୀ ସିଂ ମଧ୍ୟ ସାମ୍ବାଦିକତାରେ ଡିପ୍ଲୋମା କରିଥିଲେ ।,ସେହିପରି ଏହି ବୈଠକରେ ଯୋଗ ଦେଇଥିଲେ।
The deceased could not be identified.,ମୃତକଙ୍କ ପରିଚୟ ମିଳି ପାରି ନାହିଁ।,ମୃତ ବ୍ୟକ୍ତି ଜଣଙ୍କ ପରିଚୟ ମିଳି ପାରି ନାହିଁ।
Union Home Minister Amit Shah has introduced Citizenship Amendment Bill in Lok Sabha.,ଲୋକସଭାରେ ନାଗରିକତା ସଂଶୋଧନ ବିଲ ଆଗତ କରିଛନ୍ତି କେନ୍ଦ୍ର ଗୃହମନ୍ତ୍ରୀ ଅମିତ ଶାହ ।,"କେନ୍ଦ୍ର ଗୃହମନ୍ତ୍ରୀ ଅମିତ ଶାହ, କେନ୍ଦ୍ର ମନ୍ତ୍ରୀ ଅମିତ ଶାହ।"
The woman has been detained by the police and is being questioned.,ପୁଲିସ ମହିଳାଙ୍କୁ ଗିରଫ କରିବା ସହ ଘଟଣାଟିର ତଦନ୍ତ କରୁଛି ।,ପୋଲିସ ଓ ମହିଳା ପୋଲିସ ଗିରଫ କରି ତଦନ୍ତ ଜାରି ରଖିଛି ।
They have been told to take measures in this direction.,ତାହାକୁ ଦୃଷ୍ଟିରେ ରଖି ପଦକ୍ଷେପ ନେବାକୁ କୁହାଯାଇଛି।,ଏଥିପାଇଁ ସେମାନଙ୍କୁ ସୁରକ୍ଷା ବ୍ୟବସ୍ଥା କରାଯାଇଛି ।
They had been immediately hospitalised for treatment.,ତୁରନ୍ତ ସେମାନଙ୍କୁ ଚିକିତ୍ସା ପାଇଁ ହସ୍ପିଟାଲରେ ଭର୍ତ୍ତି କରାଯାଇଛି।,ସେମାନଙ୍କୁ ତୁରନ୍ତ ଚିକିତ୍ସା ପାଇଁ ଚିକିତ୍ସା ପାଇଁ ସେମାନଙ୍କୁ ତୁରନ୍ତ ଚିକିତ୍ସା ପାଇଁ ଭର୍ତ୍ତି କରାଯାଇଛି।
BJP chief JP Nadda's convoy attacked,ବିଜେପି ସଭାପତି ଜେପି ନାଡ୍ଡାଙ୍କ କାରକେଡ ଉପରେ ଆକ୍ରମଣ ହୋଇଥିଲା।,ବିଜେପି ରାଷ୍ଟ୍ରୀୟ ଅଧ୍ୟକ୍ଷ ଅମିତ ଶାହଙ୍କ ପରଲୋକ
Finances will be strong.,ଆର୍ଥିକ ସ୍ତିତି ମଜବୁତ ହେବ.,ଏଥିରେ ମଧ୍ୟ ବଢ଼ିବ।
It reduces body heat.,ଏହା ଶରୀରର ତାପମାତ୍ରାକୁ କମ କରିଥାଏ ।,ଏହା ଶରୀରର ରକ୍ତ।
"In this way, there will be a change in everyones lifestyle.",ଏହା ପରେ ସମସ୍ତଙ୍କର ବଞ୍ଚିବା ଶୈଳୀରେ ପରିବର୍ତ୍ତନ ଆସିଥାଏ ।,ଏହି ସବୁ କ୍ଷେତ୍ରରେ ଅନେକ ପ୍ରକାର ପରିବର୍ତ୍ତନ ହେବ ।
Did nothing wrong.,କୌଣସି ଭୁଲ କରିନି ।,କିଛି କିଛି କିଛି ନାହିଁ।
He is employed with the Punjab Police.,ଏଥିରେ ସେ ଜଣେ ପଞ୍ଜାବୀ ପୁଲିସ୍ ଅଫିସର ଭୂମିକାରେ ଅଭିନୟ କରୁଛନ୍ତି।,ସେ ପୋଲିସ ସହ ସମ୍ପର୍କ ରହିଛି।
He lodged a complaint with the police in this connection.,ଏଥିପାଇଁ ସେ ତାଙ୍କ ବିରୁଦ୍ଧରେ ଥାନାରେ ଏତଲା ଦେଇଥିଲା।,ଏ ନେଇ ଥାନାରେ ଅଭିଯୋଗ କରିଛନ୍ତି।
He was also declared Man of the Series.,ସେ ମଧ୍ୟ ‘ମ୍ୟାନ୍ ଅଫ୍ ଦି ସିରିଜ୍’ ପୁରସ୍କାର ପାଇଛନ୍ତି ।,ସେ ମଧ୍ୟ ଥିଲେ।
He was earlier serving as the additional principal secretary to the Prime Minister.,ସେ ପୂର୍ବରୁ ପ୍ରଧାନମନ୍ତ୍ରୀ ମୋଦୀଙ୍କ ପ୍ରିନସିପାଲ ସେକ୍ରେଟାରୀ ଭାବେ ନିଯୁକ୍ତ ହୋଇଥିଲେ ।,"ପୂର୍ବରୁ ସେ କହିଛନ୍ତି ଯେ, “ଆମେମେଣ୍ଟ ବିଭାଗ ସଚିବଙ୍କ ସହଯୋଗ ପାଇଁ ସେ କହିଛନ୍ତି ।"
Drinking beetroot juice daily can strengthen your immunity.,ପ୍ରତିଦିନ ମାଠିଆରୁ ପାଣି ପିଇବା ଦ୍ୱାରା ଶରୀରର ରୋଗ ପ୍ରତିରୋଧକ ଶକ୍ତି ବଢିଥାଏ ।,ଆପଣଙ୍କର ଖାଦ୍ୟକୁ ବ୍ୟବହାର କରିବା ପାଇଁ ବ୍ୟବହାର କରିପାରିବେ।
Primary investigation reveals that Harish along with his team of folk artists was travelling in connection with an event.,ପ୍ରାଥମିକ ଅନୁସନ୍ଧାନରୁ ଜଣାଯାଇଛି ଯେ ହାରିସ ଓ ତାଙ୍କ ସାଥୀ କଳାକାରମାନେ ଏକ କାର୍ଯ୍ୟକ୍ରମରେ ଯୋଗଦେବାକୁ ଯାଉଥିଲେ।,ଏହି ଅବସରରେ ତାଙ୍କ ସହ ଏକ କାର୍ଯ୍ୟକ୍ରମରେ ଉପସ୍ଥିତ ଥିଲେ।
"Police reached the spot, seized the body and sent it for post-mortem.",ପୁଲିସ ଘଟଣାସ୍ଥଳରେ ପହଞ୍ଚି ମୃତଦେହକୁ ଚିହ୍ନଟ କରି ଜବତ କରିବା ସହ ବ୍ୟବଚ୍ଛେଦ ପାଇଁ ପଠାଇଛି।,ପୁଲିସ ଘଟଣାସ୍ଥଳରେ ପହଞ୍ଚି ମୃତଦେହକୁ ଜବତ କରି ବ୍ୟବଚ୍ଛେଦ ପାଇଁ ପଠାଇଛି।
"I have full faith that you will in a similar manner, continue to carry out your responsibilities and duties in the time to come.","ମୋର ଭରସା ଅଛି ଯେ ଆଗାମୀ ଦିନରେ ମଧ୍ୟ ଆପଣମାନେ ନିଜ କର୍ତ୍ତବ୍ୟ, ନିଜ ଦାୟିତ୍ୱକୁ ଏପରି ନିର୍ବାହ କରିବେ ।",ମୁଁ ଆପଣଙ୍କ ପାଇଁ ଆପଣ ନିଜ ନିଜ ନିଜ ନିଜ ନିଜ ନିଜ ନିଜ ନିଜ ନିଜ ନିଜ ନିଜ ନିଜ ନିଜ ନିଜ ନିଜ ନିଜ ନିଜ ନିଜ ନିଜ ନିଜ ନିଜ ନିଜ ନିଜ ନିଜ ନିଜ ନିଜ ନିଜ ନିଜ ନିଜ ନିଜ ନିଜ ନିଜ ନିଜ ନିଜ ନିଜ ନିଜ ନିଜ ନିଜ ନିଜ ନିଜ ନିଜ ନିଜ ନିଜ ନିଜ ନିଜ ନିଜ ନିଜ ନିଜ ନିଜ ନିଜ ନିଜ ନିଜ ନିଜ ନିଜ ନିଜ ନିଜ ନିଜ ନିଜ ନିଜ ନିଜ ନିଜ ନିଜ ନିଜ ନିଜ ନିଜ ନିଜ ନିଜ ନିଜ ନିଜ ନିଜ ନିଜ ନିଜ ନିଜ ନିଜ ନିଜ ନିଜ ନିଜ ନିଜ ନିଜ ନିଜ ନିଜ ନିଜ ନିଜ ନିଜ ନିଜ ନିଜ ନିଜ ନିଜ ନିଜ ନିଜ ନିଜ ନିଜ ନିଜ ନିଜ ନିଜ ନିଜ ନିଜ ନିଜ ନିଜ ନିଜ ନିଜ ନିଜ ନିଜ ନିଜ ନିଜ ନିଜ ନିଜ ନିଜ ନିଜ ନିଜ ନିଜ ନିଜ ନିଜ ନିଜ ନିଜ ନିଜ ନିଜ ନିଜ ନିଜ ନିଜ ନିଜ
Dew point:,ତୁଷାର ବିନ୍ଦୁ:,ବୃଷ:
But no final decision has been taken on this yet.,ମାତ୍ର ଏହି ଯୋଜନାକୁ ନେଇ ଏଯାଏଁ କୌଣସି ଚୁଡ଼ାନ୍ତ ନିଷ୍ପତ୍ତି ନିଆଯାଇନାହିଁ।,କିନ୍ତୁ ଏ ପର୍ଯ୍ୟନ୍ତ କୌଣସି ନିଷ୍ପତ୍ତି ହୋଇନାହିଁ।
"Meanwhile, good news is coming from India.",ଅନ୍ୟପଟେ ଭାରତ ପାଇଁ ଆସିଛି ଏକ ଖୁସି ଖବର ।,ଭାରତରୁ ଭଲ ଖବର ପାଇବାର ଅଛି।
"Gupta also worked as the Director of National Institute of Financial Management (NIFM), Faridabad.","ସେ ମଧ୍ୟ ଜାତୀୟ ଆର୍ଥିକ ପ୍ରବନ୍ଧନ ପ୍ରତିଷ୍ଠାନ (ଏନଆଇଏଫଏମ), ଫରିଦାବାଦର ନିର୍ଦ୍ଦେଶକ ଭାବେ କାର୍ଯ୍ୟ କରିଥିଲେ ।",ସେହିପରି କେନ୍ଦ୍ର (ଏନ)ର ମୁଖ୍ୟ ଅତିଥି ଭାବେ ଯୋଗ ଦେଇଥିଲେ ।
He later was let off.,ତେବେ ପରେ ତାଙ୍କୁ ଛାଡ଼ି ଦେଇଥିଲେ।,ପରେ ତାଙ୍କୁ ସେ ସେଠାରୁ ଚାଲିଗଲା।
Expenses will increase.,ବ୍ୟୟ ବଢ଼ିବ।,ଆପଣଙ୍କ ଉପରେ ବୃଦ୍ଧି ହେବ।
They informed police.,ସେମାନେ ନିଜକୁ ପୁଲିସର ପରିଚୟ ଦେଇଥିଲେ।,ସେମାନେ ପୋଲିସକୁ ଖବର ଦେଇଥିଲେ।
Thine hands have made me and fashioned me together round about. yet thou dost destroy me.,"ହେ ପରମେଶ୍ବର, ତୁମ୍ଭେ ମାେତେ ତୁମ୍ଭ ହାତ ରେ ଗଢ଼ିଛ। ମାରେ ଶରୀରକୁ ତୁମ୍ଭେ ନିର୍ମାଣ କରିଛ। କିନ୍ତୁ ବର୍ତ୍ତମାନ ତୁମ୍ଭେ ବଦଳିଛ ଏବଂ ମାେତେ ଧ୍ବଂସ କରିଛ।",ତୁମ୍ଭେ ମାେତେ କାମ କରିଛବିତା'ର ଅଧିକାରର କଥା ନୁହେଁ।
The driver was killed on the spot and two other passengers were seriously injured.,ଏଥିରେ ଡ୍ରାଇଭର ଗୁରୁତର ହୋଇଥିବା ସହ ଅନ୍ୟ ଦୁଇ ଜଣ ଆହତ ହୋଇଛନ୍ତି।,ଫଳରେ ଘଟଣାସ୍ଥଳରେ ଗୁରୁତର ଆହତ ହୋଇଛନ୍ତି।
The development of our pharma sector has been possible due to technical strengths like the Council of Scientific and Industrial Research labs i.e. CSIR labs.,"ସାଥୀଗଣ, ଆମର ଫାର୍ମା ସେକ୍ଟରର ବିକାଶ ପଛରେ ଭାରତୀୟ ବିଜ୍ଞାନ ଓ ଶିଳ୍ପ ଗବେଷଣା ପରିଷଦର ବିଜ୍ଞାନାଗରମାନଙ୍କର ଅର୍ଥାତ୍ ସିଏସଆଇଆର ପରୀକ୍ଷାଗାରମାନଙ୍କର ପ୍ରଯୁକ୍ତିଗତ ସାମର୍ଥ୍ୟ ରହିଛି ।",ଏହି କ୍ଷେତ୍ରରେ ବିକାଶ କ୍ଷେତ୍ରରେ ବିକାଶ କ୍ଷେତ୍ରରେ ବିକାଶ କ୍ଷେତ୍ରରେ ବିକାଶ କ୍ଷେତ୍ରରେ ବିକାଶ ଏବଂ ବିକାଶ କ୍ଷେତ୍ରରେ ବିକାଶ କ୍ଷେତ୍ରରେ ବିକାଶ କ୍ଷେତ୍ରରେ ବିକାଶ କ୍ଷେତ୍ରରେ ବିକାଶ କ୍ଷେତ୍ରରେ ବିକାଶ କ୍ଷେତ୍ରରେ ବିକାଶ କ୍ଷେତ୍ରରେ ବିକାଶ କ୍ଷେତ୍ରରେ ବିକାଶ କ୍ଷେତ୍ରରେ ବିକାଶ କ୍ଷେତ୍ରରେ ବିକାଶ ଦିଗରେ କାର୍ଯ୍ୟ କରୁଛନ୍ତି ।
People in the locality are suffering.,ଫଳରେ ସ୍ଥାନୀୟ ଅଞ୍ଚଳରେ ନାହିଁ ନ ଥିବା ଅସୁବିଧାର ସମ୍ମୁଖୀନ ହେଉଛନ୍ତି ଲୋକେ।,ଲୋକେ ସ୍ଥାନୀୟ ଲୋକେ ବହୁ ଲୋକ ଆହତ ହୋଇଛନ୍ତି।
Auto Scroll,ସ୍ୱୟଂ ସ୍କ୍ରୋଲ, ⁇ S ⁇ S ⁇ S ⁇ o ⁇ o ⁇ o ⁇ o ⁇ o ⁇ 
"Swara, however, is still active on other social media platforms -- Facebook and Instagram.",ତଥାପି ଇନ୍ଷ୍ଟାଗ୍ରାମ ଓ ସୋସିଆଲ ମିଡିଆର ଅନ୍ୟ ସାଇଟ୍ରେ ସକ୍ରିୟ ଥିଲେ ଅପସରା।,"ତେବେ ଏହି ଫଟୋ, ସୋସିଆଲ ମିଡିଆରେ ଭାଇରାଲ ହେବାରେ ଲାଗିଛି।"
"One person was declared dead, while one more was critically injured and has been shifted to a Hospital.",ଘଟଣା ସ୍ଥଳରେ ଜଣଙ୍କର ମୃତ୍ୟୁ ଘଟିଥିବା ବେଳେ ଜଣେ ଗୁରୁତର ଅବସ୍ଥାରେ ହସ୍ପିଟାଲରେ ଭର୍ତ୍ତି କରାଯାଇଥିବା ସୂଚନା ମିଳିଛି ।,ଗୁରୁତର ଅବସ୍ଥାରେ ଜିଲ୍ଲା ମୁଖ୍ୟ ଚିକିତ୍ସାଳୟରେ ଭର୍ତ୍ତି କରାଯାଇଛି ।
Students were awarded with certificates.,ଏଥିରେ କୃତି ଛାତ୍ର ଛାତ୍ରୀଙ୍କୁ ମାନପତ୍ର ସହିତ ପୁରସ୍କାର ପ୍ରଦାନ କରାଯାଇଥିଲା।,ଛାତ୍ରଛାତ୍ରୀ ଓ ଛାତ୍ରଛାତ୍ରୀମାନେ ମଧ୍ୟ ବନ୍ଦ ରହିଥିଲା।
"According to reports, the incident occurred in Kuala Lumpur, Malaysia.",ସୂଚନା ଅନୁଯାୟୀ ଏହି ଘଟଣାଟି ଘଟିଛି କଲମ୍ବିଆରେ ।,"ଏହି ଘଟଣା ଘଟିଛି, ଏହି ଘଟଣା ।"
Ramdayal Uike joined the BJP in the presence of party president Amit Shah and Chhattisgarh chief minister Raman Singh and other leaders in Bilaspur.,"ବିଳାସପୁରଠାରେ ବିଜେପି ରାଷ୍ଟ୍ରୀୟ ଅଧ୍ୟକ୍ଷ ଅମିତ ଶାହ, ଛତିଶଗଡ଼ ମୁଖ୍ୟମନ୍ତ୍ରୀ ରମଣ ସିଂହ ଓ ଅନ୍ୟ ଦଳୀୟ କର୍ମୀଙ୍କ ଉପସ୍ଥିତିରେ ରାମଦୟାଲ ବିଜେପିରେ ମିଶିଛନ୍ତି।","ଏହି କାର୍ଯ୍ୟକ୍ରମରେ ବିଜେପି ରାଷ୍ଟ୍ରୀୟ ଅଧ୍ୟକ୍ଷ ଅମିତ ଶାହ, ବିଜେପି ବିଧାୟକ ଓ ଅମିତ ଶାହଙ୍କ ସମେତ ଅନ୍ୟ ବରିଷ୍ଠ ନେତା ତଥା ବିଜେପି ନେତା ତଥା ବିଜେପି ବିଧାୟକ ଦଳ ନେତା ତଥା ବିଜେପି ନେତା ତଥା ବିଜେପି ବିଧାୟକ ଦଳ ନେତା ତଥା ବିଜେପି ନେତା ତଥା ବିଜେପି ନେତା ତଥା ପୂର୍ବତନ ବିଧାୟକ ଦଳ ନେତା ତଥା ବିଜେପି ନେତା ତଥା ବିଜେପି ନେତା ତଥା ବିଜେପି ନେତା।"
"Prime Minister Narendra Modi and Home Minister, Amit Shah have spoken to the Uttarakhand Chief Minister.",ଏ ସଂକ୍ରାନ୍ତରେ ପ୍ରଧାନମନ୍ତ୍ରୀ ନରେନ୍ଦ୍ର ମୋଦି ଓ ସ୍ୱରାଷ୍ଟ୍ର ମନ୍ତ୍ରୀ ଅମିତ୍ ଶାହାଙ୍କ ସହ କଥା ହୋଇଥିବା ମୁଖ୍ୟମନ୍ତ୍ରୀ ସୂଚନା ଦେଇଥିଲେ ।,ପ୍ରଧାନମନ୍ତ୍ରୀ ନରେନ୍ଦ୍ର ମୋଦି ଓ ଅମିତ ଶାହଙ୍କ କାର୍ଯ୍ୟାଳୟକୁ ନେଇ ମନ୍ତ୍ରୀ ଅମିତ ଶାହଙ୍କ ସହ ଆଲୋଚନା କରିଛନ୍ତି।
However no action has been taken till date.,ହେଲେ ଆଜି ଯାଏ କୌଣସି କାର୍ଯ୍ୟାନୁଷ୍ଠାନ ନିଆଯାଇ ନାହିଁ।,କିନ୍ତୁ ପରବର୍ତ୍ତୀ କାର୍ଯ୍ୟାନୁଷ୍ଠାନ ଗ୍ରହଣ କରାଯାଇ ନାହିଁ।
Sagittarius: It will be an average day for you.,ବୃଷ : ଦିନଟି ମଧ୍ୟମ ରହିବ।,ବୃଷ: ଦିନଟି ଆପଣଙ୍କ ପାଇଁ ଦିନଟି ଆପଣଙ୍କ ପାଇଁ ଦିନଟି ଆପଣଙ୍କ ପାଇଁ ଦିନଟି ହେବ।
A large number of district level officers were present at the occasion.,ଏହି ଅଭିଯୋଗ ଶୁଣାଣି କାର୍ଯ୍ୟକ୍ରମରେ ବହୁ ଜିଲା ସ୍ତରୀୟ ଅଧିକାରୀମାନେ ଉପସ୍ଥିତ ଥିଲେ।,ଏହି ଅବସରରେ ବହୁ ସଂଖ୍ୟାରେ ଜିଲ୍ଲା ମୁଖ୍ୟ ଶାସନ ସଚିବ ଥିଲେ।
"India, Pakistan and Hong Kong are in Group A while Afghanistan, Bangladesh and Sri Lanka from Group B for the preliminary stage.","ଭାରତ, ପାକିସ୍ତାନ ଓ ହଂକଂ ଗ୍ରୁପ ‘ଏ’ରେ ରହିଥିଲା ବେଳେ ଶ୍ରୀଲଙ୍କା, ବାଂଲାଦେଶ ଓ ଆଫ୍ଗାନିସ୍ତାନ ଗ୍ରୁପ୍ ‘ବି’ରେ ସ୍ଥାନ ପାଇଛନ୍ତି।",ଭାରତ ଓ ପାକିସ୍ତାନ ମଧ୍ୟରେ ଭାରତ ଓ ପାକିସ୍ତାନ ମଧ୍ୟରେ ସମ୍ପର୍କ ରହିଛି।
"And all the city was moved, and the people ran together: and they took Paul, and drew him out of the temple: and forthwith the doors were shut.",ପୁରା ନଗରଟା ରେ ଉତ୍ତଜେନା ସୃଷ୍ଟି ହାଇଗେଲା। ଲୋକମାନେ ଏକାଠି ଦୌଡ଼ି ଯାଇ ପାଉଲଙ୍କୁ ମନ୍ଦିର ଭିତରୁ ଟାଣି ନଇେ ଗଲେ। ସଙ୍ଗେ ସଙ୍ଗେ ଦ୍ବାର ଗୁଡ଼ିକ ବନ୍ଦ ହାଇଗେଲା।,"""ତା'ପରେ ସହେି ଲୋକ ଓ ୟଜ୍ଞ ଓ ସମାନେେ ସହେି ଲୋକମାନଙ୍କୁ ସହେି ଲୋକମାନଙ୍କୁ ସହେି ଲୋକମାନଙ୍କୁ ସହେି ଲୋକମାନଙ୍କୁ ସହେି ଲୋକମାନଙ୍କୁ ସହେି ଲୋକମାନଙ୍କୁ ସହେି ଲୋକମାନଙ୍କୁ ସହେି ଲୋକମାନଙ୍କୁ ସହେି ଲୋକମାନଙ୍କୁ ସହେି ଲୋକମାନଙ୍କୁ ଅଖ୍ଯ ରେ ଲୋକମାନେ ସହେି ସ୍ଥାନ ରେ ଥିବା ସମସ୍ତ ଲୋକଙ୍କୁ ସହେି ସ୍ଥାନ ରେ ପକାଇ ଦେଲେ।"
Be careful how you use it.,ଏହାକୁ ବ୍ୟବହାର କରୁଥିଲେ ସତର୍କ ହୋଇ ଯାଆନ୍ତୁ।,ଆପଣ ଏହାର ବ୍ୟବହାର କରନ୍ତୁ କି ନାହିଁ ।
The step has been taken for his safety.,ତାଙ୍କ ସୁରକ୍ଷା ଦୃଷ୍ଟିରୁ ଏପରି ପଦକ୍ଷେପ ନିଆଯାଇଛି।,ଏଥିପାଇଁ ନିଜର ପଦକ୍ଷେପ ଗ୍ରହଣ କରାଯାଇଛି।
"""""""Murders are happening in the state every day.""",‘‘ପ୍ରତିଦିନ ରାଜ୍ୟରେ ଦୁଷ୍କର୍ମ ଘଟଣା ଘଟୁଛି।,“କାରେ ରାଜ୍ୟରେ ଏବେ ରାଜ୍ୟରେ ଏବେ କରୋନା ଭାଇରସ।
Day after day after day.,ଦିନ ପରେ ଦିନ ବିତିଲା।,ଦିନ ପରେ ଦିନ ଦିନ ପରେ ଦିନ ବଢ଼ିବାରେ ଲାଗିଛି।
Hundreds of trucks and passenger vehicles were stranded on the highway.,"ଏ ନେଇ ଶତାଧିକ ଟ୍ରକ୍, ଯାତ୍ରୀବାହୀ ବସ୍ ଚଳାଚଳ ଠପ୍ ହୋଇଯାଇଥିଲା।",ଏହି ସମୟରେ ଗାଡି ଓ ଗାଡି ଚଳାଚଳ ବାଧାପ୍ରାପ୍ତ ହୋଇଛି।
Luv died due to a head injury.,ଲଭ୍ଙ୍କ ମୁଣ୍ଡରେ ଜୋର ଆଘାତ ଲାଗିବାରୁ ତାଙ୍କର ମୃତ୍ୟୁ ହୋଇଯାଇଥିଲା।,ଫଳରେ ଗାଡ଼ିରେ ମୃତ୍ୟୁ ହୋଇଥିବା ବେଳେ ଜଣେ ଗୁରୁତର ଅବସ୍ଥାରେ ମୃତ୍ୟୁ ହୋଇଥିଲା।
The central government challenged this in the Supreme Court.,ଏ ନେଇ କେନ୍ଦ୍ର ସରକାର ସୁପ୍ରିମକୋର୍ଟଙ୍କୁ ଅବଗତ କରିଛନ୍ତି।,ଏ ନେଇ ରାଜ୍ୟ ସରକାର ସୁପ୍ରିମକୋର୍ଟରେ ଆବେଦନ କରିଛନ୍ତି।
Enhancing user experience at all stages.,ସମସ୍ତ ପର୍ଯ୍ୟାରେ ଉପଯୋଗକାରୀ (ୟୁଜର)ମାନଙ୍କୁ ଉନ୍ନତ ଅଭିଜ୍ଞତା ପ୍ରଦାନ କରିବା ।,ସମସ୍ତ ପ୍ରକାରରେ ଉପଲବ୍ଧ କରନ୍ତୁ।
"The two women, however, have not lost hope.",ତଥାପି ମହିଳା ଦ୍ୱୟ ଆଶା ହରାଇ ନାହାନ୍ତି।,ତେବେ ଦୁଇ ମହିଳା ଜଣକ ଦୁଇ ଜଣ ମହିଳା ଜଣକ ପଡ଼ିନାହିଁ।
The UNSC comprises 15 members including 10 non-permanent and 5 permanent members.,ମିଳିତ ଜାତିସଂଘ ସୁରକ୍ଷା ପରିଷଦରେ ମୋଟ ୧୫ ଜଣ ସଦସ୍ୟ ଥିବାବେଳେ ଏମାନଙ୍କ ମଧ୍ୟରେ ୫ ଜଣ ସ୍ଥାୟୀ ଓ ୧୦ ଜଣ ଅସ୍ଥାୟୀ ଭାବେ ସଦସ୍ୟ ରହିଛନ୍ତି।,ଏହି ଦୁଇଟି ପର୍ଯ୍ୟାୟରେ ୫ଟି ରାଜ୍ୟ ୫ଟି ରାଜ୍ୟ ୫ଟି ରାଜ୍ୟ ୫ଟି ରାଜ୍ୟ ୫ଟି ରାଜ୍ୟ ୫ଟି ରାଜ୍ୟ ୫୯ଟି ରାଜ୍ୟ ୫୯ଟି ରାଜ୍ୟ ୫୯ଟି ରାଜ୍ୟ ଓ ୧୦ଟି ରାଜ୍ୟ ୫୯ଟି ରାଜ୍ୟ ୫୯ଟି ରାଜ୍ୟ ୫୯ଟି ରାଜ୍ୟ ୫୯ଟି ରାଜ୍ୟ ୫୯ଟି ରାଜ୍ୟ ୫୦୦ ।
ICJ begins hearing in Kulbhushan Jadhav case,କୁଳଭୂଷଣ ଯାଦବ ମାମଲାରେ ଆଇସିଜେରେ ଶୁଣାଣି ଆରମ୍ଭ,ତେବେ ଏହି ମାମଲାରେ ୨୪ର ମୁଖ୍ୟ ବିଚାରପତି ଭାବେ ଶପଥ ଗ୍ରହଣ କରିଛନ୍ତି।
The banner aimed at highlighting the women achievers of the country was hoisted at a function held to promote education for girls in south Kashmirs Kokernag area.,ଦକ୍ଷିଣ କଶ୍ମୀରର କୋକେରନାଗ୍ ଅଞ୍ଚଳରେ ଗତକାଲି ନାରୀ ଶିକ୍ଷାକୁ ଗୁରୁତ୍ୱ ଦେଇ ଆୟୋଜିତ ହୋଇଥିବା ଏକ ଉତ୍ସବରେ ଭାରତର ସଫଳ ମହିଳାମାନଙ୍କୁ ନେଇ ପ୍ରସ୍ତୁତ ହୋଇଥିବା ଏକ ‘ବେଟି ବଚାଓ ବେଟି ପଢାଓ ପୋଷ୍ଟର’ର ଉନ୍ମୋଚିତ ହୋଇଥିଲା।,ଜାମ୍ମୁ-କାଶ୍ମୀରରେ ବିଭିନ୍ନ ସ୍ଥାନରେ ଘାସାଦେଶକୁ ନେଇ ବିଭିନ୍ନ ସ୍ଥାନରେ ଘୂଚାଇ ଦେଇଛନ୍ତି ।
Everyone is shocked after his demise.,ତାଙ୍କ ମୃତ୍ୟୁ ପରେ ସମସ୍ତେ ସ୍ତବ୍ଧ ହୋଇ ଯାଇଛନ୍ତି।,ସମସ୍ତେ ତାଙ୍କ ପ୍ରତି ତାଙ୍କ ପ୍ରତି ଧ୍ୟାନ ଦିଅନ୍ତୁ।
"The size of the partition to create, in megabytes","ନିର୍ମାଣ ହେବାକୁ ଥିବା ବିଭାଜନର ଆକାର, ମେଗାବାଇଟରେ","""ତା'ପରେ ମୁଁ  ⁇ ରେ ପହଞ୍ଚିଲେ, """"%s"""", """"%s'ର ଶୁଭାରମ୍ଭ କରିଥିଲେ।"
"""But there has been no reply.""""""",ବେଟା ସମ୍୤” କିନ୍ତୁ ଆସିଲାନି କିଛି ଉତ୍ତର।,ସେ କହିଛନ୍ତି ଯେ କୌଣସି ପ୍ରକାରତା ନାହିଁ।
The second track was played.,ଦ୍ୱିତୀୟ କଣ୍ଟ ବି ଗଡ଼ିଗଲା।,ଦ୍ୱିତୀୟ ସ୍ଥାନରେ ରହିଛି।
Marvellous Nature!,ଅଦ୍ଭୁତ ଜୀବ!, ⁇ u ⁇ a ⁇ a ⁇ 
For this all preparations have been completed.,ସେଥିପାଇଁ ସମସ୍ତ ପ୍ରସ୍ତୁତି ସରିଲାଣି ।,ଏଥିପାଇଁ ପ୍ରସ୍ତୁତି ଶେଷ ହୋଇଛି।
It works on the One Nation - One Tax principle.,ଏହା ଗୋଟିଏ ରାଷ୍ଟ୍ର- ଗୋଟିଏ ଟିକସ ବ୍ୟବସ୍ଥା ନୀତିରେ ପରିଚାଳିତ ।,ଏହା ଏକ ନୂତନ ଦିଗ ଉପରେ ଏକ ନୂତନ ଦିଗ ଉପରେ ଏକ ନୂତନ ଦିଗ ପ୍ରଦାନ କରିଛନ୍ତି ।
People are gasping for breath.,ଲୋକମାନେ ନିଶ୍ୱାସପ୍ରଶ୍ୱାସ ନେବାରେ କଷ୍ଟ ଅନୁଭବ କରିଥାନ୍ତି।,ଲୋକେ ନିଜ ନିଜ ନିଜ ନିଜ ପାଇଁ ମଧ୍ୟ ଭଲ ଭାବେ କାମ କରୁଛନ୍ତି ।
It helps us relax.,ଏହା ଦ୍ୱାରା ଆମକୁ ଶାନ୍ତି ମିଳିଥାଏ।,ଏହା ଆମ ପାଇଁ ଏହା ମଧ୍ୟ ହୋଇଥାଏ।
"Miffed on this, the Congress members walked out of the House raising slogans against the government.",ଏହାକୁ ନେଇ କଂଗ୍ରେସ ସଭ୍ୟମାନେ ଗୃହର ମଧ୍ୟ ଭାଗକୁ ଆସି ମୁଖ୍ୟମନ୍ତ୍ରୀଙ୍କ ଇସ୍ତଫା ଦାବି କରିବା ସହ ସରକାରୀ ବିରୋଧୀ ସ୍ଲୋଗାନ ଦେଇଥିଲେ ।,ଏହି ସମୟରେ କଂଗ୍ରେସ ନେତା ନରସିଂହ ମିଶ୍ରିତ କରି ବିରୋଧୀ ଦଳ ନେତା ନରସିଂହ ମିଶ୍ରିତ କରିଛନ୍ତି।
Perils of such a move are obvious.,ଏଭଳି ଏକ ଆଭିମୁଖ୍ୟର ବିପଦ ମଧ୍ୟ ସ୍ପଷ୍ଟ।,ଏଭଳି ଏକ ଘଟଣା ଏବେ ବିତା ରହିଛି ।
The youngsters can learn from him.,ତାଙ୍କ ଠାରୁ ଯୁବକମାନେ ବହୁ କିଛି ଶିଖି ପାରିବେ।,ତାଙ୍କଠାରୁ ସେମାନଙ୍କ ମଧ୍ୟରେ ମଧ୍ୟ କରିପାରିବେ ।
The cause of murder is not known.,ହତ୍ୟା ପଛର କାରଣ ଜଣାପଡ଼ିନି।,ହତ୍ୟା କାରଣ ସ୍ପଷ୍ଟ ହୋଇନାହିଁ।
Bollywood actors and celebrities also mourned his death.,ତାଙ୍କ ବିୟୋଗରେ ବଲିଉଡ ତାରକାଙ୍କ ସମେତ ପ୍ରଶଂସକ ବି ଶୋକ ପ୍ରକାଶ କରିଛନ୍ତି।,ବଲିଉଡ୍ ଅଭିନେତା ସୁଶାନ୍ତଙ୍କ ମୃତ୍ୟୁ ମାମଲାରେ ତାଙ୍କ ମୃତ୍ୟୁରେ ମଧ୍ୟ ତାଙ୍କ ମୃତ୍ୟୁରେ ମଧ୍ୟ କରିଛନ୍ତି।
Students protested the move.,ଏହାକୁ ଛାତ୍ରମାନେ ବିରୋଧ କରିବା ସହ କାର୍ଯ୍ୟାନୁଷ୍ଠାନ ଦାବି କରିଥିଲେ ।,ଛାତ୍ରଛାତ୍ରୀମାନେ ଛାତ୍ରଛାତ୍ରୀମାନେ ଛାତ୍ରଛାତ୍ରୀମାନେ ଛାତ୍ରଛାତ୍ରୀମାନେ ପ୍ରଶ୍ନ ଉଠାଇଥିଲେ।
Business will prosper.,ବେପାରୀବର୍ଗଙ୍କୁ ଧନଲାଭ ହେବ ।,ବ୍ୟବସାୟରୁ ଲାଭ ମିଳିବ।
People were scared.,ଲୋକଙ୍କୁ ଡରାଉଥିଲା ।,ଲୋକେ ଲୋକେ ତାଙ୍କୁ ଦେଖିଥିଲେ।
Its an easy homemade recipe.,ଏହା ସହଜରେ ପ୍ରସ୍ତୁତ ହେଉଥିବା ଏକ ରେସିପି ଅଟେ।,ଏହା ଏକ ବଡ଼ ଭୂମିକା ରହିଛି।
The body was handed over to the family members after the postmortem.,ପୋଷ୍ଟମାର୍ଟମ ପରେ ଶବକୁ ପରିଜନମାନଙ୍କୁ ଦିଆଯାଇଥିଲା।,ଶବ ବ୍ୟବଚ୍ଛେଦ ପରେ ପରିବାର ଲୋକଙ୍କୁ ହସ୍ତାନ୍ତର କରାଯାଇଥିଲା।
Best Music Director - Sanjay Leela Bhansali (Padmaavat),ବେଷ୍ଟ ମ୍ୟୁଜିକ୍ ଡାଇରେକ୍ଟର- ସଞ୍ଜୟ ଲୀଳା ଭଂଶାଳି (ପଦ୍ମାବତ୍),ପୂର୍ବତନ କ୍ରିକେଟର ( ⁇ )
But no result came.,କିନ୍ତୁ ସେଠାରୁ କୌଣସି ଫଳ ସାମ୍ନାକୁ ଆସିଲା ନାହିଁ।,କିନ୍ତୁ କିଛି ସୁଫଳ ମିଳି ନଥିଲା।
We should keep doing whatever it takes for continuing the process.,"ଏଥିପାଇଁ ଆମ ସମସ୍ତଙ୍କୁ ଯାହା କିଛି ବି କରିବାକୁ ପଡ଼ିବ, କରିବା ଉଚିତ ।",ଆମେ ଏହି ପରୀକ୍ଷା ପାଇଁ ଆମେ ପ୍ରସ୍ତୁତ କରିବା ଉଚିତ ।
The situation is unlikely to improve in the near future.,ନିକଟ ଭବିଷ୍ୟତରେ ଏହି ସ୍ଥିତିରେ ସୁଧାର ହେବାର ବହୁତ କମ୍ ସମ୍ଭାବନା ରହିଛି।,ସ୍ଥିତି ଆହୁରି ଅଧିକ ସମୟ ଆହୁରି ଅଧିକ ସମୟ ଅଛି।
He was in America.,ପ୍ରଥମେ ସେ ଆମେରିକାରେ ରହିଥିଲା।,ସେ ଜଣେ ମହିଳା ଥିଲେ।
Nobody can enter the temple during that period.,ଏହି ସମୟରେ ମନ୍ଦିରକୁ କାହାରିକୁ ପ୍ରବେଶ ମଧ୍ୟ କରାଇଦିଆ ଯିବନି।,କେହି ବିଚଳିତ ନ ଥିବା କୌଣସି ପ୍ରକାରରେ ନାହିଁ।
Because they dont feel secure.,କାରଣ ସେମାନେ ସୁରକ୍ଷିତ ମନେକରୁନାହାନ୍ତି ବୋଲି କହିଥିଲେ।,ସେମାନେ ନିର୍ବାଚନ ଲଢିବା ନାହିଁ।
The police reached the spot and are investigating the incident.,ଏହାସହ ଖବର ପାଇ ଘଟଣା ସ୍ଥଳରେ ପୋଲିସ ପହଞ୍ଚି ତଦନ୍ତ ଜାରି ରଖିଛି ।,ଘଟଣା ସ୍ଥଳରେ ପୋଲିସ ପହଞ୍ଚି ଘଟଣାର ତଦନ୍ତ ଜାରି ରଖିଛି ।
Thats not its meaning.,ଏହାର ଅର୍ଥ ନୁହେଁ।,ଏହା କେବଳ ଏହା ନୁହେଁ।
Several injuries were also reported.,ଅନେକ ଆହତ ହୋଇଥିବା ମଧ୍ୟ ସୂଚନା ମିଳିଛି ।,ଏଥିରେ ବହୁ ଆହତ ହୋଇଛନ୍ତି।
"""""""I'm a bit gobsmacked.""",” ମୁଁ ଏକଦମ୍ ସ୍ତମ୍ୱିତ ।,” ବି କାମ କରୁନି।
What will you respond?,ସମ୍ୱରଣ କ’ଣ ଉତ୍ତର ଦେବେ !,ଆପଣ କଣ ହେବ?
"""This is something we can help with -- and that's why we're partnering with Jio to help people and businesses in India create new opportunities.""""""",ଏହା ଏପରି କିଛି ଯାହାକୁ ଆମେ ସାହାଯ୍ୟ କରିପାରିବା ଏବଂ ସେଥିପାଇଁ ଆମେ ଭାରତର ଲୋକ ଏବଂ ବ୍ୟବସାୟକୁ ସାହାଯ୍ୟ କରିବା ଏବଂ ନୂତନ ସୁଯୋଗ ସୃଷ୍ଟି କରିବା ପାଇଁ ଜିଓ ସହିତ ସହଭାଗୀତା କରୁଛୁ।,ଆମେ କେବଳ ନୂଆ କ୍ଷେତ୍ରରେ ସହାୟତା ଏବଂ ନୂଆ କ୍ଷେତ୍ରରେ ସହାୟତା ଏବଂ ନୂଆ କ୍ଷେତ୍ରରେ ସହାୟତା ଏବଂ ନୂଆ କ୍ଷେତ୍ରରେ ସହାୟତା କରିବା ପାଇଁ ଆମ ସହ ଜଡ଼ିତ ନୂଆ ସୁଯୋଗ ଏବଂ ଏହା ଉପରେ ଧ୍ୟାନ ଦେବାକୁ ପଡ଼ିବ ବୋଲି ଆଶା କରୁଛି ।
Gurupriya bridge inauguration deferred,ଉଦଘାଟିତ ହେଲା ଗୁରୁପ୍ରିୟା ସେତୁ,ଏହି କାର୍ଯ୍ୟକ୍ରମରେ ଯୋଗ ଦିବସ ପାଳନ
"Such practices, along with creation of infrastructure for water sports and development of camp sites, cycling and walking tracks etc , would help to tap the hybrid tourism potential of the river basin area- for purposes of religious as well as adventure tourism.","ଏହି କାର୍ଯ୍ୟକ୍ରମ ସହିତ ଜଳ କ୍ରୀଡା, କ୍ୟାମ୍ପ କ୍ଷେତ୍ରର ବିକାଶ, ସାଇକେଲ ଚାଳନା ଓ ପାଦ ଚଲା ରାସ୍ତା ଆଦି ଭିତ୍ତିଭୂମିର ବିକାଶ ଦ୍ୱାରା ନଦୀ ଅବବାହିକାରେ ଧାର୍ମିକ ଏବଂ ଦୁଃସାହାସିକ ପର୍ଯ୍ୟଟନର ସମ୍ଭାବନା ବୃଦ୍ଧି ପାଇବ ।","ଏହି ପ୍ରକଳ୍ପଗୁଡ଼ିକ ମଧ୍ୟରେ ବିକାଶ, ଜଳ, ଜଳ, ଜଳ, ଜଳ, ଜଳ, ଜଳ, ଜଳ, ଜଳ, ଜଳ, ଜଳ, ଜଳ, ଜଳ, ଜଳ, ଜଳ, ଜଳ, ଜଳ, ଜଳ, ଜଳ, ଜଳ, ବିକାଶ ଏବଂ ବିକାଶ ଏବଂ ବିକାଶ ଏବଂ ବିକାଶ ଏବଂ ବିକାଶ ଏବଂ ବିକାଶ ଏବଂ ବିକାଶ କ୍ଷେତ୍ରରେ ବିକାଶ କ୍ଷେତ୍ରରେ ବିକାଶ କ୍ଷେତ୍ରରେ ବିକାଶ ଏବଂ ବିକାଶ କ୍ଷେତ୍ରରେ ବିକାଶ କ୍ଷେତ୍ରରେ ବିକାଶ କ୍ଷେତ୍ରରେ ବିକାଶ କ୍ଷେତ୍ରରେ ବିକାଶ କ୍ଷେତ୍ରରେ ବିକାଶ କ୍ଷେତ୍ରରେ ବିକାଶ କ୍ଷେତ୍ରରେ ବିକାଶ କ୍ଷେତ୍ରରେ ବିକାଶ ଏବଂ ବିକାଶ କ୍ଷେତ୍ରରେ ବିକାଶ କ୍ଷେତ୍ରରେ ବିକାଶ କ୍ଷେତ୍ରରେ ବିକାଶ କ୍ଷେତ୍ରରେ ବିକାଶ କ୍ଷେତ୍ରରେ ବିକାଶ କ୍ଷେତ୍ରରେ ବିକାଶ ଏବଂ ବିକାଶ କ୍ଷେତ୍ରରେ ବିକାଶ କ୍ଷେତ୍ରରେ ବିକାଶ କ୍ଷେତ୍ରରେ ବିକାଶ କ୍ଷେତ୍ରରେ ବିକାଶ କ୍ଷେତ୍ରରେ ବିକାଶ କ୍ଷେତ୍ରରେ ବିକାଶ କ୍ଷେତ୍ରରେ ବିକାଶ କ୍ଷେତ୍ରରେ ବିକାଶ କ୍ଷେତ୍ରରେ ବିକାଶ କ୍ଷେତ୍ରରେ ବିକାଶ କ୍ଷେତ୍ରରେ ବିକାଶ କ୍ଷେତ୍ରରେ ବିକାଶ କ୍ଷେତ୍ରରେ ବିକାଶ କ୍ଷେତ୍ରରେ ବିକାଶ"
Bhatti died on the spot.,ଘଟଣାସ୍ଥଳରେ ପାର୍ବତୀଙ୍କର ମୃତ୍ୟୁ ଘଟିଥିଲା।,ଘଟଣାସ୍ଥଳରେ ହିଁ ମୃତ୍ୟୁ ଘଟିଥିଲା।
His video went viral on social media.,ତେବେ ତାଙ୍କର ଏହି ଭିଡିଓଟି ସୋସିଆଲ ମିଡ଼ିଆରେ ଭାଇରାଲ ହୋଇଥିଲା।,ଏହି ଭିଡିଓ ସୋସିଆଲ ମିଡିଆରେ ଭାଇରାଲ ହେବାରେ ଲାଗିଛି।
It is an expression of love.,ଏହା ହେଉଛି ପ୍ରେମର ପ୍ରତୀକ।,ଏହା ଏକ ବଡ଼ ସଫଳତା।
Ajay Devgn's latest film 'Tanaji: The Unsung Warrior' has been rocking the box office ever since its release.,ଅଜୟ ଦେବଗନଙ୍କ ଅପକମିଂ ଫିଲ୍ମ ‘ତାନାଜୀ ଦି ଅନ ସଙ୍ଗ ୱାରିୟର’ର ଟ୍ରେଲର ଇତିମଧ୍ୟର ରିଲିଜ ହୋଇସାରିଛି।,ଏହି ଫିଲ୍ମରେ ‘ନ’ର’ର’ର’ର’ର’ର’ର’ର’ର’ର’ର’ର’ର ଏକ ଫିଲ୍ମ ‘ନ’ର’ର’ର ଏକ ଫିଲ୍ମ ‘ନ’ର’ର’ର’ର’ର’ର’ର’ର’ର’ର ଏକ ଫିଲ୍ମ ‘ନ’ର’ର ଏକ ଫିଲ୍ମ ‘ନ’ର’ର’ର’ର’ର’ର ଏକ ଫିଲ୍ମ ‘ଇଜ୍’ର’ର’ର’ର’ର’ର’ର’ର’ର’ର’ର’ର’ର’ର’ର ଏକ ଫିଲ୍ମ
"India wants to have good neighbourly relationship with Pakistan, but it should first stop exporting terror to India, Singh said.","ଆମେ ପାକିସ୍ତାନ ସହ ଏକ ଉତ୍ତମ ବନ୍ଧୁ ଭାବେ ସମ୍ବନ୍ଧ ରଖିବାକୁ ଚାହୁଁଛୁ, କିନ୍ତୁ ପ୍ରଥମେ ସେ ଭାରତ ବିରୋଧରେ ଆତଙ୍କୀ କାର୍ଯ୍ୟକଳାପକୁ ବନ୍ଦ କରିବା ଦରକାର।",ଭାରତ-ପାକିସ୍ତାନ ମଧ୍ୟରେ ଭାରତ ସହ ଭାରତ ସହ ସମ୍ପର୍କ ରହିଛି।
All supported types,ସମସ୍ତ ସମର୍ଥିତ ପ୍ରକାରଗୁଡ଼ିକ,ସମସ୍ତ ପ୍ରସ୍ତୁତି
Disputes can occur in the family.,କନ୍ୟା- ପରିବାରରେ ବିବାଦ ଦେଖା ଦେଇପାରେ।,ପରିବାରରେ ସୁଖମୟ କରିପାରିବେ ।
Its just that it happened in the US.,ଆଶ୍ଚର୍ଯ୍ୟ ଲାଗୁଥିଲେ ବି ଆମେରିକାରେ ଏହା ଘଟିଛି।,ଏହା ଆମେରିକା ମଧ୍ୟ ଏହା ଥିଲା ।
A preliminary survey has been completed.,ଏ ନେଇ ପ୍ରାଥମିକ ସର୍ଭେ ସରିଛି।,ଏହାକୁ ନେଇ ଏକ ବ୍ୟାଙ୍କରେ ଚାଲିଛି।
The students demanded that they should be arrested.,ସେମାନଙ୍କୁ ଗିରଫ କରିବାକୁ ଛାତ୍ରମାନେ ଦାବି କରିଛନ୍ତି।,ସେମାନଙ୍କୁ ଗିରଫ କରିବା ଦରକାର ବୋଲି ଦାବି କରିଛନ୍ତି।
A few people had even said that what the poor would do with a bank account when they didn't have anything to eat in the first place,"କେତେକ ଲୋକ ତ କହିବାକୁ ପଛାଇଲେନି ଯେ ଯାହାଙ୍କ ପାଖରେ ଖାଇବାକୁ କିଛି ନାହିଁ, ସେମାନେ ବ୍ୟାଙ୍କରେ ଏକାଉଣ୍ଟ ଖୋଲି କ’ଣ କରିବେ ?","ଯଦି କିଛି ସମୟ ପୂର୍ବରୁ ଏହା କିଛି ସମୟ ପୂର୍ବରୁ ଏହା ଦେଖିପାରୁନାହାନ୍ତି ବୋଲି ସେ କହିଛନ୍ତି ଯେ, ଏହା ଏକ ବଡ଼ ପଦକ୍ଷେପ ଗ୍ରହଣ କରିବେ ।"
One woman and three children were injured in the incident.,ଆହତମାନଙ୍କ ମଧ୍ୟରେ ତିନି ଜଣ ମହିଳା ଓ ଜଣେ ଶିଶୁ ଥିବା ଜଣା ପଡିଛି।,ଏହି ଘଟଣାରେ ଜଣେ ମହିଳା ଓ ଜଣେ ମହିଳା ଗୁରୁତର ଆହତ ହୋଇଛନ୍ତି।
The news is being spread to create confusion among the people.,ଏମିତି ଖବର ପ୍ରଚାର କରାଯାଇ ଲୋକମାନଙ୍କୁ ବିଭ୍ରାନ୍ତ କରାଯାଉଛି ।,ଏହି ଖବର ପାଇବାରୁ ବହୁ ଲୋକଙ୍କ ମଧ୍ୟରେ ଖବର ମିଳିଛି।
Tourism and Culture Minister Ashok Panda inaugurated the meet.,"ଓଡ଼ିଆ ଭାଷା, ସାହିତ୍ୟ ଓ ସଂସ୍କୃତି ମନ୍ତ୍ରୀ ଅଶୋକ ଚନ୍ଦ୍ର ପଣ୍ଡା କାର୍ଯ୍ୟକ୍ରମକୁ ଉଦ୍ଘାଟନ କରିଥିଲେ।",ଏହି କାର୍ଯ୍ୟକ୍ରମରେ ଯୋଗ ଦେଇଥିଲେ ।
"On the occasion, NSG commandos gave a display of their prowess by conducting demonstrations in counter-terrorist operations using drones, amphibious assaults, canine units and air-dropping of Special Units.","ଏହି ଅବସରରେ ଏନଏସଜି କମାଣ୍ଡୋମାନେ ଡ୍ରୋନ୍, ଆସଲ୍ଟ ଅସ୍ତ୍ର, କୁକୁର ୟୁନିଟ୍, ସ୍ପେସାଲ ୟୁନିଟର ଏୟାର ଡ୍ରପିଂ ଆଦି ଚମତ୍କାର କୌଶଳ ପ୍ରଦର୍ଶନ କରିଥିଲେ ।","ଏହି ଅବସରରେ ଏକ ସ୍ୱତନ୍ତ୍ର, ଆଇଏନଏସଆଇ-ଇ-ଇ-ଇ-ଇ-ଇ-ଇ-ଇ-ଇ-ଇ-ଇ-ଇ-ଇ-ଇ-ଇ-ଇ-ଇ-ଇ-ଇ-ଇ-ଇ-ଇ-ଇ-ଇ-ଇ-ଇ-ଇ-ଇ-ଇ-ଇ-ଇ-ଇ-ଇ-ଇ-ଇ-ଇ-ଇ-ଇ-ଇ-ଇ-ଇ-ଇ-ଇ-ଇ-ଇ-ଇ-ଇ-ଇ-ଇ-ଇ-ଇ-ଇ-ଇ-ଇ-ଇ-ଇ-ଇ-ଇ-ଇ"
This problem is common in people of all generations.,ବର୍ତ୍ତମାନ ସମୟରେ ସବୁ ବୟସର ବ୍ୟକ୍ତିଙ୍କଠାରେ ଦେଖିବାକୁ ମିଳୁଛି ଏହି ସମସ୍ୟା।,ଏହା ସବୁ ସମସ୍ୟା ଉପରେ ଧ୍ୟାନ ଦିଅନ୍ତୁ।
The deceased were not identified when this report was being filed.,ରିପୋର୍ଟ ପ୍ରସ୍ତୁତ ହେବା ସୁଧା ମୃତାହତଙ୍କ ସୂଚନା ମିଳି ପାରି ନାହିଁ।,ରିପୋର୍ଟ ରିପୋର୍ଟ ରିପୋର୍ଟ ରିପୋର୍ଟ ରିପୋର୍ଟ ରିପୋର୍ଟ ଆସିଲା ।
That has lowered India's prestige abroad.,ଯାହା ଭାରତର ଭାବମୂର୍ତ୍ତିକୁ ବାହାର ଦେଶରେ କ୍ଷୁର୍ଣ୍ଣ କରିଛି ।,ଏହା ଭାରତରୁ ଅଧିକ ସ୍ଥାନରେ ରହିଛି।
One mobile number and email id can be used for one registration only.,ଗୋଟିଏ ମୋବାଇଲ ନମ୍ବର ଓ ଇମେଲ ଆଇଡିରେ କେବଳ ଗୋଟିଏ ଖାତା ଖୋଲିପାରିବେ।,ଗୋଟିଏ ଗୋଟିଏ ବି-କ ଓ ଗୋଟିଏ ବିରେ ମଧ୍ୟ ବ୍ୟବହାର କରିପାରିବେ ।
"When cool add the grated jaggery, black pepper and orange rind.","ଥଣ୍ଡା ହୋଇଗଲେ ଏଥିରେ କର୍ନ୍ଫ୍ଲୋର୍, କଟା ଧନିଆ ପତ୍ର ଓ କଟା କଞ୍ଚା ଲଙ୍କା ପକାନ୍ତୁ।","କ’ଣ, କ’ଣ, କ’ଣ, କ’ଣ, କ’ଣ, କ’ଣ, କ’ଣ, କ’ଣ,"
"Honble Speaker Sir, The people of India had displayed great maturity by having full faith in our democratic systems after the verdict on Ram Janm Bhoomi was delivered on 9th November, 2019.","ମାନନୀୟ ଅଧ୍ୟକ୍ଷ ମହୋଦୟ, ନଭେମ୍ବରରେ ରାମ ଜନ୍ମ ଭୂମି ଉପରେ ନିଷ୍ପତ୍ତି ହେବା ପରେ ସମସ୍ତ ଦେଶବାସୀ ଗଣତାନ୍ତ୍ରିକ ବ୍ୟବସ୍ଥା ଉପରେ ସଂପୂର୍ଣ୍ଣ ବିଶ୍ୱାସ ରଖି ମହନୀୟତାର ଉଦାହରଣ ସୃଷ୍ଟି କରିଥିଲେ ।","ଏହି ଅବସରରେ ପ୍ରଥମ ଥର ପାଇଁ ଭାରତୀୟ ଜନତାଙ୍କ ଦ୍ୱାରା ପରିଚାଳିତ, ‘ଅନ୍’ର ପ୍ରଥମ ଥର ପାଇଁ,’ର ପ୍ରଥମ ଥର ପାଇଁ,’ରନାନ’ର ପ୍ରଥମ ଥର ପାଇଁ,’ରନାନିକ ଭାବେ ଯୋଗ ଦେଇଥିଲେ ।"
He said it would not be discontinued under any circumstances.,ଏଥିରେ ସେ ଏହି ଆନେ୍ଦାଳନ କୌଣସି ପରିସ୍ଥିତିରେ ମଧ୍ୟ ବନ୍ଦ ନହେଉ ବୋଲି ଲେଖିଛନ୍ତି ।,"ସେ କହିଛନ୍ତି ଯେ, “ଆପଣର କୌଣସି ପ୍ରକାରରେ କୌଣସି ପ୍ରକାରରେ କୌଣସି ପ୍ରକାର ନାମିତ ହେବ ନାହିଁ।"
He had invited PM Narendra Modi to the swearing-in ceremony.,ପ୍ରଧାନମନ୍ତ୍ରୀ ନରେନ୍ଦ୍ର ମୋଦିଙ୍କୁ ଶପଥ ଗ୍ରହଣ ଉତ୍ସବରେ ଯୋଗଦେବା ଲାଗି ନିମନ୍ତ୍ରଣ କରାଯାଇଛି।,ପ୍ରଧାନମନ୍ତ୍ରୀ ନରେନ୍ଦ୍ର ମୋଦି ଓ ପ୍ରଧାନମନ୍ତ୍ରୀ ନରେନ୍ଦ୍ର ମୋଦି ଆଜି ମୁଖ୍ୟମନ୍ତ୍ରୀ ନବୀନ ପଟ୍ଟନାୟକଙ୍କୁ ଭେଟିଥିଲେ।
"The provincial government in Pakistans Khyber-Pakhtunkhwa plans to buy 25 pre-partition era buildings, including the ancestral houses of legendry Bollywood actors Raj Kapoor and Dilip Kumar,","ପାକିସ୍ତାନର ଖୈବର୍ ପାଖତୁନ ରାଜ୍ୟର ସରକାର ଦେଶ ବିଭାଜନ ପୂର୍ବରୁ ରହିଥିବା ଏହିପରି ୨୫ଟି କୋଠାକୁ କିଣିବାର ଯୋଜନା ରଖିଛନ୍ତି, ଯେଉଁଥିରେ ରାଜ୍ କପୁର୍ ଓ ଦିଲିପ କୁମାରଙ୍କ ପୈତୃକ ଘର ଅନ୍ତର୍ଭୁକ୍ତ।","ମୁମ୍ବାଇ: ବଲିଉଡ୍ ଅଭିନେତା ରାଜେଶ ରାଜ୍ୟ ସରକାର ଏକ ଘରୋଇ ସଂସ୍ଥା, ‘ସ’ର’ର’ର’ର ଏକ ନୂଆ ମୁଖ୍ୟ ଭୂମିକାରେ ଅଭିନୟ କରିଛନ୍ତି।"
Aries: Family life will be happy.,ମକର: ପରିବାରରେ ହସଖୁସିର ବାତାବରଣ ରହିବ।,ବୃଷ: ପରିବାରରେ ସୁଖମୟ ହେବ।
"It means that now it will be recognized as DRDO-Y but while speaking, it will sound as DRDO-Why and I believe that these five labs have the power to respond to DRDO-why.",ଏହାର ଅର୍ଥ ଏହା ହେଲା କି ଏହା ଏବେ ପରିଚିତ କରାଯିବ କି ଡିଆରଡିଓ-ୱାଇ କିନ୍ତୁ କହିଲା ବେଳେ ଶୁଭିବ ଡିଆରଡିଓ-ହ୍ୱାଇ ଆଉ ମୁଁ ବୁଝୁଛି କି ଏହି ପାଞ୍ଚଟି ଲ୍ୟାବ ଡିଆରଡିଓ-ୱାଇକୁ ଉତ୍ତର ଦେବାର କ୍ଷମତା ରଖୁଛନ୍ତି ଏହି ବିଶ୍ୱାସ ମୋର ରହିଛି ।,"ମୁଁ ଏହି ପ୍ରସଙ୍ଗରେ କୌଣସି ପ୍ରଭାବ, କିନ୍ତୁ ମୁଁ ବିତା ଏବଂ ଆଇଏ-ଏ-ଏ-ଏ-ଏ-ଏ-ଏ-ଏ-ଏ-ଏ-ଏ-ଏ-ଏ-ଏ-ଏ-ଏ-ଏ-ଏ-ଏ-ଏ-ଏ-ଏ-ଏ-ଏ-ଏ-ଏ-ଏ-ଏ-ଏ-ଏ-ଏ-ଏ-ଏ-ଏ-ଏ-ଏ-ଏ-ଏ-ଏ-ଏ-ଏ-ଏ-ଏ-ଏ-ଏ-ଏ-ଏ-ଏ-ଏ-ଏ-ଏ-ଏ-ଏ-ଏ-ଏ-ଏ-ଏ"
The award citation said Prime Minister Narendra Modi was selected for his outstanding leadership for the nation.,ଦେଶର ଉତ୍କୃଷ୍ଟ ନେତୃତ୍ୱ ଏବଂ ନିସ୍ୱାର୍ଥପର ସେବା ପାଇଁ ଚଳିତ ବର୍ଷ ଏହି ପୁରସ୍କାର ଲାଗି ନରେନ୍ଦ୍ର ମୋଦୀଙ୍କ ଚୟନ କରାଯାଇଛି ବୋଲି ପ୍ରଶସ୍ତିପତ୍ରରେ ଲେଖାଯାଇଛି।,"ପ୍ରଧାନମନ୍ତ୍ରୀ ନରେନ୍ଦ୍ର ମୋଦୀ କହିଛନ୍ତି ଯେ, “କମ୍ଙ୍କ ପାଇଁ ଏକ ସ୍ୱତନ୍ତ୍ର ଅବସରରେ ପ୍ରଧାନମନ୍ତ୍ରୀ ନରେନ୍ଦ୍ର ମୋଦୀ ଆଜି ପ୍ରଧାନମନ୍ତ୍ରୀ ନରେନ୍ଦ୍ର ମୋଦୀ ଆଜି ପ୍ରଧାନମନ୍ତ୍ରୀ ନରେନ୍ଦ୍ର ମୋଦି ।"
Three candidates are contesting the elections for the presidents post.,ତିନିଜଣ ପ୍ରାର୍ଥୀ ନିର୍ବାଚନୀ ବୈତରଣୀ ପାର ହେବାଲାଗି ଉଦ୍ୟମ କରୁଛନ୍ତି।,ଏହି ନିର୍ବାଚନରେ ଜିଲ୍ଲା ସଭାପତି ନିରଞ୍ଜନ ପଟ୍ଟନାୟକ।
to cross the border.,ସେପାରି ସୀମା ଛୁଇଁବାକୁ।,ଏହି ସମୟରେ ଉତ୍ତର ଦିଅନ୍ତୁ।
We will be cautious of the forces that harm India. We will be alert.,"ଆମେ ଭାରତର ଅହିତ କଥା ଚିନ୍ତା କରୁଥିବା ଶକ୍ତିଙ୍କଠାରୁ ସାବଧାନ ରହିବା, ସତର୍କ ରହିବା ।",ଆମେ ଭାରତ ଉପରେ ଗୁରୁତ୍ୱ ଦେବେ ।
That continues to this day.,ଯାହାକି ଆଜି ପର୍ଯ୍ୟନ୍ତ ଚାଲୁରହିଛି ।,ଏହା ଦିନକୁ ଦିନ ଆରମ୍ଭ ହେବ।
The truck driver absconded after the accident.,ଦୁର୍ଘଟଣା ପରେ ଟ୍ରକ୍ ଡ୍ରାଇଭର ଫେରାର ହୋଇଯାଇଛି।,ଦୁର୍ଘଟଣା ପରେ ଡ୍ରାଇଭରକୁ ଡ୍ରାଇଭରକୁ ଡ୍ରାଇଭରକୁ ଧକ୍କା ଦେଇଥିଲା।
Do not do any risky work.,ବିପଦପୂର୍ଣ୍ଣ କାମ କରନ୍ତୁ ନାହିଁ।,କୌଣସି କାମ କରନ୍ତି ନାହିଁ।
The award was established to crystalise Korean peoples yearning for peace on the Korean peninsula and in the rest of the world.,କୋରିଆ ଉପଦ୍ୱୀପ ଏବଂ ଅବଶିଷ୍ଟ ବିଶ୍ୱରେ ଶାନ୍ତି ପ୍ରତିଷ୍ଠା ପାଇଁ କୋରିଆର ଲୋକମାନଙ୍କ ଆଗ୍ରହକୁ ପ୍ରତିଫଳିତ କରିବା ଲାଗି ଏହି ପୁରସ୍କାର ପ୍ରତିଷ୍ଠା କରାଯାଇଥିଲା।,ଏହି ଅବସରରେ ଶାନ୍ତି ଓ ସଂସ୍କୃତିର ଶାନ୍ତି ଓ ସଂସ୍କୃତିର ଶାନ୍ତି ଓ ବିଶ୍ୱର ଶ୍ରେଷ୍ଠ ଶାନ୍ତି ଓ ସଂସ୍କୃତିର ଶାନ୍ତି ଓ ସଂସ୍କୃତିର ଶାନ୍ତି ଓ ବିଶ୍ୱର ଶ୍ରେଷ୍ଠ ଶାନ୍ତି ଓ ସଂସ୍କୃତିର ଶାନ୍ତି ଓ ସଂସ୍କୃତିର ଶାନ୍ତିର ଶାନ୍ତିର ଶାନ୍ତିର ଶାନ୍ତିର ଶାନ୍ତିର ଶାନ୍ତିର ଶାନ୍ତିର ଶାନ୍ତିର ଶାନ୍ତି ଓ ସଂସ୍କୃତିର ଶାନ୍ତି ଓ ସଂସ୍କୃତି ପାଇଁ ଏକ ଗୁରୁତ୍ୱପୂର୍ଣ୍ଣ ଭୂମିକା ରହିଛି ।
Chief Minister Naveen Patnaik thanked all the contributors.,ଏନେଇ ରାଜ୍ୟବାସୀଙ୍କୁ ଧନ୍ୟବାଦ ଜଣାଇଛନ୍ତି ମୁଖ୍ୟମନ୍ତ୍ରୀ ନବୀନ ପଟ୍ଟନାୟକ ।,ମୁଖ୍ୟମନ୍ତ୍ରୀ ନବୀନ ପଟ୍ଟନାୟକ ଏହି ଅବସରରେ ମୁଖ୍ୟମନ୍ତ୍ରୀ ନବୀନ ପଟ୍ଟନାୟକ ।
Farmers are forced to sell their produce to local traders at low prices.,ଫଳରେ ଦର କମ୍ ହେଲେ ମଧ୍ୟ ସ୍ଥାନୀୟ ଚାଷୀ ଦଲାଲଙ୍କୁ ଶାଗମାଛ ଦରରେ ବିକ୍ରି କରିବାକୁ ବାଧ୍ୟ ହେଉଛନ୍ତି।,ସ୍ଥାନୀୟ ଲୋକେ ନିଜ ନିଜ ନିଜ ନିଜ ନିଜ ନିଜ ନିଜ ନିଜ ନିଜ ନିଜ ନିଜ ନିଜ ନିଜ ନିଜ ନିଜ ନିଜ ନିଜ ନିଜ ନିଜ ନିଜ ନିଜ ନିଜ ନିଜ ନିଜ ନିଜ ନିଜ ନିଜ ନିଜ ନିଜ ନିଜ ନିଜ ନିଜ ନିଜ ନିଜ ନିଜ ନିଜ ନିଜ ନିଜ ନିଜ ନିଜ ନିଜ ନିଜ ନିଜ ନିଜ ନିଜ ନିଜ ନିଜ ନିଜ ନିଜ ନିଜ ନିଜ ନିଜ ନିଜ ନିଜ ନିଜ ନିଜ ନିଜ ନିଜ ନିଜ ନିଜ ନିଜ ନିଜ ନିଜ ନିଜ ନିଜ ନିଜ ନିଜ ନିଜ ନିଜ ନିଜ ନିଜ ନିଜ ନିଜ ନିଜ ନିଜ ନିଜ ନିଜ ନିଜ ନିଜ ନିଜ ନିଜ ନିଜ ନିଜ ନିଜ ନିଜ ନିଜ ନିଜ ନିଜ ନିଜ ନିଜ ନିଜ ନିଜ ନିଜ ନିଜ ନିଜ ନିଜ ନିଜ ନିଜ ନିଜ ନିଜ ନିଜ ନିଜ ନିଜ ନିଜ ନିଜ ନିଜ ନିଜ ନିଜ ନିଜ ନିଜ ନିଜ ନିଜ ନିଜ ନିଜ ନିଜ ନିଜ ନିଜ ନିଜ ନିଜ ନିଜ ନିଜ ନିଜ ନିଜ
He has sustained serious injury to his neck.,ତାଙ୍କର ଛାତିରେ ଗୁରୁତର ଭାବେ ଆଘାତ ଲାଗିଥିବା ଜଣାପଡିଛି ।,ତାଙ୍କ ଅବସ୍ଥା ଗୁରୁତର ଅବସ୍ଥାରେ ତାଙ୍କୁ ଉଦ୍ଧାର କରିଛନ୍ତି।
He is regarded as a neurology expert.,ତାଙ୍କୁ ଅଙ୍କୋଲୋଜିରେ ଜଣେ ବିଶେଷଜ୍ଞ ଭାବରେ ବିବେଚିତ କରାଯାଏ ।,ସେ ଜଣେ ବ୍ୟକ୍ତିମାନେ ମଧ୍ୟ କାମ କରୁଛି।
Review meetings at state level are arranged regularly wherever poor achievement has been observed.,ସଂପୃକ୍ତ ରାଜ୍ୟସ୍ତରୀୟ ମନିଟରିଂ କମିଟି ବୈଠକ (ଏସଏଲଏମସି)ରେ ଅର୍ଥଯୋଗାଣକାରୀ ବ୍ୟାଙ୍କ ଶାଖାମାନଙ୍କୁ ସାମିଲ କରାଯାଇଛି ।,ରାଜ୍ୟରେ କୃଷକମାନଙ୍କ ପାଇଁ ରାଜ୍ୟ ସରକାର ବିଭିନ୍ନ ସ୍ଥାନରେ ରହିଛି ।
"But, till date, the institute has not been constructed.",ହେଲେ ଆଜି ପର୍ଯ୍ୟନ୍ତ ଏହି କେନ୍ଦ୍ର ଖୋଲି ପାରିଲା ନାହିଁ।,କିନ୍ତୁ ବର୍ତ୍ତମାନ ସୁଦ୍ଧା ବର୍ତ୍ତମାନ ସୁଦ୍ଧା ବର୍ତ୍ତମାନ ସୁଦ୍ଧା ବର୍ତ୍ତମାନ ସୁଦ୍ଧା କୌଣସି ପରିବର୍ତ୍ତନ ହୋଇନାହିଁ।
The court has rejected it.,କୋର୍ଟ ଏହାକୁ ଅଗ୍ରାହ୍ୟ କରିଛନ୍ତି।,କୋର୍ଟ କୋର୍ଟ ଖାରଜ କରିଛନ୍ତି।
"West Bengal Chief Minister Mamata Banerjee, who has strongly opposed the treaty, was also present at the meeting.",ଏହି ଚୁକ୍ତି ସ୍ୱାକ୍ଷର ବେଳେ ପଶ୍ଚିମବଙ୍ଗ ମୁଖ୍ୟମନ୍ତ୍ରୀ ମମତା ବାନାର୍ଜୀ ମଧ୍ୟ ଉପସ୍ଥିତ ଥିଲେ ।,"ଏହି ବୈଠକରେ ମୁଖ୍ୟମନ୍ତ୍ରୀ ମମତା ବାନାର୍ଜୀ, ମୁଖ୍ୟମନ୍ତ୍ରୀ ମମତା ବାନାର୍ଜୀ ମଧ୍ୟ ଉପସ୍ଥିତ ଥିଲେ।"
The family members of woman has filed a case of dowry killing.,ଶ୍ୱଶୁର ଘର ଲୋକଙ୍କ ବିରୋଧରେ ମହିଳାଙ୍କ ପରିବାର ଲୋକେ ଆଣିଲେ ଯୌତୁକ ଜନିତ ହତ୍ୟା ଅଭିଯୋଗ ।,ପରିବାର ଲୋକେ ଜଣେ ମହିଳା ଜଣକ ପରିବାର ଲୋକେ ଅଭିଯୋଗ କରିଛନ୍ତି।
But doctors there declared him brought dead.,ହେଲେ ଡ଼ାକ୍ତର ସେଠାରେ ତା’କୁ ମୃୃତ ଘୋଷଣା କରିଥିଲେ।,କିନ୍ତୁ ସେଠାରେ ଡାକ୍ତର ତାଙ୍କୁ ମୃତ ଘୋଷଣା କରିଥିଲେ।
"In the present circumstances, that is what is of utmost importance.",ବର୍ତ୍ତମାନ ପରିସ୍ଥିତିରେ ଏହା ଅତ୍ୟନ୍ତ ଜରୁରୀ ହୋଇପଡିଛି ।,"ଏହି ସମୟରେ ଏହି କାର୍ଯ୍ୟକ୍ରମ ରହିଛି, ଏହି କାର୍ଯ୍ୟକ୍ରମ ରହିଛି ।"
"According to the police, when Purohit returned home around 1.30 am on June 6, he saw that his wife Maniben had committed suicide.","ପୁଲିସ ସୂତ୍ର ଅନୁସାରେ, ଜୁନ୍ ୬ ତାରିଖ ଦିନ ପୁରୋହିତ ରାତି ପ୍ରାୟ ୧.୩୦ ମିନିଟ୍ରେ ଘରକୁ ଫେରି ଦେଖିଥିଲେ ତାଙ୍କ ପତ୍ନୀ ମନିବେନ୍ ଆତ୍ମହତ୍ୟା କରିଛନ୍ତି।",ତେବେ ତାଙ୍କ ପତ୍ନୀଙ୍କ ଆତ୍ମହତ୍ୟା କରିଥିବା ବେଳେ ତାଙ୍କ ପତ୍ନୀଙ୍କ ଆତ୍ମହତ୍ୟା କରିଥିବା ବେଳେ ତାଙ୍କ ପତ୍ନୀଙ୍କ ଆତ୍ମହତ୍ୟା କରିଥିବା ବେଳେ ତାଙ୍କ ପତ୍ନୀଙ୍କୁ ହତ୍ୟା କରାଯାଇଥିବା ବେଳେ ତାଙ୍କ ପତ୍ନୀଙ୍କୁ ହତ୍ୟା କରାଯାଇଥିବା ବେଳେ ତାଙ୍କ ପତ୍ନୀଙ୍କୁ ହତ୍ୟା କରାଯାଇଥିବା ବେଳେ ସେ ଅଭିଯୋଗ କରିଛନ୍ତି।
What was the boy's fault?,କି ଦୋଷଥିଲା ବିଚରା ପିଲାଟାର ?,କ’ଣ ଥିଲା?
Cannot sync flags to folder `%s': Bad command,ସୂଚକଗୁଡ଼ିକୁ ଫୋଲଡର `%s' ରେ ସମକାଳ କରିହେବ ନାହିଁ: ଖରାପ ନିର୍ଦ୍ଦେଶ, ⁇ S ⁇ S ⁇ S ⁇ S ⁇ S ⁇ S ⁇ S ⁇ S ⁇ S ⁇ S ⁇ S ⁇ S ⁇ S ⁇ S ⁇ S ⁇ S ⁇ S ⁇ S ⁇ S ⁇ S ⁇ S ⁇ S ⁇ S ⁇ S ⁇ S ⁇ S ⁇ S ⁇ S ⁇ S ⁇ S ⁇ S ⁇ S ⁇ S ⁇ S ⁇ S ⁇ S ⁇ S ⁇ S ⁇ S ⁇ S ⁇ S ⁇ S ⁇ S ⁇ S ⁇ S ⁇ S ⁇ S ⁇ S ⁇ S ⁇ S ⁇ S ⁇ S ⁇ S ⁇ S ⁇ S ⁇ S ⁇ S ⁇ S ⁇ S ⁇ S ⁇ S ⁇ S
This is not required for foreign tourists.,ତେବେ ବିଦେଶୀ ପର୍ଯ୍ୟଟକଙ୍କ ପାଇଁ ଏସବୁ ଲଗା ହେବନି।,ଏହା ସହ ସ୍ଥାନୀୟ ଲୋକଙ୍କ ପାଇଁ ନୂଆ ସୁଯୋଗ ନାହିଁ।
"An investigation is underway, the SSP said.",ଏ ନେଇ ତଦନ୍ତ ଚାଲୁ ରହିଥିବା ଗଂଜାମ ଏସ୍ପି ସୂଚନା ଦେଇଛନ୍ତି।,ତଦନ୍ତ ଚାଲିଛି ବୋଲି କହିଛନ୍ତି।
Head of Dept.,ବିଭାଗୀୟ ମୁଖ୍ୟା ଡ.,ଏଥିରେ ସାମିଲ ହୋଇଥିଲେ।
No criminal proceedings yet.,ଆଗରୁ କୌଣସି ଅପରାଧିକ ମାମଲା ନାହିଁ ।,ଏପର୍ଯ୍ୟନ୍ତ କୌଣସି ଅଭିଯୋଗ ହୋଇନାହିଁ।
Police have recorded the victims statement.,ପୋଲିସ ପୀଡିତାଙ୍କ ବୟାନ ରେକର୍ଡ କରିଛି ।,ପୋଲିସ ପକ୍ଷରୁ ଏକ ନୂଆ ପୁଲିସ ପକ୍ଷରୁ ଏକ ନୂଆ ମାମଲା ରୁଜୁ କରିଛି।
"Citrus fruits like oranges, lemon, kiwis and melons have a high Vitamin C content.","କମଳା, ଚେରି, ଲିଚୁ, ଲେମ୍ବୁ ଆଦିରେ ପ୍ରଚୁର ପରିମାଣରେ ଭିଟାମିନ୍ ସି ରହିଥାଏ।","ଏହି ସିସିନ୍, ସିସିନ୍, ସିସିନ୍, କ’ଣ, କ’ଣ, କ’ଣ, କ’ଣ, କ’ଣ, କ’ଣ, କ’ଣ, କ’ଣ, କ’ଣ, କ’ଣ, କ’ଣ, କ’ଣ, କ’ଣ, କ’ଣ, କ’ଣ, କ’ଣ, କ’ଣ, କ’ଣ, କ’ଣ, କ’ଣ, କ’ଣ, କ’ଣ, କ’ଣ, କ’ଣ, କ’ଣ, କ’ଣ, କ’ଣ, କ’ଣ,"
His fans are eagerly waiting to catch a glimpse of him.,ତାଙ୍କ ଏକ ଝଲକ୍ ପାଇବା ପାଇଁ ଫ୍ୟାନ୍ମାନେ ଚାହିଁ ବସିଥାନ୍ତି।,ତାଙ୍କ ପିତାଙ୍କ ନାମକୁ ନିଜ ନିଜ ନିଜ ନିଜ ନିଜ ନିଜ ନିଜ ନିଜ ନିଜ ନିଜ ନିଜ ନିଜ ନିଜ ନିଜ ନିଜ ନିଜ ନିଜ ନିଜ ନିଜ ନିଜ ନିଜ ନିଜ ନିଜ ନିଜ ନିଜ ନିଜ ନିଜ ନିଜ ନିଜ ନିଜ ନିଜ ନିଜ ନିଜ ନିଜ ନିଜ ନିଜ ନିଜ ନିଜ ନିଜ ନିଜ ନିଜ ନିଜ ନିଜ ନିଜ ନିଜ ନିଜ ନିଜ ନିଜ ନିଜ ନିଜ ନିଜ ନିଜ ନିଜ ନିଜ ନିଜ ନିଜ ନିଜ ନିଜ ନିଜ ନିଜ ନିଜ ନିଜ ନିଜ ନିଜ ନିଜ ନିଜ ନିଜ ନିଜ ନିଜ ନିଜ ନିଜ ନିଜ ନିଜ ନିଜ ନିଜ ନିଜ ନିଜ ନିଜ ନିଜ ନିଜ ନିଜ ନିଜ ନିଜ ନିଜ ନିଜ ନିଜ ନିଜ ନିଜ ନିଜ ନିଜ ନିଜ ନିଜ ନିଜ ନିଜ ନିଜ ନିଜ ନିଜ ନିଜ ନିଜ ନିଜ ନିଜ ନିଜ ନିଜ ନିଜ ନିଜ ନିଜ ନିଜ ନିଜ ନିଜ ନିଜ ନିଜ ନିଜ ନିଜ ନିଜ ନିଜ ନିଜ ନିଜ ନିଜ ନିଜ ନିଜ
New Zealand health minister resigns amid criticism,ନ୍ୟୁଜିଲାଣ୍ଡର ସ୍ବାସ୍ଥ୍ୟମନ୍ତ୍ରୀଙ୍କୁ ନିଜ ପଦବୀରୁ ହଟାଇଲେ ପ୍ରଧାନମନ୍ତ୍ରୀ : ଲକଡାଉନବେଳେ ନିୟମ ଉଲ୍ଲଙ୍ଘନ କରିଥିବାରୁ ନେଲେ କଠୋର ପଦକ୍ଷେପ,ପ୍ରଧାନମନ୍ତ୍ରୀଙ୍କ ସ୍ୱାସ୍ଥ୍ୟ ମନ୍ତ୍ରୀ
"""Please choose a different numeric identifier for group """"%s"""".""",ଭିନ୍ନ ଏକ ମୂଳସ୍ଥାନ ପଞ୍ଜିକା ଡିରେକ୍ଟୋରୀ ପଥ ଭରଣ କରନ୍ତୁ।,"""ତା'ପରେ ଏକ ନୂତନ କହିଲେ, """"%s""""କୁ ନୂତନ ଫାଇଲଗୁଡ଼ିକ ପାଇଁ ଏକ ନୂତନ କାର୍ଯ୍ୟ କରନ୍ତୁ।"
That is my only fascination.,ମୋର ସେତିକି ମାତ୍ର ସୌକ ।,ଏହା କେବଳ ମୋର ବିଶ୍ୱାସ କରେ।
"Of these, 10 people have died.",ଏଥି ମଧ୍ୟରୁ ୧୦ ଜଣଙ୍କର ମୃତ୍ୟୁ ହୋଇସାରିଲାଣି ।,ଏହି ୧୦ ଜଣ ବ୍ୟକ୍ତିଙ୍କର ମୃତ୍ୟୁ ହୋଇଛି ।
He has done many films throughout his career that have inspired the audience.,ସେ ତାଙ୍କ କ୍ୟାରିୟରରେ ଅନେକ ଚଳଚ୍ଚିତ୍ରରେ ଅଭିନୟ କରିଛନ୍ତି ଯାହା ଦର୍ଶକଙ୍କ ହୃଦୟକୁ ଛୁଇଁପାରିଛି।,ସେ ଅନେକ ଫିଲ୍ମ ‘ଇନ୍’ର ପ୍ରଥମ ଥର ପାଇଁ ସେ ଅନେକ ଫିଲ୍ମ ‘ଇନ୍’ର ଅଭିନୟ କରିଛନ୍ତି ।
The situation was terrible.,ପରିସ୍ଥିତି ସେହିପରି ଭୟଙ୍କର ହୋଇ ଯାଇଛି।,ସ୍ଥିତି ସମ୍ପର୍କରେ ସ୍ଥିତି ହୋଇଥିଲା।
They were rescued by the police.,ପୁଲିସ୍ ପହଞ୍ଚ ସେମାନଙ୍କୁ ଉଦ୍ଧାର କରିଥିଲା।,ସେମାନେ ପୋଲିସ ସେମାନଙ୍କୁ ଉଦ୍ଧାର କରି ଉଦ୍ଧାର କରିଥିଲେ ।
"For this, I extend my gratitude to our neighbour: India, its people and government and especially to Honorable Prime Minister Narendra Modi.","ଏଥିପାଇଁ ମୁଁ ଆମର ପଡୋଶୀ ଭାରତ ସରକାର, ଏହାର ଲୋକ ଏବଂ ବିଶେଷ କରି ପ୍ରଧାନମନ୍ତ୍ରୀ ମୋଦୀଙ୍କୁ ମୋର ଧନ୍ୟବାଦ ଓ କୃତଜ୍ଞତା ଜଣାଉଛି।","ମୁଁ ଆଜି ପ୍ରଧାନମନ୍ତ୍ରୀ ନରେନ୍ଦ୍ର ମୋଦୀ, ମୁଁ ଆଜି ମୋତେ ଏହି ଅବସରରେ ମୁଁ ଆପଣମାନଙ୍କୁ ସମସ୍ତଙ୍କୁ ମୁଁ ଆପଣମାନଙ୍କୁ ସମସ୍ତଙ୍କୁ ମୁଁ ଆପଣମାନଙ୍କୁ ସମସ୍ତଙ୍କୁ ମୁଁ ଆପଣମାନଙ୍କୁ ସମସ୍ତଙ୍କୁ ମୁଁ ଆପଣମାନଙ୍କୁ ସମସ୍ତଙ୍କୁ ଶୁଭେଚ୍ଛା ଜଣାଉଛି ।"
It will be on next week.,ଆସନ୍ତା ସପ୍ତାହରେ ଏହା ପହଞ୍ଚିଯିବ।,ଏହା ଦ୍ୱାରା ପରିଚାଳିତ ଏକ ନୂଆପଡା ହେବ।
of people who attended the meeting,ସଭାରେ ଉପସ୍ଥିତ ଜନତା,ଏହି ବୈଠକରେ ଯୋଗ ଦେଇଥିଲେ ।
"Recently, the Delhi high court had denied anticipatory bail to Honeypreet and asked her to surrender.",ପୂର୍ବରୁ ହନିପ୍ରୀତଙ୍କ ଆଗୁଆ ଜାମିନ ଆବେଦନକୁ ଖାରଜ କରି ଆତ୍ମସମର୍ପଣ କରିବାକୁ ପରାମର୍ଶ ଦେଇଥିଲେ ଦିଲ୍ଲୀ ହାଇକୋର୍ଟ ।,"ଦିଲ୍ଲୀ, ଦିଲ୍ଲୀ, ଦିଲ୍ଲୀ, ଦିଲ୍ଲୀ, ଦିଲ୍ଲୀ, ଦିଲ୍ଲୀ, ଦିଲ୍ଲୀ, ଦିଲ୍ଲୀ, ଦିଲ୍ଲୀ, ଦିଲ୍ଲୀ, ଦିଲ୍ଲୀ, ଦିଲ୍ଲୀ, ଦିଲ୍ଲୀ, ଦିଲ୍ଲୀ, ଦିଲ୍ଲୀ ଓ ଦିଲ୍ଲୀ ହାଇକୋର୍ଟ ମଧ୍ୟ ତାଙ୍କୁ କୋର୍ଟ ଚାଲାଣ କରାଯାଇଛି।"
"However, a blast took place suddenly.",ହେଲେ ଅଚାନକ ଆରମ୍ଭ ହୋଇଯାଇଥିଲା ଗୁଳିମାଡ ।,ତେବେ ଏହି ସମୟରେ ଦୁର୍ଘଟଣା ଘଟିଛି।
Indian Army is hiring!,ଭାରତୀୟ ନୌସେନା ଆଣିଲା ନିଯୁକ୍ତି ସୁଯୋଗ !,ଭାରତୀୟ ସେନା ପକ୍ଷରୁ କୁହାଯାଇଛି।
He has been without food all day.,ଦିନ ଦିନ ଧରି ତାଙ୍କୁ ଭୋକିଲା ରଖାଯାଉଥିଲା ।,ସେ ପ୍ରତିଦିନ ଖାଦ୍ୟପେୟନ୍ୟନ୍ୟନ୍ଙ୍କୁ ଭଲ ଭାବେ କାମ କରୁଛନ୍ତି।
"If ye be true men, let one of your brethren be bound in the house of your prison: go ye, carry corn for the famine of your houses:","ଯଦି ତୁମ୍ଭମାନେେ ବାସ୍ତବ ରେ ବିଶ୍ବାସୀ ଲୋକ, ତବେେ ତୁମ୍ଭ ଭାଇମାନଙ୍କ ମଧ୍ଯରୁ କହେି ଜଣେ କାରାଗାର ରେ ରହୁ। ଏବଂ ଅନ୍ୟ ସମସ୍ତେ ଶସ୍ଯ ନଇେ ତୁମ୍ଭ ଲୋକମାନଙ୍କ ପାଇଁ ନଇେ ୟାଇପାର।","""ତା'ପରେ ସହେି ଲୋକ, """"ମୁଁ ମଧ୍ଯ ସହେି ଲୋକ, """"ମୁଁ ମଧ୍ଯ ସହେି ସ୍ଥାନ ରେ ତୁମ୍ଭେ ସହେି ସ୍ଥାନ ରେ ତୁମ୍ଭେ ସହେି ସ୍ଥାନ ରେ ତୁମ୍ଭେ ସହେି ସ୍ଥାନ ରେ ତୁମ୍ଭେ ସହେି ସ୍ଥାନ ରେ ତୁମ୍ଭେ ସହେି ସ୍ଥାନ ରେ ତୁମ୍ଭେ ସହେି ସ୍ଥାନ ରେ ତୁମ୍ଭେ ସହେି ସ୍ଥାନ ରେ ତୁମ୍ଭେ ସହେି ସ୍ଥାନ ରେ ତୁମ୍ଭେ ସହେି ସ୍ଥାନ ରେ ତୁମ୍ଭେ ସହେି ସ୍ଥାନ ରେ ତୁମ୍ଭେ ସହେି ସ୍ଥାନ ରେ ତୁମ୍ଭେ ସହେି ସ୍ଥାନ ରେ ତୁମ୍ଭେ ସହେି ସ୍ଥାନ ରେ ତୁମ୍ଭେ ସହେି ସ୍ଥାନ ରେ ତୁମ୍ଭେ ସହେି ସ୍ଥାନ ରେ ତୁମ୍ଭେ ସହେି ସ୍ଥାନ ରେ ତୁମ୍ଭେ ସହେି ସ୍ଥାନ ରେ ତୁମ୍ଭେ ସହେି ସ୍ଥାନ ରେ ତୁମ୍ଭେ ସହେି ସ୍ଥାନ ରେ ତୁମ୍ଭେ ସହେି ସ୍ଥାନ ରେ ତୁମ୍ଭେ ସହେି ସ୍ଥାନ ରେ ତୁମ୍ଭେ ସହେି ସ୍ଥାନ ରେ ତୁମ୍ଭେ ସହେି ସ୍ଥାନ ରେ ତୁମ୍ଭେ ସହେି ସ୍ଥାନ ରେ ତୁମ୍ଭେ ସହେି ସ୍ଥାନ ରେ ତୁମ୍ଭେ ସହେି ସ୍ଥାନ ରେ ସହେି ସ୍ଥାନ"
"The department is providing beggars shelter, food, counselling and employment skills training.","ଜେଲ୍ ବିଭାଗ ଭିକାରିମାନଙ୍କୁ ଆଶ୍ରୟ, ଖାଦ୍ୟ, କାଉନ୍ସେଲିଙ୍ଗ୍ ଏବଂ କର୍ମସଂସ୍ଥାନ କୁଶଳୀ ତାଲିମ୍ ଦେଉଛି।","ସେ କହିଥିଲେ ଯେ, ଖାଦ୍ୟ, ଖାଦ୍ୟ, ଖାଦ୍ୟ, ଖାଦ୍ୟ, ଖାଦ୍ୟ, ଖାଦ୍ୟ, ଖାଦ୍ୟ, ଖାଦ୍ୟ, ଖାଦ୍ୟ ଓ ଜଳପଥ, ଖାଦ୍ୟପେକ୍ଷା ଓ ଜଳପଥର ଆବଶ୍ୟକତା ରହିଛି ।"
"Last month in New Delhi, you graced my swearing-in ceremony.",ଗତ ମାସରେ ନୂଆଦିଲ୍ଲୀରେ ମୋର ଶପଥ ଗ୍ରହଣ ସମାରୋହକୁ ଆପଣ ସୁଶୋଭିତ କରିଥିଲେ ।,ନୂଆଦିଲ୍ଲୀ: ଆଜି ଦିଲ୍ଲୀରେ ଅନେକ ଥର ପାଇଁ ଦିଲ୍ଲୀରୁ ଆରମ୍ଭ ହୋଇଛି।
He was detained by the police and is being interrogated.,ପୁଲିସ ତାକୁ ଅଟକ ରଖି ପଚରାଉଚରା ଜାରି ରଖିଛି ।,ପୋଲିସ ଓ ପୋଲିସ ତାଙ୍କୁ ଗିରଫ କରି ତଦନ୍ତ ଜାରି ରଖିଛି ।
"In all this, the principal actors, the fulcrum of the medical system, are the doctors all of you who are being awarded degrees today.","ଏସବୁ କ୍ଷେତ୍ରରେ ପ୍ରମୁଖ ଭୂମିକା ଗ୍ରହଣକାରୀମାନେ ଯେଉଁମାନେ ଚିକିତ୍ସା ବ୍ୟବସ୍ଥାର ମୁଖ୍ୟ ଅଙ୍ଗ ଭାବେ ସୁପରିଚିତ ସେମାନଙ୍କ ମଧ୍ୟରେ ଯେଉଁମାନେ ଆଜି ଏଠାରେ ଡ଼ିଗ୍ରୀ ଗ୍ରହଣ କରିବାକୁ ଯାଉଛନ୍ତି, ସେମାନେ ହେଲେ ଅନ୍ୟତମ ।",ଏହି ସମୟରେ ଏହି ସମୟରେ ଏହି ସମୟରେ ଏହି ସମୟରେ ବିଭିନ୍ନ ପ୍ରକାରରେ ସମସ୍ତ ପ୍ରକାରରେ ସାମିଲ ଅଛନ୍ତି ।
China has stepped up its rhetoric in an increasingly tense border row with India.,ଚାଇନା ସହ ସୀମା ବିବାଦ ଚରମ ସୀମାରେ ପହଞ୍ଚିଥିବାରୁ ଭାରତରେ ବୟକଟ ଚାଇନା ସ୍ଲୋଗାନ ଜୋର ଧରିଛି।,ଚୀନ୍ର ବିଶ୍ୱରେ ଭାରତ-ପାକିସ୍ତାନ ମଧ୍ୟରେ ରହିଛି ।
It will also enable the Department of Posts to bring out any administrative orders to implement the provisions of the UPU Convention in India.,ଏଥିସହିତ ଡାକ ବିଭାଗ ୟୁପିୟୁ ରାଜିନାମାର ବ୍ୟବସ୍ଥାକୁ ଭାରତରେ ଲାଗୁ କରିବା ନିମନ୍ତେ ଯେକୌଣସି ପ୍ରଶାସନିକ ଆଦେଶ ଜାରି କରିପାରିବ ।,ଏହା ବ୍ୟତୀତ ଭାରତ ଓ ପ୍ରଯୁକ୍ତିଗତ ସହଯୋଗ ପାଇଁ ମଧ୍ୟ ଏହି ସୂଚନା ପ୍ରଦାନ କରିବ ।
"Reform yourself and you will find the Lord. Jab Main Tha Tab Hari Nahin, Jab Hari Hai, Main Nahi.","ନିଜକୁ ସୁଧାରିବ ତ ହରି ମିଳିଯିବେ – ଯବ୍ ମେଁ ଥା ତବ୍ ହରି ନହିଁ, ଯବ୍ ହରି ହୈ ମେଁ ନହିଁ ।","""ତା'ପରେ ସହେିଦିନ, """"ମୁଦ, """"ମୁଁ ତୁମ୍ଭକୁ, """" ହେଲିନ୍, """" ହେଲିନ୍, """" ହେଲିନ୍, """" ହେଲିନ୍, """" ହେଲିନ୍, """" ହେଲିନ୍, """" ହେଲିନ୍, ଜୋନ, ଜୋନ, ଜୋନ, ଜୋନ, ଜୋନ, ମୈରା, ଜୋନ, ମୈରା, ମୈରା, ମୈରା, ମୈରା, ମୈରା, ମୈରା, ମୈରା, ମୈରା, ମୈରା, ମୈରା, ମୈରା, ମୈରା, ମୈରା, ମ"
Both the films were super hits.,ଉଭୟ ଫିଲ୍ମ ସୁପରହିଟ୍ ହୋଇଥିଲା।,ଉଭୟ ଫିଲ୍ମରେ ଅଭିନୟ କରିଥିଲେ।
Sania Mirzas sister Anam Mirza gets engaged,ସାନିଆଙ୍କ ସାନ ଭଉଣୀ ହେଇଛନ୍ତି ଅନମ ମିର୍ଜା ।,ଅହିଲାମାମ୍ମାମ୍ମାମ୍ମାମ୍ମାମ୍ମାମ୍ମାମ୍ମାମ୍ମାମ୍ମାମ୍ମାମ୍ମାମ୍ମାଲା।
Prasad said that first Prime Minister Jawaharlal Nehru was in part to blame for Kashmirs problem.,କାଶ୍ମୀର ସମସ୍ୟା ପାଇଁ ପୂର୍ବତନ ପ୍ରଧାନମନ୍ତ୍ରୀ ଜବାହରଲାଲ୍ ନେହରୁ ହିଁ ଦାୟୀ ବୋଲି ସେ କହିଛନ୍ତି।,"ପ୍ରଧାନମନ୍ତ୍ରୀ କହିଥିଲେ ଯେ, ପ୍ରଧାନମନ୍ତ୍ରୀଙ୍କ ପ୍ରଥମ ପ୍ରଧାନମନ୍ତ୍ରୀଙ୍କ ପ୍ରଥମ ପ୍ରଧାନମନ୍ତ୍ରୀଙ୍କ ପାଇଁ ପ୍ରଧାନମନ୍ତ୍ରୀଙ୍କ ପ୍ରଥମ ପ୍ରଧାନମନ୍ତ୍ରୀଙ୍କ ପ୍ରଥମ ପ୍ରଧାନମନ୍ତ୍ରୀଙ୍କ ପାଇଁ ଏକ ସମସ୍ୟା ।"
Vegetables and food grains are also cultivated.,ଧାନ ଓ ପନପରିବା ଫସଲ ଖାଇବା ସହ ନଷ୍ଟ ମଧ୍ୟ କରୁଛନ୍ତି।,ଖାଦ୍ୟ ଓ ଖାଦ୍ୟ ଖାଦ୍ୟ ଖାଦ୍ୟ ଖାଦ୍ୟ ଖାଦ୍ୟ ଖାଦ୍ୟ ଖାଦ୍ୟ ଖାଦ୍ୟ ଖାଦ୍ୟ ଖାଦ୍ୟ ଖାଦ୍ୟ ଖାଦ୍ୟ ଖାଦ୍ୟ ଖାଦ୍ୟ ଖାଦ୍ୟ ଖାଦ୍ୟ ଖାଦ୍ୟପେକ୍ଷା କରନ୍ତୁ।
The chief guest distributed prizes among the students on the occasion.,ଏହି ଅବସରରେ ଉପରାଷ୍ଟ୍ରପତି କୃତି ଛାତ୍ରଛାତ୍ରୀମାନଙ୍କୁ ମେଡାଲ ପ୍ରଦାନ କରିଥିଲେ ।,ଏହି ଅବସରରେ ଛାତ୍ରଛାତ୍ରୀମାନଙ୍କ ମଧ୍ୟରେ ବିଭିନ୍ନ ସାଂସ୍କୃତିକ କାର୍ଯ୍ୟକ୍ରମ ପରିବେଷଣ କରିଥିଲେ।
Students need to be vigilant about their studies.,ଛାତ୍ରଛାତ୍ରୀମାନେ ପାଠ ପଢ଼ିବା ସମୟରେ ଅଧ୍ୟୟନ ପ୍ରତି ଯତ୍ନବାନ ହେବା ଦରକାର।,ଛାତ୍ରଛାତ୍ରୀମାନେ ନିଜ ନିଜ ନିଜ ନିଜ ନିଜ ନିଜ ନିଜ ନିଜ ନିଜ ନିଜ ନିଜ ନିଜ ନିଜ ନିଜ ନିଜ ନିଜ ନିଜ ନିଜ ନିଜ ନିଜ ନିଜ ନିଜ ନିଜ ନିଜ ନିଜ ନିଜ ନିଜ ନିଜ ନିଜ ନିଜ ନିଜ ନିଜ ନିଜ ନିଜ ନିଜ ନିଜ ନିଜ ନିଜ ନିଜ ନିଜ ନିଜ ନିଜ ନିଜ ନିଜ ନିଜ ନିଜ ନିଜ ନିଜ ନିଜ ନିଜ ନିଜ ନିଜ ନିଜ ନିଜ ନିଜ ନିଜ ନିଜ ନିଜ ନିଜ ନିଜ ନିଜ ନିଜ ନିଜ ନିଜ ନିଜ ନିଜ ନିଜ ନିଜ ନିଜ ନିଜ ନିଜ ନିଜ ନିଜ ନିଜ ନିଜ ନିଜ ନିଜ ନିଜ ନିଜ ନିଜ ନିଜ ନିଜ ନିଜ ନିଜ ନିଜ ନିଜ ନିଜ ନିଜ ନିଜ ନିଜ ନିଜ ନିଜ ନିଜ ନିଜ ନିଜ ନିଜ ନିଜ ନିଜ ନିଜ ନିଜ ନିଜ ନିଜ ନିଜ ନିଜ ନିଜ ନିଜ ନିଜ ନିଜ ନିଜ ନିଜ ନିଜ ନିଜ ନିଜ ନିଜ ନିଜ ନିଜ ନିଜ ନିଜ ନିଜ ନିଜ ନିଜ ନିଜ ନିଜ ନିଜ
Titlagarh hottest at 45.5 degrees,"ତାତିଲା ଟିଟିଲାଗଡ଼, ତାପମାତ୍ରା ଛୁଇଁଲା ୪୫.୫ ଡିଗ୍ରୀ", ⁇ S ⁇ S ⁇ S ⁇ S ⁇ S ⁇ S ⁇ S ⁇ S ⁇ S ⁇ S ⁇ S ⁇ S ⁇ S ⁇ S ⁇ S ⁇ S ⁇ S ⁇ S ⁇ S ⁇ S ⁇ S ⁇ S ⁇ S ⁇ S ⁇ S ⁇ S ⁇ S ⁇ S ⁇ S ⁇ S ⁇ S ⁇ S ⁇ S ⁇ S ⁇ S ⁇ S ⁇ S ⁇ S ⁇ S ⁇ S ⁇ S ⁇ S ⁇ S ⁇ S ⁇ S ⁇ S ⁇ S ⁇ S ⁇ S ⁇ S ⁇ S ⁇ S ⁇ S ⁇ S ⁇ S ⁇ S ⁇ S ⁇ S ⁇ S ⁇ S ⁇ S ⁇ S
What are Indias plans?,କ’ଣ ଏହି ଆୟୁଷ୍ମାନ ଭାରତ ଯୋଜନା ?,ଭାରତର ସବୁଠାରୁ ବଡ଼ ବଡ଼ ବଡ଼ ବଡ଼ ବଡ଼ ବଡ଼ ବଡ଼ ବଡ଼ ବଡ଼ ବଡ଼ ବଡ଼ ବଡ଼ ବଡ଼ ବଡ଼ ବଡ଼ ବଡ଼ ବଡ଼ ବଡ଼ ବଡ଼ ବଡ଼ ବଡ଼ ବଡ଼ ଧରଣର ?
So police are also keeping a close watch on their activities.,ସେହିଭଳି ତା’ର କାରବାରକୁ ନେଇ ମଧ୍ୟ ପୁଲିସ ଅଧିକ ଛାନ୍ଭିନ୍ ଜାରି ରଖିଛି।,ତେଣୁ ସେମାନେ ମଧ୍ୟ ପୁଲିସ ମଧ୍ୟ ସେମାନଙ୍କ ଉପରେ ମଧ୍ୟ ଜାରି ରଖିଛି।
"Apart from this, we've also built new hostels for Northeast students in Delhi and Bengaluru.","ଏହାଛଡ଼ା ଦିଲ୍ଲୀ ଓ ବାଙ୍ଗାଲୋରରେ ଉତର-ପୂର୍ବାଂଚଳ ଛାତ୍ରଛାତ୍ରୀଙ୍କ ପାଇଁ ନୂଆ ଛାତ୍ରାବାସ ନିର୍ମାଣ କରାଯାଇଛି”, ପ୍ରଧାନମନ୍ତ୍ରୀ ଉଲ୍ଲେଖ କରିଥିଲେ ।",ଆଜି ଆମେ ଏହି ନୂଆ କ୍ଷେତ୍ରରେ ମଧ୍ୟ ଆମେ ସମସ୍ତ ନୂଆ କ୍ଷେତ୍ରରେ ମଧ୍ୟ ନିର୍ମାଣ କରିବା ପାଇଁ ମଧ୍ୟ ପ୍ରସ୍ତୁତ କରିବା ଲାଗି ଆମେ ସମସ୍ତେ ନୂଆ କାର୍ଯ୍ୟ କରୁଛୁ ।
Please Read:,ନିଶ୍ଚିତ ପଢ଼ନ୍ତୁ :,ଆବଶ୍ୟକ:
The live and works of hundred of Indian Scientists are a compelling testament of integration of deep fundamental insights with technology development and nation building.,ଭାରତର ଶହ ଶହ ବୈଜ୍ଞାନିକଙ୍କ ଜୀବନ ଏବଂ କାର୍ଯ୍ୟାବଳୀ ସେମାନଙ୍କର ଗଭୀର ମୌଳିକ ଚିନ୍ତନ ଯାହାକି ପ୍ରଯୁକ୍ତିର ବିକାଶ ଏବଂ ରାଷ୍ଟ୍ର ନିର୍ମାଣ ପାଇଁ ଉଦ୍ଦିଷ୍ଟ ତାହା ଏଥିରେ ସନ୍ନିବେଶିତ ହୋଇଛି ।,ଭାରତୀୟ ସଂସ୍କୃତି ଓ ବିକାଶ ପାଇଁ ଭାରତୀୟ ସଂସ୍କୃତିର ବିକାଶ ଏବଂ ବିଶ୍ୱସ୍ତରୀୟ ବିକାଶ ଏବଂ ବିଶ୍ୱସ୍ତରୀୟ ବିକାଶ ଦିଗରେ ଏକ ସ୍ୱତନ୍ତ୍ର ବିକାଶ ଦିଗରେ ଏକ ସ୍ୱତନ୍ତ୍ର ବିକାଶ ଦିଗରେ ଏକ ସ୍ୱତନ୍ତ୍ର ବିକାଶ ଦିଗରେ କାର୍ଯ୍ୟ ଜାରି ରହିଛି ।
The selection committees were not constituted as per the UGC norms.,କୁଳପତି ନିଯୁକ୍ତି ପାଇଁ ଗଠିତ ସର୍ଚ୍ଚ କମିଟି ୟୁଜିସି ନିୟମାବଳୀ ଅନୁସାରେ କରାଯାଇ ନଥିଲା।,ଏହି ବିଲ୍%sକୁ ବ୍ୟବହାର କରାଯାଇ ପାରିବ ନାହିଁ।
"However, the car did not stop.",କିନ୍ତୁ ଗାଡି ଅଟକି ନଥିଲା।,କିନ୍ତୁ ଏଥିରେ ଗାଡ଼ିରେ ଗାଡ଼ିରେ ଗୁଳି ଚଳାଇଥିଲା।
These trains will be run with reserved berths with normal Mail/Express and Superfast train fare.,ଏହି ଟ୍ରେନ୍ ଗୁଡିକ ସାଧାରଣ ମେଲ୍/ଏକ୍ସପ୍ରେସ ଏବଂ ସୁପରଫାଷ୍ଟ ଟ୍ରେନ୍ ଭଡା ସହିତ ସଂରକ୍ଷିତ ବର୍ଥ ସହ ଚାଲିବ।,ଏହି ଟ୍ରେନ୍ରେ ଯାତ୍ରା କରୁଥିବା ବେଳେ ଅନ୍ୟଟିଫ୍ରେ ଯାତ୍ରା କରୁଥିବା ବେଳେ ଅନ୍ୟଟିସ୍ ଓ ବିମାନ ଚଳାଚଳ ସହ ଜଡ଼ିତ ଟଙ୍କା ହେବ।
"All government health centres, wellness centres and hospitals of the Centre as well as states would be covered under this scheme, she had said.","ସମସ୍ତ ସରକାରୀ ସ୍ୱାସ୍ଥ୍ୟ କେନ୍ଦ୍ର, ଆରୋଗ୍ୟ କେନ୍ଦ୍ର ଏବଂ ରାଜ୍ୟ ତଥା କେନ୍ଦ୍ର ସରକାରଙ୍କ ଅଧୀନରେ ଥିବା ଡାକ୍ତରଖାନା ଏହି ଯୋଜନା ଅଧୀନରେ ରହିବେ ବୋଲି ସେ କହିଛନ୍ତି।","ଏହି ଯୋଜନା, ରାଜ୍ୟ ସରକାର, ରାଜ୍ୟ ସରକାର, ସ୍ୱାସ୍ଥ୍ୟ ଓ ରାଜ୍ୟ ସରକାର ବିଭିନ୍ନ ରାଜ୍ୟ ସରକାର, ସ୍ୱାସ୍ଥ୍ୟ ସେବା ଯୋଗାଇ ଦିଆଯିବ ।"
Who will answer?,ତେବେ କିଏ ଦେବ ଏହାର ଉତ୍ତର ।,କିଏ ହେବ?
"And most importantly, today every citizen of the country has become much aware about this virus than before.","ସବୁଠୁ ଗୁରୁତ୍ୱପୂର୍ଣ୍ଣ ପ୍ରସଙ୍ଗ ହେଲା, ଆଜି ଦେଶର ପ୍ରତି ନାଗରିକ ପୂର୍ବ ତୁଳନାରେ ଏହି ଭୂତାଣୁ ସମ୍ପର୍କରେ ଅଧିକ ସଚେତନ ଅଛନ୍ତି ।",ଆଉ ଏହି ସମୟରେ ଏହି ସମୟରେ ଏହି ସବୁ କ୍ଷେତ୍ରରେ ପ୍ରତ୍ୟେକ ଦିନ ଧରି ଦେଶବାସୀଙ୍କ ମନରେ ଦେଶବାସୀଙ୍କ ମନରେ ଦେଶବାସୀଙ୍କ ମଧ୍ୟରେ ଅନେକ ଗୁରୁତ୍ୱପୂର୍ଣ୍ଣ ଭୂମିକା ରହିଛି ।
It is also the collective responsibility and a collective effort.,ବରଂ ସମଗ୍ର ଭାରତବର୍ଷର ସାମୂହିକ ସଂକଳ୍ପ ଏବଂ ସାମୂହିକ ପୁରୁଷାର୍ଥ ମଧ୍ୟ ।,ଏହା ମଧ୍ୟ ଏହା ମଧ୍ୟ ଏକ ନୂଆ ଓ ପ୍ରଯୁକ୍ତି ରହିଛି ।
"He said, if India is unique, Indianness is universal.","ସେ କହିଥିଲେ, ଯଦି ଭାରତ ଅଦ୍ୱିତୀୟ, ଭାରତୀୟତା ହେଉଛି ସର୍ବବ୍ୟାପକ ।","ସେ କହିଛନ୍ତି, ଭାରତ ଭାରତ, ଭାରତ, ଭାରତ, ଭାରତର ଏକ ବଡ଼ ଧରଣର।"
President's Secretariat Text of address by the President of India at the Valedictory Function of 32nd Indian Engineering Congress 1. This is my first visit to Tamil Nadu since being elected as the President of India.,ରାଷ୍ଟ୍ରପତିଙ୍କ ସଚିବାଳୟ 32 ତମ ଭାରତୀୟ ଇଞ୍ଜିନିୟରିଂ କଂଗ୍ରେସର ଉଦ୍ଯାପନୀ ଉତ୍ସବରେ ରାଷ୍ଟ୍ରପତିଙ୍କ ଅଭିଭାଷଣ ରାଷ୍ଟ୍ରପତି ଭାବେ ଦାୟିତ୍ୱ ଗ୍ରହଣ କରିବା ପରେ ଏହା ମୋର ପ୍ରଥମ ତାମିଲନାଡ଼ୁ ଗସ୍ତ ।,ରାଷ୍ଟ୍ରପତି ଶ୍ରୀ ରାଷ୍ଟ୍ରପତି ଶ୍ରୀ ନରେନ୍ଦ୍ର ମୋଦୀ ଆଜି ରାଷ୍ଟ୍ରପତି ଶ୍ରୀ ନରେନ୍ଦ୍ର ମୋଦୀ ଆଜି ଭାରତୀୟ ରାଷ୍ଟ୍ରପତି ରାମନାଥ କୋବିନ୍ଦ ପ୍ରଥମ ଥର ପାଇଁ ରାଷ୍ଟ୍ରପତି ଶ୍ରୀ ନରେନ୍ଦ୍ର ମୋଦୀ ଆଜି ଭାରତୀୟ ଜନତାଙ୍କ ଦ୍ୱାରା ରାଷ୍ଟ୍ରପତି ଶ୍ରୀ ନରେନ୍ଦ୍ର ମୋଦୀ ଆଜି ଭାରତୀୟ ଗସ୍ତ କରିଛନ୍ତି ।
We will take all steps to ensure a safe and peaceful environment for all residents of the State.,ରାଜ୍ୟର ସମସ୍ତ ନିବାସୀଙ୍କ ପାଇଁ ସୁରକ୍ଷିତ ଓ ଶାନ୍ତିପୂର୍ଣ୍ଣ ବାତାବରଣ ସୃଷ୍ଟି କରିବା ପାଇଁ ପଦକ୍ଷେପ ନେବୁ।,ସମସ୍ତ ରାଜ୍ୟ ଓ ରାଜ୍ୟମାନଙ୍କ ପାଇଁ ସମସ୍ତ ପ୍ରକାର ପଦକ୍ଷେପ ଗ୍ରହଣ କରିବେ ।
"Congratulating him, chief minister Naveen Patnaik said Odisha was feeling proud of him.",ମୁଖ୍ୟମନ୍ତ୍ରୀ ନବୀନ ପଟ୍ଟନାୟକ ଚନ୍ଦ୍ରକାନ୍ତଙ୍କୁ ଅଭିନନ୍ଦନ ଜଣାଇବା ସହ ଓଡ଼ିଶା ପାଇଁ ଗର୍ବ ବୋଲି କହିଛନ୍ତି ।,"ସେ କହିଛନ୍ତି ଯେ, ତାଙ୍କ ସହ ମୁଖ୍ୟମନ୍ତ୍ରୀ ନବୀନ ପଟ୍ଟନାୟକ।"
"With the win, Bangalore have moved to the second spot in the points table.",ବିଜୟ ସହିତ ବେଙ୍ଗାଲୁରୁ ପଏଣ୍ଟ ତାଲିକାରେ ତୃତୀୟ ସ୍ଥାନରେ ନିଜକୁ ମଜବୁତ କରିଛି।,ଏହି ଘଟଣା ସ୍ଥଳରେ ହିଁ ଦ୍ୱିତୀୟ ସ୍ଥାନରେ ରହିଛି।
He was admitted to the District Headquarters Hospital.,ତାଙ୍କୁ ଜିଲ୍ଲା ମୁଖ୍ୟ ଚିକିତ୍ସାଳୟରେ ଭର୍ତ୍ତି କରାଯାଇଛି ।,ତାଙ୍କୁ ଜିଲ୍ଲା ମୁଖ୍ୟ ଚିକିତ୍ସାଳୟରେ ଭର୍ତ୍ତି କରାଯାଇଛି।
"Besides, one project of 1.7 MWp at Bina (Madhya Pradesh) which shall be connected directly to Overhead Traction System has already been installed and is presently under extensive testing.",ଏହାଛଡା ମଧ୍ୟପ୍ରଦେଶର ବୀନାଠାରେ 1.7 ମେଗାୱାଟ ଶକ୍ତିସଂପନ୍ନ ଏକ ସୌରପ୍ରକଳ୍ପ ନିର୍ମାଣ କାର୍ଯ୍ୟ ଶେଷ ହୋଇଛି । ଏହି କେନ୍ଦ୍ରରୁ ଉତ୍ପାଦିତ ସୌରଶକ୍ତି ସିଧାସଳଖ ରେଳପଥ ଉପରେ ଥିବା ବିଜୁଳି ବ୍ୟବସ୍ଥା (ଟ୍ରାକ୍ସନ ସିଷ୍ଟମ) ସହ ସଂଯୁକ୍ତ ହେବ ।,(ଆଇ) ଏବଂ ଉତ୍ତର ପ୍ରଦେଶର ଏକାନ୍ତରଣୀୟ ସଂଘ (ବିସି)ର ଏକ ନୂଆ)ର ଏକାନ୍ତରଣ କରାଯିବ ।
Kudos to Health Minister!,ସ୍ୱାସ୍ଥ୍ୟମନ୍ତ୍ରୀଙ୍କ ସ୍ୱାସ୍ଥ୍ୟ ଚିନ୍ତା !,ସ୍ୱାସ୍ଥ୍ୟମନ୍ତ୍ରୀ
Just saying.,ଖାଲି କହିଦେଉଛି ।,ସେ କଥା।
The court said there is prima facie sufficient evidence against the accused.,ଅଭିଯୁକ୍ତଙ୍କ ବିରୋଧରେ ଯଥେଷ୍ଟ ପ୍ରମାଣ ଅଛି ବୋଲି କ୍ରାଇମବ୍ରାଞ୍ଚ ଏଡିଜି ସୂଚନା ଦେଇଛନ୍ତି।,"କୋର୍ଟ କହିଛନ୍ତି ଯେ, ଅଭିଯୁକ୍ତ ବିରୋଧରେ ମାମଲା ରୁଜୁ କରି କୋର୍ଟ ଚାଲାଣ କରାଯାଇଛି।"
Browse files...,ଫାଇଲ ବ୍ରାଉଜ କରନ୍ତୁ...,ଜାପାନରେ .
Uttarakhand and Himachal Pradesh have been included as part of category II routes.,କୋହଳ ଓ ଉଦାରବାଦୀ ମୁକ୍ତାକାଶ ଏବଂ କୋଡ୍ ସେର ( Code Share) ରାଜିନାମାର ଲକ୍ଷ୍ୟ ।,ଉତ୍ତର ପ୍ରଦେଶ ଓ ଉତ୍ତର ପ୍ରଦେଶର ଓଡ଼ିଶା ଓ ଉତ୍ତର ପ୍ରଦେଶର ଓଡ଼ିଶା ଓ ଉତ୍ତର ପ୍ରଦେଶର ଅଂଶବିଶେଷ ।
"Condolences to his family, the Prime Minister said.","ପୂର୍ବତନ ରାଷ୍ଟ୍ରପତି ନାଥନଙ୍କ ପରିବାର ପ୍ରତି ସମବେଦନା”, ବୋଲି ପ୍ରଧାନମନ୍ତ୍ରୀ କହିଛନ୍ତି ।","ପ୍ରଧାନମନ୍ତ୍ରୀ କହିଥିଲେ ଯେ, ପରିବାର ଲୋକଙ୍କୁ ନିଜ ପରିବାର ଲୋକଙ୍କୁ ନିଜ ପରିବାର ଲୋକଙ୍କୁ ନିଜ ପରିବାର ଲୋକଙ୍କୁ ସାହାଯ୍ୟ କରେ।"
Many students and police personnel were injured in the clashes.,ଛାତ୍ର ଓ ପୋଲିସ ଖଣ୍ଡ ଯୁଦ୍ଧରେ ଅନେକ ପୋଲିସ ଅଧିକାରୀ ମଧ୍ୟ ଆହତ ହୋଇଛନ୍ତି ।,ଏଥିରେ ବହୁ ସଂଖ୍ୟାରେ ଛାତ୍ର ଛାତ୍ରୀ ଓ ଛାତ୍ରଛାତ୍ରୀ ଆହତ ହୋଇଛନ୍ତି ।
Leo: Luckily you will get good news.,ବିଛା: ଶୁଭ ଖବର ପାଇ ଖୁସି ହୋଇପାରନ୍ତି।,ସିଂହ: ଜୀବନସାଥୀଙ୍କ ସହଯୋଗ ମିଳିବ।
"Cabinet Cabinet approves MoU between India and Republic of Korea on Startup Cooperation The Union Cabinet, chaired by the Prime Minister Shri Narendra Modi, has given its ex-post facto approval on the Memorandum of Understanding (MoU) between India and Republic of Korea on Startup Cooperation.",Cabinet ଷ୍ଟାର୍ଟଅପ କ୍ଷେତ୍ରରେ ସହଯୋଗ ଲାଗି ଭାରତ-କୋରିଆ ମଧ୍ୟରେ ବୁଝାମଣାକୁ କ୍ୟାବିନେଟ ମଞ୍ଜୁରି ପ୍ରଧାନମନ୍ତ୍ରୀ ଶ୍ରୀ ନରେନ୍ଦ୍ର ମୋଦୀଙ୍କ ଅଧ୍ୟକ୍ଷତାରେ ଅନୁଷ୍ଠିତ କେନ୍ଦ୍ର କ୍ୟାବିନେଟ ଭାରତ ଏବଂ କୋରିଆ ମଧ୍ୟରେ ସ୍ୱାକ୍ଷରିତ ବୁଝାମଣା (ଏମଓୟୁ)କୁ ପିଛିଲା ଭାବେ ମଞ୍ଜୁରି ଦେଇଛନ୍ତି ।,ପ୍ରଧାନମନ୍ତ୍ରୀ ଶ୍ରୀ ନରେନ୍ଦ୍ର ମୋଦୀ ଏବଂ ଭାରତ ଏବଂ କେନ୍ଦ୍ର ସରକାର ଏବଂ ଏହି ପ୍ରକଳ୍ପଗୁଡ଼ିକର କାର୍ଯ୍ୟକାରୀ କରାଯାଉଛି ।
MSMEs are important players of industrialisation.,ଶିଳ୍ପାୟନ କ୍ଷେତ୍ରରେ ଏମ୍ଏସ୍ଏମ୍ଇଗୁଡ଼ିକ ଗୁରୁତ୍ୱପୂର୍ଣ୍ଣ ଭୂମିକା ନିର୍ବାହ କରିଥାଆନ୍ତି।,ଏଥିରେ ସାମିଲ ଅଛନ୍ତି ।
The entire system is online.,ଏହି ସମ୍ପୂର୍ଣ୍ଣ ସିଷ୍ଟମ୍ ଅନଲାଇନ୍ ଅଟେ।,ଏହି ପ୍ରକ୍ରିୟା ଆରମ୍ଭ ହୋଇଛି।
"The Union Cabinet chaired by Prime Minister Shri Narendra Modi has approved the Commercial Courts, Commercial Division and Commercial Appellate Division of High Courts (Amendment) Bill, 2018 for introduction in the Parliament.","ବ୍ୟବସାୟିକ ଅଦାଲତ, ବ୍ୟବସାୟିକ ଡିଭିଜନ ଏବଂ ଉଚ୍ଚ ନ୍ୟାୟାଳୟର ବ୍ୟବସାୟିକ ଡିଭିଜନ (ସଂଶୋଧନ) ବିଧେୟକ 2018 ସଂସଦରେ ଉପସ୍ଥାପନ କରିବା ପ୍ରସ୍ତାବକୁ ଆଜି ପ୍ରଧାନମନ୍ତ୍ରୀ ଶ୍ରୀ ନରେନ୍ଦ୍ର ମୋଦୀଙ୍କ ଅଧ୍ୟକ୍ଷତାରେ ଅନୁଷ୍ଠିତ କେନ୍ଦ୍ର କ୍ୟାବିନେଟ ବୈଠକରେ ଅନୁମୋଦନ କରାଯାଇଛି ।",ପ୍ରଧାନମନ୍ତ୍ରୀ ଶ୍ରୀ ନରେନ୍ଦ୍ର ମୋଦୀ ଆଜି (ଏନଆଇ) (ଏନଆଇ) (ଏନଆଇ) (ଏନଆଇ) (ଏନଆଇ) (ଏନଆଇ) (ଏନଆଇ) (ଏନଏସଆଇ) (ଏନଏସଆଇ)ର ସମସ୍ତ ନିର୍ଦ୍ଦେଶ ଦେଇଛନ୍ତି ।
"One was killed, while three were injured.",ଏଥିରେ ଜଣେ ଯବାନ ସହିଦ ହୋଇଥିବା ବେଳେ ତିନି ଜଣ ଆହତ ହୋଇଥିଲେ।,ଏଥିରେ ଜଣେ ଜଣେ ଗୁରୁତର ଆହତ ହୋଇଛନ୍ତି।
The police have sent their bodies for post-mortem and the gun has been recovered.,ମୃତଦେହକୁ ବ୍ୟବଚ୍ଛେଦ ନିମନ୍ତେ ପଠାଯାଇଥିବା ବେଳେ ନିକଟରେ ପଡ଼ିଥିବା ବନ୍ଧୁକକୁ ଜବତ କରିଛି ପୁଲିସ୍।,ପୋଲିସ ଶବ ବ୍ୟବଚ୍ଛେଦ ପାଇଁ ପଠାଇଛି।
Congress leader Ghulam Nabi Azad in his speech said that no government or leader would want such incidents to in their state.,"କଂଗ୍ରେସ ନେତା ଗୁଲାମନବୀ ଆଜାଦ କହିଛନ୍ତି, କୌଣସି ବି ସରକାର କିମ୍ବା ନେତା ଏହା ଚାହିଁବନି କି ତାଙ୍କ ରାଜ୍ୟରେ ଏଭଳି ଘଟଣା ଘଟୁ ।","କଂଗ୍ରେସ ନେତା ନରସିଂହ ମିଶ୍ର କହିଛନ୍ତି ଯେ କଂଗ୍ରେସ ନେତା ନରସିଂହ ମିଶ୍ର, କଂଗ୍ରେସ ନେତା ନରସିଂହ ମିଶ୍ର କୌଣସି ନେତା ନରସିଂହ ମିଶ୍ର, କିନ୍ତୁ ନେତା ନରସିଂହ ମିଶ୍ର, କିନ୍ତୁ ନେତା ନରସିଂହ ମିଶ୍ର, କିନ୍ତୁ ନେତା ନରସିଂହ ମିଶ୍ର, କିନ୍ତୁ ନେତା ନରସିଂହ ମିଶ୍ର, କଂଗ୍ରେସ ନେତା ନରସିଂହ ମିଶ୍ର, କିନ୍ତୁ ନେତା ନରସିଂହ ମିଶ୍ର, କିନ୍ତୁ ନେତା ନରସିଂହ ମିଶ୍ର, କିନ୍ତୁ ନେତା ନରସିଂହ ମିଶ୍ର, କିନ୍ତୁ ନେତା ନରସିଂହ ମିଶ୍ର, କଂଗ୍ରେସ ନେତା ନରସିଂହ ମିଶ୍ର, କିନ୍ତୁ ନେତା ନରସିଂହ ମିଶ୍ର, କିନ୍ତୁ ନେତା ନରସିଂହ ମିଶ୍ର, କିନ୍ତୁ ନେତା ନରସିଂହ ମିଶ୍ର, କିନ୍ତୁ ନେତା ନରସିଂହ ମିଶ୍ର, କିନ୍ତୁ ନେତା ନରସିଂହ ମିଶ୍ର, କିନ୍ତୁ ନେତା ନରସିଂହ ମିଶ୍ର, କଂଗ୍ରେସ ନେତା ନରସିଂହ ମିଶ୍ର, କିନ୍ତୁ ନେତା ନରସିଂହ ମିଶ୍ର, କିନ୍ତୁ ନେତା ନରସିଂହ ମିଶ୍ର, କଂଗ୍ରେସ ନେତା ନରସିଂହ ମିଶ୍ର, କିନ୍ତୁ ନେତା ନରସିଂହ ମିଶ୍ର,"
"Again, when the wicked man turneth away from his wickedness that he hath committed, and doeth that which is lawful and right, he shall save his soul alive.",ଦୁଷ୍ଟଲୋକ ଯେତବେେଳେ ନିଜ ଦୁଷ୍ଟତାରୁ ବିରତ ହାଇେ ନ୍ଯାଯ ଓ ଧର୍ମାଚରଣ କରେ ସେତବେେଳେ ସେ ନିଜର ଜୀବନ ରକ୍ଷା କରିବ ଓ ବଞ୍ଚିବ।,"""ତା'ପରେ ସହେି ଲୋକ କହିଲେ, """"ମୁଁ ମଧ୍ଯ ସହେି ଲୋକ, """" ହେକ୍ସ୍ଟଇଗେଲେ। ସେ ସହେି ଲୋକ, """" ହେ। ସେ ସହେି ଲୋକକୁ ମଧ୍ଯ ସହେି ଲୋକ ଓ ସମାନେେ ସହେି ଲୋକକୁ ପଠାଇବ୍ଯ ରେ ୟିବ। ସେ ସହେି ଲୋକ ଓ ସମାନେେ ସହେି ଲୋକ। ସେ ସହେି ଲୋକ ଓ ସହେି ଲୋକ। ସେ ସହେି ଲୋକ। ସେ ସହେି ଲୋକ ଓ ସହେି ସ୍ଥାନ ରେ ୟିବ। ସେ ସହେି ଲୋକ।"
Rita Sahu chosen as BJD Bijepur candidate,ରୀତା ସାହୁଙ୍କୁ ପ୍ରାର୍ଥୀ କଲା ବିଜେଡି,ବିଜେଡି ପ୍ରାର୍ଥୀ ତାଲିକା ପ୍ରାର୍ଥୀ
It is a disaster for our society.,ଏହା ଆମ ସମାଜ ପାଇଁ କଳଙ୍କ ତଥା ଲଜ୍ୟାଜନକ ଘଟଣା ।,ଏହା ଆମ ପାଇଁ ଏକ ନୂତନ ଶକ୍ତି ।
"The apex court further directed that the activists, Varavara Rao, Vernon Gonsalves, Arun Ferreira, Sudha Bharadwaj, and Gautam Navlakha would remain under house arrest for four additional weeks.","ସୁପ୍ରିମ କୋର୍ଟ ଆହୁରି ମଧ୍ୟ ରାୟରେ ସ୍ପଷ୍ଟ କରିଛନ୍ତି ଯେ, ବାରବରା ରାଓ, ଅରୁଣ ଫେରିରା, ବର୍ଣ୍ଣନ୍ ଗନ୍ସାଲ୍ଭିସ୍, ସୁଧା ଭରଦ୍ୱାଜ ଏବଂ ଗୌତମ ନବଲାଖା ଆଉ ଚାରି ସପ୍ତାହ ଗୃହବନ୍ଦୀ ରହିବେ।","ଏହି ସମୟରେ ସ୍କୁଲ, ଅଖନ, ଅଖନ, ଅଖନ, ଅମ୍ମାମ୍ମାମ୍ମାମ୍ମାମ୍ମାମ୍ମା, ଅମ୍ମାମ୍ମାମ୍ମାମ୍ମାମ୍ମାମ୍ମାମ୍ମାମ୍ମା, ଅମ୍ମା, ଅମ୍ମା, ଅମ୍ମା, ଅମ୍ମାମ୍ମାମ୍ମାମ୍ମା, ଅମ୍ମା, ଅମ୍ମା, ଅମ୍ମା, ଅମ୍ମା, ଅମ୍ମା, ଅମ୍ମା, ଅମ୍ମା, ଅମ୍ମା, ଅମ୍ମା, ଅମ୍ମା, ଅମ୍ମା, ଅମ୍ମା, ଅମ୍ମା, ଅମ୍ମା"
New private tab opened,ନୂଆ ବ୍ୟକ୍ତିଗତ ଟ୍ୟାବ ଖୋଲାଗଲା,ନୂଆ ନୂଆ ନୂଆ ନୂଆ ନୂଆ ବ୍ୟବହାର କରନ୍ତୁ
The woman was rescued by locals who acted upon hearing her cries.,ପାଟି ଶୁଣି ସ୍ଥାନୀୟ ଲୋକେ ମହିଳାଙ୍କୁ ଉଦ୍ଧାର କରିଥିଲେ।,ମହିଳାଙ୍କ ପରିବାର ଲୋକେ ତାଙ୍କୁ ଉଦ୍ଧାର କରି ଉଦ୍ଧାର କରି ଉଦ୍ଧାର କରିଥିଲେ।
"When the girl opposed it, she brutally beat her.",ଯୁବତୀ ଏହାର ବିରୋଧ କରିଥିବାରୁ ତାଙ୍କୁ ମାରପିଟ୍ କରିଥିଲେ ଦୁଷ୍କର୍ମକାରୀ।,ତେବେ ତାଙ୍କ ସହ ଦୁଷ୍କର୍ମ କରିଥିଲେ।
But He need not have been afraid.,ତେବେ ତାଙ୍କୁ ଡରିବାର କୌଣସି ଆବଶ୍ୟକ ନାହିଁ।,କିନ୍ତୁ ସେ ଆଉ କିଛି ସମୟ ନାହିଁ।
Millions of acres,ଶହ ଶହ ଏକର ମାଡ଼ିବସିଲେ ବଡ଼ବଡ଼ିଆ, ⁇ S ⁇ S ⁇ 
"BJD candidate Rita Sahu, BJP's Sanat Gartia and Congress' Bargarh district vice president Dillip Panda submitted their nomination papers before the Returning Officer at the Sub-collector office in Padampur.",ବିଜେଡି ପ୍ରାର୍ଥୀ ରୀତା ସାହୁ ପଦ୍ମପୁର ଉପଜିଲ୍ଲାପାଳଙ୍କ ଅଫିସ୍କୁ ଯାଇ ପ୍ରାର୍ଥôପତ୍ର ଦାଖଲ କରିଥିବାବେଳେ କଂଗ୍ରେସ ପ୍ରାର୍ଥୀ ଦିଲ୍ଲୀପ ପଣ୍ଡା ଏବଂ ବିଜେପି ପ୍ରାର୍ଥୀ ସନତ୍ ଗଡତିଆ ପଦ୍ମପୁର ଉପଜିଲ୍ଲାପାଳଙ୍କ ନିକଟରେ ପ୍ରାର୍ଥୀପତ୍ର ଦାଖଲ କରିଥିଲେ ।,"ବିଜେଡି ସଭାପତି ତଥା ବିଜେପି ବିଧାୟକ ଦଳ ନେତା ନରସିଂହ ମିଶ୍ର, ବିଜେପି ବିଧାୟକ ଦଳ ନେତା ନରସିଂହ ମିଶ୍ର, ବିଜେପି ବିଧାୟକ ଦଳ ନେତା ନରସିଂହ ମିଶ୍ର, ବିଜେପି ବିଧାୟକ ଦଳ ନେତା ନରସିଂହ ମିଶ୍ର, ବିଜେପି ପ୍ରାର୍ଥୀମାନେ ଉପସ୍ଥିତ ଥିଲେ।"
"Candidates of three major parties BJP, Congress and BSP were seen checking every booth.","ତିନି ପ୍ରମୁଖ ଦଳ ବିଜେଡି, ବିଜେପି ଓ କଂଗ୍ରେସ କମିସନର୍ଙ୍କ ନିକଟରେ ପରସ୍ପରର ଦୋଷ ଦେଖାଇଥିଲେ।",ବିଜେପି ଓ କଂଗ୍ରେସ ଦଳ ନେତା ନରସିଂହ ମିଶ୍ରଙ୍କ ମଧ୍ୟରେ ନିର୍ବାଚନ ଲଢ଼ିବା ସହ କଂଗ୍ରେସ ଦଳ ନେତା।
But nothing has been confirmed as of yet.,ମାତ୍ର ବର୍ତ୍ତମାନ ସୁଦ୍ଧା କୌଣସିି ପତ୍ତା ମିଳି ନାହିଁ।,କିନ୍ତୁ ଏପର୍ଯ୍ୟନ୍ତ କୌଣସି ପ୍ରକାର ବି ମିଳି ନାହିଁ।
"For room service, communication between guests and in-house staff should be through intercom.","ରୁମ୍ ସେବା ପାଇଁ, ଅତିଥି ଏବଂ ଭିତର କର୍ମଚାରୀଙ୍କ ମଧ୍ୟରେ ଇଣ୍ଟରକମ୍ / ମୋବାଇଲ୍ ଫୋନ୍ ମାଧ୍ୟମରେ କଥା ହେବା ଉଚିତ।",ଏହି କ୍ଷେତ୍ରରେ ଏବଂ ସେବା ଏବଂ ସେବା ପାଇଁ ପ୍ରଯୁକ୍ତିଗତ ସହଯୋଗ ପାଇଁ ଆବଶ୍ୟକ ।
But you too had BJP-led NDA government at the Centre when you were the Chief Minister.,କାରଣ କେନ୍ଦ୍ରରେ ବାଜପେୟୀ ପ୍ରଧାନମନ୍ତ୍ରୀ ଥିବା ବେଳେ ଏନଡିଏ ସରକାରରେ ସାମିଲ ଥିଲା ବିଜେଡି ।,କିନ୍ତୁ ମୁଖ୍ୟମନ୍ତ୍ରୀ ନବୀନ ପଟ୍ଟନାୟକଙ୍କ ନିକଟକୁ ପଠାଇଛନ୍ତି।
He had diabetes and liver disease.,ସେ ହୃଦ୍ରୋଗ ଏବଂ ମଧୁମେହ ରୋଗରେ ଆକ୍ରାନ୍ତ ଥିଲେ।,ସେ ମଧ୍ୟ ଓ ରୋଗ ପ୍ରତିରୋଧକ ଶକ୍ତି ଯୋଗାଇ ଦେଇଥିଲେ।
"It's rich in Vitamin A, C, E, K and B.","ପାଳଙ୍ଗରେ ଭିଟାମିନ୍ ଏ, ସି, ଇ, କେ ଓ ବି କଂପ୍ଲେକ୍ସ ପ୍ରଚୁର ମାତ୍ରାରେ ଥାଏ।","ଏହା ବ୍ୟତୀତ ଏହା ମଧ୍ୟ ଏକ୍, ଇ-ଇନ୍, ଭିଟାମିନ୍, ଭିଟାମିନ୍, ଭିଟାମିନ୍, ଭିଟାମିନ୍, ଭିଟାମିନ୍, ଭିଟାମିନ୍, ଭିଟାମିନ୍, ଭିଟାମିନ୍, ଭିଟାମିନ୍, ଭିଟାମିନ୍, ଭିଟାମିନ୍, ଭିଟାମିନ୍, ଭିଟାମିନ୍, ଭିଟାମିନ୍, ଭିଟାମିନ୍, ଭିଟାମିନ୍, ଭିଟାମିନ୍, ଏବଂ ଇଟା ଓ ସି, ଭିଟାମିନ୍ ଏବଂ ଭିଟାମିନ୍ ସି, ଏବଂ ଭିଟାମିନ୍ ସି, ଏବଂ ଇନ୍ଦ୍ର।"
Mix it with water and drink it up.,ଏହାକୁ ପାଣି ଏବଂ ଚା ସହ ମିଶାଇ ପିଅନ୍ତୁ।,ଏହାକୁ ପାଣିକୁ ପାଣି ପିଅନ୍ତୁ ।
The examination results have dismayed the parents and the students alike.,"ପରୀକ୍ଷା ଫଳକୁ ନେଇ ଆଶଙ୍କାରେ ଅଛନ୍ତି ପରୀକ୍ଷାର୍ଥୀ, ଅଭିଭାବକ।",ଏହି ସମୟରେ ଛାତ୍ରଛାତ୍ରୀଙ୍କ ମଧ୍ୟରେ ଛାତ୍ରଛାତ୍ରୀ ଓ ଛାତ୍ରଛାତ୍ରୀମାନଙ୍କୁ ଛାତ୍ରଛାତ୍ରୀମାନଙ୍କୁ ଛାତ୍ରଛାତ୍ରୀମାନଙ୍କୁ ଛାତ୍ରଛାତ୍ରୀମାନଙ୍କୁ ଛାତ୍ରଛାତ୍ରୀମାନଙ୍କୁ ଛାତ୍ରଛାତ୍ରୀମାନଙ୍କୁ ଛାତ୍ରଛାତ୍ରୀମାନଙ୍କୁ ଛାତ୍ରଛାତ୍ରୀମାନଙ୍କୁ କରିଥିଲେ।
"The sector is undergoing tremendous growth, be it in refineries, pipelines, gas terminals, storage capacity, gas cylinders, retail outlets, and all these require large amount of steel.",ଘରୋଇ ଇସ୍ପାତ ଉଚ୍ଚ କ୍ଷମତା ବିଶିଷ୍ଟ ଏବଂ ସଠିକ୍ ମୂଲ୍ୟ ରହିବା ଦରକାର । ଦେଶରେ ଇସ୍ପାତ ଚାହିଦାକୁ ବୃଦ୍ଧି କରାଯିବାର ଲକ୍ଷ୍ୟ ରଖାଯାଇଛିା ବିଗତ ଦିନ ମାନଙ୍କରେ ତୈଳ ଏବଂ ଗ୍ୟାସ କ୍ଷେତ୍ରରେ ଅନେକ ଅଭୁତପୂର୍ବ ପରିବର୍ତନ ଘଟିଛି ।,"ଏହି ପ୍ରକଳ୍ପଗୁଡ଼ିକ, ଜଳ, ଜଳ, ଜଳ, ଜଳ, ଜଳ, ଜଳ, ଜଳ, ଜଳ, ଜଳ, ଜଳ, ଜଳ, ଜଳ, ଜଳ, ଜଳ, ଜଳ, ଜଳ, ଜଳ, ଜଳ, ଜଳ, ଜଳ, ଜଳ, ଜଳ, ଜଳ, ଜଳ, ଜଳ, ଶକ୍ତି, ଜଳ, ଜଳ, ଜଳ, ଜଳ, ଜଳ, ଜଳ, ଜଳ, ଜଳ, ଜଳ, ଜଳ, ଜଳ, ଜଳ, ଜଳ, ଜଳ, ଜଳ, ଜଳ, ଶକ୍ତି, ଶକ୍ତି, ଜଳ, ଜଳ, ଜଳ, ଜଳ, ଜଳ, ଜଳ, ଜଳ, ଜଳ, ଜଳ, ଜଳ, ଜଳ, ଜଳ, ଜଳ, ଜଳ, ଜଳ, ଜଳ, ଜଳ"
Delhi Police has also beefed up security across the national capital.,ସେହି ପରି ଦିଲ୍ଲୀ ସବୁ ସୀମାର ସୁରକ୍ଷାକୁ ମଧ୍ୟ କଡାକଡି କରିଛି ଦିଲ୍ଲୀ ପୋଲିସ।,ଦିଲ୍ଲୀ ପୋଲିସ ପକ୍ଷରୁ ମଧ୍ୟ ସୁରକ୍ଷା ବ୍ୟବସ୍ଥା କରାଯାଇଛି ।
The video has been widely shared on Facebook.,ଫେସ୍ବୁକରେ ଏହି ଭିଡିଓଟିକୁ ଖୁବ୍ ଶେଆର୍ କରାଯାଉଛି।,ଏହି ଭିଡିଓ ଭାଇରାଲ ହୋଇଛି।
directed to submit applications.,ଦାଖଲ କରିବାକୁ ନିର୍ଦ୍ଦେଶ ଦେଇଥିଲେ।,ସିଟ୍ ପାଇଁ ଅନୁମତି ଦେଇଛନ୍ତି।
Youve heard the stories many times.,ଅନେକ ସମୟରେ ନାଗ-ନାଗୁଣୀଙ୍କ କାହାଣୀ ଶୁଣିଛେ ।,ଅନେକ ଥର ପାଇଁ ଅନେକ ଥର ଦେଖିବାକୁ ମିଳିବ।
The family of the victim rushed her to hospital where he condition is serious.,ପରିବାର ଲୋକେ ଗୁରୁତର ଅବସ୍ଥାରେ ତାଙ୍କୁ ଖଡିଆଳ ମିଶନ ଡାକ୍ତରଖାନାରେ ଭର୍ତ୍ତି କରିଥିଲେ।,ଗୁରୁତର ଅବସ୍ଥାରେ ତାଙ୍କୁ ଗୁରୁତର ଅବସ୍ଥାରେ ଉଦ୍ଧାର କରି ଡାକ୍ତରଖାନାରେ ଭର୍ତ୍ତି କରାଯାଇଛି।
Why is she afraid?,ତା’ର ଚିନ୍ତା କାହିଁକି ?,କାହିଁକି?
"But early in, it all came crashing down.",ହେଲେ ସକାଳ ହେଉହେଉ ସବୁ ଓଲଟପାଲଟ ହୋଇଗଲା।,କିନ୍ତୁ ସମସ୍ତେ କିଛି ସମୟ ପରେ ଏହାକୁ ନେଇ ବିବାଦକୁ ନେଇ ବିବାଦକୁ ନେଇ ବିବାଦକୁ ନେଇ ବିବାଦକୁ ନେଇ ବିବାଦକୁ ନେଇ ବିବାଦ ସୃଷ୍ଟି କରିଛି।
It airs on Zee TV.,ଏହା ଜି ଟିଭିରେ ପ୍ରସାରିତ ହୋଇଥାଏ।,ଏହା ଏକଜୁଆପ୍ଟ ।
He can be seen wearing a white t-shirt and a black hairband in the picture.,ଫଟୋରେ ହୈଲି ଏକ କଳା ରଙ୍ଗର କ୍ରପ୍ ଟପ୍ ଏବଂ ଧଳା ଟ୍ରାଉଜର ପିନ୍ଧିଥିବାର ନଜରକୁ ଆସିଛନ୍ତି ।,ସେ ଏକ ଘରୋଇ ଓ କ’ଣ ହୋଇପାରେ।
And the whole world cheered.,ଓ ପୁରା ସଂସାରରେ ଖୁସିର ବାତାବରଣ ଦେଖାଦେଲା ।,ଆଉ ଏକ ବଡ଼ କାରଣ ବିଶ୍ୱର ସବୁଠାରୁ ବଡ଼ ଧରଣର।
"Under this, the government will provide financial assistance and concessions to the entrepreneurs who set up eco-friendly industries.","ଏହି ଯୋଜନା ଅଧୀନରେ ଏଠାରେ ଯେଉଁ ମଧ୍ୟ ଉଦ୍ୟମୀ ପରିବେଶ ଅନୁକୂଳ ଉଦ୍ୟୋଗ ପ୍ରତିଷ୍ଠା କରିବେ, ସେମାନଙ୍କୁ ସରକାର ସାହାଯ୍ୟ କରିବେ, ରିହାତି ଦେବେ ।","ଏହି ଯୋଜନା, କେନ୍ଦ୍ର ସରକାର ଏବଂ ଆର୍ଥିକ ସହାୟତା ପ୍ରଦାନ କରିବେ ।"
There are many ways of making money.,ଟଙ୍କା ରୋଜଗାର ପାଇଁ ବିଭିନ୍ନ ମାଧ୍ୟମ ରହିଛି ।,ଅନେକ ଟଙ୍କା ଖର୍ଚ୍ଚ ମଧ୍ୟ ଟଙ୍କା ଖର୍ଚ୍ଚ କରୁଛନ୍ତି ।
The match could not be finished as it started to rain.,ମ୍ୟାଚ ମଝିରେ ବର୍ଷା ଆସିବାରୁ ଖେଳ ସଂପୂର୍ଣ୍ଣ ହୋଇପାରିନଥିଲା ।,ଏହି ମ୍ୟାଚ୍ ଆରମ୍ଭ ହୋଇ ପାରି ନାହିଁ।
Commuters faced difficulties as bus services were also affected.,ବସ୍ ସେବା ମଧ୍ୟ ବ୍ୟାହତ ହେବାଫଳରେ ଲୋକେ ନାହିଁ ନଥିବା ଅସୁବିଧାର ସମ୍ମୁଖୀନ ହୋଇଥିଲେ।,ବସ୍ ଚାଳକ ବସ୍ ଚଳାଚଳ ମଧ୍ୟ ବନ୍ଦ ରହିଛି।
The vehicles coming from 120 Infantry Battalion crossing shall be diverted towards Unit-4 at MlA Colony crossing.,ରୁ ଏମଏଲଏ କଲୋନୀ କ୍ରସିଂକୁ ୧୨୦ ବାଟାଲିୟନ୍ କ୍ରସିଂ ଦେଇ ଆସୁଥିବା ଗାଡିକୁ ୟୁନିଟ୍-୪ ପଟେ ଡାଇଭର୍ଟ କରାଯିବ ।,ଏହି ପ୍ରକଳ୍ପଗୁଡ଼ିକ ମଧ୍ୟରେ ଥିବା ବେଳେ ଗୋଟିଏ ଗାଡ଼ି ଚଳାଚଳ ବାଧାପ୍ରାପ୍ତ ହେବ ।
"Goa chief minister Manohar Parrikar is undergoing treatment in AIIMS, Delhi.",ନୂଆଦିଲ୍ଲୀ : ଦୀର୍ଘ ଦିନ ହେଲାଣି ଗୋଆର ମୁଖ୍ୟମନ୍ତ୍ରୀ ମନୋହର ପରିକରଙ୍କୁ ଅସୁସ୍ଥତା କାରଣରୁ ତାଙ୍କୁ ଦିଲ୍ଲୀ ଏମ୍ସରେ ଚିକିତ୍ସା କରାଯାଉଛି ।,ଦିଲ୍ଲୀରେ ମୁଖ୍ୟ ଅତିଥି ଭାବେ ଯୋଗ ଦେଇଥିଲେ।
The health condition of all the patients is said to be stable.,ସମସ୍ତଙ୍କ ସ୍ୱାସ୍ଥ୍ୟାବସ୍ଥା ଏବେ ସ୍ଥିର ଥିବା ମେଡିକାଲ ପକ୍ଷରୁ ସୂଚନା ଦିଆଯାଇଛି ।,ସମସ୍ତ ଚିକିତ୍ସା ପାଇଁ ଜିଲ୍ଲା ମୁଖ୍ୟ ଚିକିତ୍ସାଳୟରେ ଭର୍ତ୍ତି କରାଯାଇଛି।
The fall in gold and silver prices in the global market also had an impact on the Indian market.,ଅନ୍ତର୍ଜାତୀୟ ବଜାରରେ ସୁନାଦର କମୁଥିବାରୁ ତାହାର ପ୍ରଭାବ ଭାରତୀୟ ବଜାର ଉପରେ ପଡିଛି ।,ଭାରତୀୟ ବଜାର ଓ ବଜାରରେ ବୃଦ୍ଧି ପାଇଛି ।
The Congress will also extend support.,କଂଗ୍ରେସ ମଧ୍ୟ ସମର୍ଥନ କରିବ ।,କଂଗ୍ରେସ ମଧ୍ୟ ସମର୍ଥନ ମିଳିବ।
"The Prime Minister, Shri Narendra Modi, today unveiled important projects related to housing and urban transportation during his visit to Maharashtra.",ପ୍ରଧାନମନ୍ତ୍ରୀ ଶ୍ରୀ ନରେନ୍ଦ୍ର ମୋଦୀ ଆଜି ମହାରାଷ୍ଟ୍ର ଗସ୍ତ ଅବସରରେ ଆବାସ ଏବଂ ସହରାଂଚଳ ପରିବହନ ସହ ଜଡ଼ିତ ଗୁରୁତ୍ୱପୂର୍ଣ୍ଣ ପ୍ରକଳ୍ପର ଉଦଘାଟନ କରିଥିଲେ ।,ପ୍ରଧାନମନ୍ତ୍ରୀ ଶ୍ରୀ ନରେନ୍ଦ୍ର ମୋଦୀ ଆଜି ପ୍ରଧାନମନ୍ତ୍ରୀ ଶ୍ରୀ ନରେନ୍ଦ୍ର ମୋଦୀ ଆଜି ପ୍ରଧାନମନ୍ତ୍ରୀ ଶ୍ରୀ ନରେନ୍ଦ୍ର ମୋଦୀ ଆଜି ପ୍ରଧାନମନ୍ତ୍ରୀ ଶ୍ରୀ ନରେନ୍ଦ୍ର ମୋଦୀ ଆଜି ପ୍ରଧାନମନ୍ତ୍ରୀ ଶ୍ରୀ ନରେନ୍ଦ୍ର ମୋଦୀ ଆଜି ପ୍ରଧାନମନ୍ତ୍ରୀ ଶ୍ରୀ ନରେନ୍ଦ୍ର ମୋଦୀ ଆଜି ଆଜି ପ୍ରଧାନମନ୍ତ୍ରୀ ଶ୍ରୀ ନରେନ୍ଦ୍ର ମୋଦୀ ଆଜି ଆଜି ଆଜି ପ୍ରଧାନମନ୍ତ୍ରୀ ଶ୍ରୀ ନରେନ୍ଦ୍ର ମୋଦୀ ଆଜି ଆଜି ପ୍ରଧାନମନ୍ତ୍ରୀ ଶ୍ରୀ ନରେନ୍ଦ୍ର ମୋଦୀ ଆଜି ଆଜି ଆଜି ଆଜି ପ୍ରଧାନମନ୍ତ୍ରୀ ଶ୍ରୀ ନରେନ୍ଦ୍ର ମୋଦୀ ଆଜି ଆଜି ଆଜି ଆଜି ଆଜି ଆଜି ଆଜି ପ୍ରଧାନମନ୍ତ୍ରୀ ଶ୍ରୀ ନରେନ୍ଦ୍ର ମୋଦୀ ଆଜି ଆଜି ଆଜି ଆଜି ଆଜି ପ୍ରଧାନମନ୍ତ୍ରୀ ଶ୍ରୀ ନରେନ୍ଦ୍ର ମୋଦୀ ଆଜି ପ୍ରଧାନମନ୍ତ୍ରୀ ଶ୍ରୀ ନରେନ୍ଦ୍ର ମୋଦୀ ଆଜି ପ୍ରଧାନମନ୍ତ୍ରୀ ଶ୍ରୀ ନରେନ୍ଦ୍ର ମୋଦୀ ଆଜି ଆଜି ପ୍ରଧାନମନ୍ତ୍ରୀ ଶ୍ରୀ ନରେନ୍ଦ୍ର ମୋଦୀ ଆଜି ଆଜି ଆଜି ଆଜି ଆଜି ପ୍ରଧାନମନ୍ତ୍ରୀ ଶ୍ରୀ ନରେନ୍ଦ୍ର ମୋଦୀ ଆଜି ପ୍ରଧାନମନ୍ତ୍ରୀ ଶ୍ରୀ ନରେନ୍ଦ୍ର ମୋଦୀ ଆଜି ପ୍ରଧାନମନ୍ତ୍ରୀ ଶ୍ରୀ ନରେନ୍ଦ୍ର ମୋଦୀ ଆଜି ପ୍ରଧାନମନ୍ତ୍ରୀ ଶ୍ରୀ ନରେନ୍ଦ୍ର ମୋଦୀ ଆଜି ପ୍ରଧାନମନ୍ତ୍ରୀ ଶ୍ରୀ ନରେନ୍ଦ୍ର ମୋଦୀ ଆଜି ପ୍ରଧାନମନ୍ତ୍ରୀ ଶ୍ରୀ ନରେନ୍ଦ୍ର
We continue to have problems.,ଆଉ ସମସ୍ୟାକୁ ସାମ୍ନା କରିବାରେ ଲାଗିଥାଉ।,ଆମେ କିଛି ସମସ୍ୟା ସମାଧାନ ପାଇଁ ଆମେ କିଛି ସମୟ।
There was an argument between the two.,ଏହାକୁ ନେଇ ଉଭୟଙ୍କ ମଧ୍ୟରେ ମତାନ୍ତର ଘଟିଥିଲା।,ଦୁଇ ପକ୍ଷ ମଧ୍ୟରେ ଦୁଇ ପକ୍ଷ ମଧ୍ୟରେ ବିବାଦ ହୋଇଥିଲା।
Cover your mouth and nose with a tissue when coughing or sneezing.,କାଶ ବା ଛିଙ୍କ ସମୟରେ ନାକକୁ ରୁମାଲରେ ଘୋଡାଇ ରଖନ୍ତୁ ।,"ଗୋଟିଏ କ’ଣ, ଗୋଟିଏ କ’ଣ, ଗୋଟିଏ କ’ଣ, ଗୋଟିଏ କ’ଣ, ଗୋଟିଏ କ’ଣ କରନ୍ତୁ, ଗୋଟିଏ କ’ଣ କରନ୍ତୁ।"
His body was retrieved after a long search.,ବହୁ ଖୋଜାଖୋଜି କରିବା ପରେ ବିଲରୁ ତାଙ୍କ ମୃତଦେହ ଉଦ୍ଧାର କରାଯାଇଛି।,ତାଙ୍କ ମୃତଦେହ ଉଦ୍ଧାର ହେବା ପରେ ତାଙ୍କ ମୃତଦେହ ଉଦ୍ଧାର କରି ଚାଲିଲା।
One student was assaulted.,ଜଣେ ଛାତ୍ରଙ୍କୁ ଛୁରାମାଡ କରିଛନ୍ତି ଦୁର୍ବୃତ୍ତ।,ଜଣେ ଗୁରୁତର ଆହତ ହୋଇଛନ୍ତି।
"Tourism and Culture Minister Ashok Panda, MP Prasanna Patsani, Mayor Ananta Narayan Jena and Corporators were among the participants.","ଏଥିରେ ସଂସ୍କୃତି ମନ୍ତ୍ରୀ ଅଶୋକ ପଣ୍ଡା, ସାଂସଦ ପ୍ରସନ୍ନ ପାଟ୍ଟଶାଣୀ, ମେୟର ଅନନ୍ତ ନାରାୟଣ ଜେନା, ସଂସ୍କୃତି ବିଭାଗ ପ୍ରମୁଖ ଶାସନ ସଚିବ ମନୋରଞ୍ଜନ ପାଣିଗ୍ରାହୀ ଓ ନିର୍ଦ୍ଦେଶକ ବିଜୟ କୁମାର ନାୟକ ପ୍ରମୁଖ ଅତିଥି ଭାବେ ଯୋଗ ଦେଇଥିଲେ।","ଏହି କାର୍ଯ୍ୟକ୍ରମରେ ଯୋଗ ଦେଇଥିଲେ, ସାଂସଦ, ସାଂସଦ, ସାଂସଦ ତଥା ସାଂସଦ ତଥା ସାଂସଦ ତଥା ମନ୍ତ୍ରୀ ଅଶୋକ ଚନ୍ଦ୍ର ପଣ୍ଡା, ସାଂସଦ ତଥା ମନ୍ତ୍ରୀ ଅଶୋକ ପଣ୍ଡା, ସାଂସଦ ପ୍ରସନ୍ନ ପାଟ୍ଟଶାଣୀ, ସାଂସଦ ତଥା ମନ୍ତ୍ରୀ ଅଶୋକ ପଣ୍ଡା, ସାଂସଦ ତଥା ବରିଷ୍ଠ ନେତା ତଥା ସାଂସଦ ତଥା ସାଂସଦ ପ୍ରସନ୍ନଜିତ୍ ତଥା ସାଂସଦ ପ୍ରସନ୍ନଜିତ୍ ତଥା ସାଂସଦ ପ୍ରସନ୍ନ କୁମାର ନାୟକ, ସାଂସଦ ପ୍ରସନ୍ନ କୁମାର ନାୟକ, ସାଂସଦ ପ୍ରସନ୍ନ କୁମାର, ସାଂସଦ ପ୍ରସନ୍ନ କୁମାର ଓ ସାଂସଦ ପ୍ରସନ୍ନ କୁମାର ନାୟକ, ସାଂସଦ ପ୍ରସନ୍ନ କୁମାର ନାୟକ, ସାଂସଦ ପ୍ରସନ୍ନ ପାଟ୍ଟଶାଣୀ ଥିଲେ।"
"And Jesus stood still, and called them, and said, What will ye that I shall do unto you?","""ଯୀଶୁ ରହିଗଲେ, ଦୁଇଜଣଙ୍କୁ ଡାକିଲେ ଓ ସମାନଙ୍କେୁ କହିଲେ, """"ମୁଁ ତୁମ୍ଭମାନଙ୍କ ପାଇଁ କ'ଣ କରିବି ବୋଲି ତୁମ୍ଭେ ଚାହୁଁଛ?""""""","""ତା'ପରେ ମୁଁ ତୁମ୍ଭକୁ କହିଲେ, """"ମୁଁ ତୁମ୍ଭକୁ ଓ ତୁମ୍ଭେ ମାରେ ପ୍ରଭୁ ଯୀଶୁ କହିଲେ, """"ତୁମ୍ଭେ ମାେ ସହିତ କଥା ଶୁଣିବେ।"""""""
Rajeev Kumar was the head of the WB Police's SIT inquiring Saradha chit fund scam,ବହୁ ଚର୍ଚ୍ଚିତ ଶାରଦ ଚିଟ୍ଫଣ୍ଡ ଦୁର୍ନୀତିର ତଦନ୍ତ ପାଇଁ ଗଠିତ ଏସ୍ଆଇଟିର ମୁଖ୍ୟ ରାଜୀବ କୁମାର ଥିଲେ।,ଏହି ମାମଲାରେ ପୋଲିସ କମିଶନର ରାଜୀବ କୁମାରଙ୍କୁ ଗିରଫ କରି କୋର୍ଟ ଚାଲାଣ କରାଯାଇଛି।
"However, Shiv Sena formed the government in post poll alliance with NCP and Congress, it said.",ହେଲେ ନିର୍ବାଚନ ପରେ ସେହି କଂଗ୍ରେସ ସହ ମିଶି ଶିବସେନା ସରକାର ଗଢ଼ିଛି।,ତେବେ କଂଗ୍ରେସ ସରକାର ଗଠନ କରିବା ପାଇଁ କଂଗ୍ରେସ ଓ କଂଗ୍ରେସ ସରକାର ଗଠନ କରିଛନ୍ତି।
"The Prime Minister, Shri Narendra Modi, today inaugurated various projects in Junagadh district.",ପ୍ରଧାନମନ୍ତ୍ରୀ ଶ୍ରୀ ନରେନ୍ଦ୍ର ମୋଦୀ ଆଜି ଜୁନାଗଡ଼ ଜିଲ୍ଲାରେ ବିଭିନ୍ନ ପ୍ରକଳ୍ପ ଉଦ୍ଘାଟନ କରିଥିଲେ ।,ପ୍ରଧାନମନ୍ତ୍ରୀ ଶ୍ରୀ ନରେନ୍ଦ୍ର ମୋଦୀ ଆଜି ପ୍ରଧାନମନ୍ତ୍ରୀ ଶ୍ରୀ ନରେନ୍ଦ୍ର ମୋଦୀ ଆଜି ଆଜି ପ୍ରଧାନମନ୍ତ୍ରୀ ଶ୍ରୀ ନରେନ୍ଦ୍ର ମୋଦୀ ଆଜି ଆଜି ଆଜି ଆଜି ଆଜି ଆଜି ପ୍ରଧାନମନ୍ତ୍ରୀ ଶ୍ରୀ ନରେନ୍ଦ୍ର ମୋଦୀ ଆଜି ଆଜି ଆଜି ଆଜି ଆଜି ଆଜି ଆଜି ଆଜି ପ୍ରଧାନମନ୍ତ୍ରୀ ଶ୍ରୀ ନରେନ୍ଦ୍ର ମୋଦୀ ଆଜି ଆଜି ଆଜି ଆଜି ଆଜି ଆଜି ଆଜି ଆଜି ପ୍ରଧାନମନ୍ତ୍ରୀ ଶ୍ରୀ ନରେନ୍ଦ୍ର ମୋଦୀ ଆଜି ଆଜି ଆଜି ଆଜି ଆଜି ଆଜି ଆଜି ଆଜି ଆଜି ଆଜି ଆଜି ଆଜି ଆଜି ଆଜି ପ୍ରଧାନମନ୍ତ୍ରୀ ଶ୍ରୀ ନରେନ୍ଦ୍ର ମୋଦୀ ଆଜି ଆଜି ଆଜି ଆଜି ଆଜି ଆଜି ପ୍ରଧାନମନ୍ତ୍ରୀ ଶ୍ରୀ ନରେନ୍ଦ୍ର ମୋଦୀ ଆଜି ଆଜି ଆଜି ଆଜି ଆଜି ପ୍ରଧାନମନ୍ତ୍ରୀ ଶ୍ରୀ ନରେନ୍ଦ୍ର ମୋଦୀ ଆଜି ଆଜି ଆଜି ଆଜି ପ୍ରଧାନମନ୍ତ୍ରୀ ଶ୍ରୀ ନରେନ୍ଦ୍ର ମୋଦୀ ଆଜି ଆଜି ଆଜି ଆଜି ଆଜି ଆଜି ଆଜି ଆଜି ପ୍ରଧାନମନ୍ତ୍ରୀ ଶ୍ରୀ ନରେନ୍ଦ୍ର ମୋଦୀ ଆଜି ଆଜି ଆଜି ଆଜି ଆଜି ଆଜି ପ୍ରଧାନମନ୍ତ୍ରୀ ଶ୍ରୀ ନରେନ୍ଦ୍ର ମୋଦୀ ଆଜି ଆଜି ଆଜି ଆଜି ଆଜି ଆଜି ପ୍ରଧାନମନ୍ତ୍ରୀ ଶ୍ରୀ ନରେନ୍ଦ୍ର
Police arrested protestors.,ପ୍ରତିବାଦ କରୁଥିବା କର୍ମୀଙ୍କୁ ପୋଲିସ ଗିରଫ କରିଥିଲା ।,ପୋଲିସ ଗିରଫ କରିଛି।
Over 12 ambulances have been deployed to take the injured to hospital.,ଆହତଙ୍କୁ ସ୍ଥାନାନ୍ତରରେ ୧୨ରୁ ଅଧିକ ଆମ୍ବୁଲାନ୍ସ ନିୟୋଜିତ ହୋଇଥିଲା।,ଆହତ ମାନଙ୍କୁ ଚିକିତ୍ସା ପାଇଁ ହସ୍ପିଟାଲରେ ଭର୍ତ୍ତି କରାଯାଇଛି ।
"Several tests were to be conducted on him to ascertain the exact condition of his health, a senior doctor at the hospital said.",ତାଙ୍କର ଆବଶ୍ୟକ ପରୀକ୍ଷାନିରୀକ୍ଷା କରାଯିବା ସହିତ ସ୍ୱାସ୍ଥ୍ୟ ଉପରେ ନଜର ରଖାଯାଇଥିବା ହସ୍ପିଟାଲର ଜଣେ ବରିଷ୍ଠ ଡାକ୍ତର କହିଛନ୍ତି।,ତାଙ୍କ ସ୍ୱାସ୍ଥ୍ୟ ଅବସ୍ଥା ସଙ୍କଟାପନ୍ନ ହେବାରୁ ତାଙ୍କୁ କଟକ ବଡ଼ ମେଡ଼ିକାଲରେ ଭର୍ତ୍ତି କରାଯାଇଛି ।
Many people participated in the programme.,ବହୁ ସଂଖ୍ୟାରେ ଲୋକ ଏହି କାର୍ଯ୍ୟକ୍ରମରେ ଯୋଗଦେଇଛନ୍ତି।,ଏହି କାର୍ଯ୍ୟକ୍ରମରେ ବହୁ ସଂଖ୍ୟାରେ ବହୁ ସଂଖ୍ୟାରେ ବହୁ ସଂଖ୍ୟାରେ ବହୁ ସଂଖ୍ୟାରେ ବହୁ ସଂଖ୍ୟାରେ ବହୁ ସଂଖ୍ୟାରେ ବହୁ ବିଶିଷ୍ଟ ବ୍ୟକ୍ତି ଯୋଗ ଦେଇଥିଲେ।
Proud and happy,ଖୁସି ଓ ବିଭୋର,ଯୋଗ ଓ କରନ୍ତୁ
Child at home,ଘରେ ପିଲାଙ୍କ…,ଘରେ ଘରେ
He died while undergoing treatment.,ଚିକିତ୍ସା ଚାଲିଥିବାବେଳେ ତାଙ୍କ ମୃତ୍ୟୁ ହୋଇଯାଇଥିଲା।,ଚିକିତ୍ସାଧିନ ଅବସ୍ଥାରେ ତାଙ୍କର ମୃତ୍ୟୁ ହୋଇଛି।
Let's see how,ତାହେଲେ ଆସନ୍ତୁ ଜାଣିବା କେମିତି,କିପରି ଜାଣି ଜାଣି ଜାଣି ଜାଣି ଜାଣି ଜାଣି ଜାଣିଛ
India under pressure,ଭାରତ ଚାପରେ ଥିଲା,ଭାରତ-ଅ
The demand for products produced by self help groups is going up every year which is also leading to rise in their incomes.,ପ୍ରତିବର୍ଷ ସ୍ୱୟଂ ସହାୟକ ଗୋଷ୍ଠୀମାନଙ୍କର ଉତ୍ପାଦର ଚାହିଦା ବୃଦ୍ଧି ପାଉଛି ।,ପ୍ରତ୍ୟେକ ଦିନ ଧରି ବିଶେଷ କରି ସେମାନଙ୍କ ପାଇଁ ଅଦ୍ୟାବଧି ଆର୍ଥିକ ସହାୟତା ଯୋଗାଇ ଦେବା ପାଇଁ ମଧ୍ୟ ବୃଦ୍ଧି କରାଯାଇଛି ।
Fishermen have been warned not to venture into deep sea.,ଏଥିସହିତ ମତ୍ସଜୀବୀ ମାନଙ୍କୁ ଗଭୀର ସମୁଦ୍ର ଭିତରକୁ ନଯିବା ପାଇଁ ସତର୍କ ସୂଚନା ଦିଆଯାଇଛି ।,ସମୁଦ୍ର ଭିତରକୁ ସମୁଦ୍ର ଭିତରକୁ ସମୁଦ୍ର ଭିତରକୁ ଯିବାକୁ ବାରଣ କରାଯାଇଛି ।
"My father is a teacher, and mother is a homemaker.",ବାପା ପେସାରେ ଶିକ୍ଷକ ଆଉ ମାଆ ଗୃହିଣୀ.,"ବାପା, ବାପା, ବାପା, ବାପା, ବାପା, ଜଣେ ପୁଅ ଓ ଜଣେ ପୁଅ।"
Very high.,ଖୁବ ବଢିଆ… ।,ଭଲ କାମ ।
What needs to be done is work.,ତେଣିକି ଯେଉଁ କାମ କରିବାକୁ ପଡ଼ୁ।,କାର୍ଯ୍ୟ ପାଇଁ କାର୍ଯ୍ୟ କରିବା ଦରକାର।
He too died on the spot.,ଏହାସହ ଘଟଣାସ୍ଥଳରେ ହିଁ ତାଙ୍କର ମୃତ୍ୟୁ ହୋଇଛି ।,ଘଟଣାସ୍ଥଳରେ ତାଙ୍କର ମୃତ୍ୟୁ ହୋଇଛି ।
"And this amount of Rs. 33,000 crore is not a small amount.",ଆଉ ତେତିଶ ହଜାର କୋଟି ଟଙ୍କାର ପରିମାଣ କିଛି କମ୍ ନୁହେଁ ।,ଆଉ ଏଥିପାଇଁ  ⁇ S ⁇ S ⁇ S ⁇ S ⁇ S ⁇ S ⁇ S ⁇ S ⁇ S ⁇ S ⁇ S ⁇ S ⁇ S ⁇ no ⁇ no ⁇ no ⁇   ⁇   ⁇   ⁇ e  ⁇   ⁇   ⁇   ⁇   ⁇   ⁇ e  ⁇   ⁇   ⁇ e  ⁇ e  ⁇ e  ⁇ e  ⁇ e  ⁇ e  ⁇ e  ⁇ e  ⁇ e  ⁇ e  ⁇ e  ⁇ e  ⁇ e  ⁇ e  ⁇ e  ⁇ e  ⁇ e  ⁇ e  ⁇   ⁇ e  ⁇ e
An inquiry has been ordered by the Navy.,ନୌସେନା ପକ୍ଷରୁ ଏହି ମାମଲାର ତଦନ୍ତ ନିର୍ଦ୍ଦେଶ ଦିଆଯାଇଛି ।,ତଦନ୍ତ ନିର୍ଦ୍ଦେଶ ଦେଇଛନ୍ତି।
He had invited PM Narendra Modi to the swearing-in ceremony.,ସୋଚି ତାଙ୍କ ଶପଥ ଗ୍ରହଣ ଉତ୍ସବକୁ ଭାରତର ପ୍ରଧାନମନ୍ତ୍ରୀ ନରେନ୍ଦ୍ର ମୋଦୀଙ୍କୁ ନିମନ୍ତ୍ରଣ କରିଥିଲେ।,ପ୍ରଧାନମନ୍ତ୍ରୀ ନରେନ୍ଦ୍ର ମୋଦି ଓ ପ୍ରଧାନମନ୍ତ୍ରୀ ନରେନ୍ଦ୍ର ମୋଦି ଆଜି ମୁଖ୍ୟମନ୍ତ୍ରୀ ନବୀନ ପଟ୍ଟନାୟକଙ୍କୁ ଭେଟିଥିଲେ।
Parties have already started their preparations for the upcoming Assembly elections.,ଆଗାମୀ ଲୋକସଭା ନିର୍ବାଚନ ପାଇଁ ବିଭିନ୍ନ ଦଳ ପକ୍ଷରୁ ଏବେ ଜୋରଦାର ପ୍ରସ୍ତୁତି ଆରମ୍ଭ ହୋଇଛି ।,ଏଥିପାଇଁ ନିର୍ବାଚନ ପାଇଁ ନିର୍ବାଚନ ପାଇଁ ନିର୍ବାଚନ ପାଇଁ ନିର୍ବାଚନ ପାଇଁ ନିର୍ବାଚନ ପାଇଁ ପ୍ରସ୍ତୁତ କରାଯାଇଛି।
The family alleged that the boy died after being administered wrong injection.,ଭୁଲ ଚିକିତ୍ସା ପାଇଁ ପୁଅର ମୃତ୍ୟୁ ହୋଇଥିବା ପରିବାରଲୋକେ ଅଭିଯୋଗ କରିଛନ୍ତି ।,ପରିବାର ଲୋକେ ଅଭିଯୋଗ କରିଛନ୍ତି।
The people are disgusted with this.,ଏହାକୁ ନେଇ ସାଧାରଣ ଲୋକେ ଅତିଷ୍ଠ ହୋଇପଡିଛନ୍ତି।,ଏହି ସମୟରେ ଲୋକେ ବହୁ ଲୋକଙ୍କ ସହ ମିଶି ରହିଛି।
Such a thing has happened before.,ଏହା ପୂର୍ବରୁ ମଧ୍ୟ ଏଭଳି ଘଟଣା ଘଟିଥିବା ନଜୀର ରହିଛି।,ପୂର୍ବରୁ ମଧ୍ୟ ଏଭଳି ଘଟଣା ଘଟିଛି।
His name was Ashok.,ତା ନାଁ ଅଶୋକ ବେହେରା।,ତାଙ୍କ ନାଁ ନାଁ ଥିଲା।
His videos have racked up millions of views.,ତାଙ୍କର ଭିଡିଓକୁ ଲକ୍ଷ ଲକ୍ଷ ଲୋକ ଦେଖୁଥିଲେ ।,ତାଙ୍କ ପାଖରେ ଅନେକ ସ୍ଥାନର ହୋଇଥିଲା।
Agriculture Marketing Reforms to provide marketing choices to farmers A Central law will be formulated to provide - adequate choices to the farmer to sell their produce at remunerative price barrier free Inter-State Trade a framework for e-trading of agriculture produce.,କୃଷକମାନଙ୍କୁ ବିପଣନ ବିକଳ୍ପ ଯୋଗାଇବ କୃଷି ବିପଣନ ସଂସ୍କାର ଏଥିପାଇଁ ଆସିବ କେନ୍ଦ୍ରୀୟ ଆଇନ- ଉପଯୁକ୍ତ ମୂଲ୍ୟରେ କୃଷକମାନଙ୍କୁ ସେମାନଙ୍କ ଉତ୍ପାଦ ବିକ୍ରି ପାଇଁ ଯଥେଷ୍ଟ ବିକଳ୍ପ ଯୋଗାଇ ଦିଆଯିବ ବାଧାମୁକ୍ତ ଆନ୍ତଃରାଜ୍ୟ ବାଣିଜ୍ୟ. କୃଷି ଉତ୍ପାଦର ଇ-ବ୍ୟବସାୟ ପାଇଁ ଏକ ବ୍ୟବସ୍ଥା 11., ⁇ S ⁇ S ⁇ S ⁇ S ⁇ S ⁇ S ⁇ S ⁇ S ⁇ S ⁇ S ⁇ S ⁇ S ⁇ S ⁇ S ⁇ S ⁇ S ⁇ S ⁇ S ⁇ S ⁇ S ⁇ S ⁇ S ⁇ S ⁇ S ⁇ S ⁇ S ⁇ S ⁇ S ⁇ S ⁇ S ⁇ S ⁇ S ⁇ S ⁇ S ⁇ S ⁇ S ⁇ S ⁇ S ⁇ S ⁇ S ⁇ S ⁇ S ⁇ S ⁇ S ⁇ S ⁇ S ⁇ S ⁇ S ⁇ S ⁇ S ⁇ S ⁇ S ⁇ S ⁇ S ⁇ S ⁇ S ⁇ S ⁇ S ⁇ S ⁇ S ⁇ S ⁇ S
"Rita Jetinder was the secretary of Jammu and Kashmir Academy of Art, Culture and Languages.","ତେବେ ରୀତା ଜେତିନ୍ଦର ଜମ୍ମୁ-କାଶ୍ମୀର ଏକାଡେମୀ ଅଫ ଆର୍ଟ, ସଂସ୍କୃତି ଏବଂ ଭାଷାର ସଚିବ ମଧ୍ୟ ଥିଲେ । ଏଥି ସହିତ ହିଁ କ୍ଲା ଓାନ ରେଡିଓ ବ୍ରୋଡକାଷ୍ଟର ମଧ୍ୟ ଥିଲେ । ରୀତା ଜେତିନ୍ଦରଙ୍କ ନିଧନର ଲାଇଭ ଭିଡିଓ ଦେଖିବା ପରେ ଆଶ୍ଚର୍ୟ୍ୟ ହୋଇଯାଇଥିଲେ । ଭିଡିଓ ଦେଖିବା ପରେ ଅନେକ ଲୋକ ଟ୍ଵିଟର୍ ଓ ଫେସ୍ବୁକ୍ରେ ଶୋକପ୍ରକାଶ କରିଛନ୍ତି।","ଜମ୍ମୁ-କାଶ୍ମୀର, ଜାମ୍ମୁ-କାଶ୍ମୀର, ଜାମ୍ମୁ-କାଶ୍ମୀର ଏବଂ ଜାମ୍ମୁ-କାଶ୍ମୀରର ପ୍ରମୁଖ ସଚିବଙ୍କ ସମେତ ଅନ୍ୟ ବରିଷ୍ଠ ଅଧିକାରୀ ଉପସ୍ଥିତ ଥିଲେ।"
The couple later hosted receptions in Delhi and Mumbai.,ପରେ ଦିଲ୍ଲୀ ଓ ମୁମ୍ବଇରେ ଦୁହେଁ ଭୋଜି ଦେଇଥିଲେ।,ମୁମ୍ବାଇ: ମୁମ୍ବାଇରେ ଏକ ଘରୋଇ ବିବାହ କରିଥିଲେ।
The family members of the patient had lodged a complaint with the Medical Superintendent of the hospital.,ପୀଡ଼ିତାଙ୍କ ସଂପର୍କୀୟମାନେ ଏହି ଘଟଣା ପରେ ହସ୍ପିଟାଲ୍ର ରେସିଡେଣ୍ଟ୍ ମେଡିକାଲ୍ ଅଫିସର୍ଙ୍କ ବିରୋଧରେ ଏକ ମାମଲା ରୁଜୁ କରିଛନ୍ତି।,ପରିବାର ଲୋକେ ବହୁ ଅଭିଯୋଗ କରିଥିଲେ।
Elements matched by selector: %1$S. Attributes removed: %2$S.,ଚୟନକର୍ତ୍ତା ଦ୍ୱାରା ମେଳ ଖାଉଥିବା ଉପାଦାନଗୁଡ଼ିକ: %1$S. ବାହାର କରାଯାଇଥିବା ଗୁଣଧର୍ମଗୁଡ଼ିକ: %2$S.,%S ⁇ S ⁇ S ⁇ S ⁇ S ⁇ S ⁇ S ⁇ S ⁇ S ⁇ S ⁇ S ⁇ S ⁇ S ⁇ S ⁇ S ⁇ S ⁇ S ⁇ S ⁇ S ⁇ S ⁇ S ⁇ S ⁇ S ⁇ S ⁇ S ⁇ S ⁇ S ⁇ S ⁇ S ⁇ S ⁇ S ⁇ S ⁇ S ⁇ S ⁇ S ⁇ S ⁇ S ⁇ S ⁇ S ⁇ S ⁇ S ⁇ S ⁇ S ⁇ S ⁇ S ⁇ S ⁇ S ⁇ S ⁇ S ⁇ S ⁇ S ⁇ S ⁇ S ⁇ S ⁇ S ⁇ S ⁇ S ⁇ S ⁇ S ⁇ S ⁇ S ⁇ S ⁇ 
"Friends, Gandhiji wanted to change not only the system but also the values of the system.","ବନ୍ଧୁଗଣ, ଗାନ୍ଧିଜୀ ଖାଲି ବ୍ୟବସ୍ଥା ପରିବର୍ତ୍ତନ ନୁହେଁ ମୂଲ୍ୟ ପରିବର୍ତ୍ତନ ମଧ୍ୟ ଚାହୁଁଥିଲେ ।","ସାଥୀଗଣ, କିନ୍ତୁ ସାଥୀଗଣ, କିନ୍ତୁ ଆମ ଦେଶର ଗାନ୍ଧୀ, କିନ୍ତୁ ଆମ ଦେଶର ବହୁସଂଖ୍ୟାନ କରିଥିଲେ ।"
His first wife lives in another home with kids.,କିନ୍ତୁ ତାଙ୍କ ପ୍ରଥମ ପତ୍ନୀ ନିଜ ଛୁଆଙ୍କ ସହ ଅନ୍ୟତ୍ର ରହୁଥିଲେ।,ତାଙ୍କ ପତ୍ନୀଙ୍କ ସହ ତାଙ୍କ ପତ୍ନୀଙ୍କ ସହ ତାଙ୍କ ପତ୍ନୀଙ୍କ ସହ ବିବାହ ବନ୍ଧୁତ୍ୱରେ ତାଙ୍କର ମୃତ୍ୟୁ ହୋଇଥିଲା।
Also the farmers do not even get the cost price of their produce.,ସେହିପରି ଚାଷୀ ଉତ୍ପାଦନ ଖର୍ଚର ମୂଲ୍ୟ ପାଉନାହିଁ।,ଚାଷୀମାନଙ୍କୁ ସେମାନଙ୍କର କ୍ଷତି ସହିବାକୁ ଅନୁମତି ମିଳିବ ନାହିଁ।
"""""""They asked me lots of questions and I suddenly thought why don't I just advertise myself online on a bargains adverts page.""",‘ସେମାନେ ମୋତେ ଅନେକ ପ୍ରଶ୍ନ ପଚାରିଥିଲେ ଏବଂ ମୁଁ ହଠାତ୍ ଭାବିଲି କାହିଁକି ମୁଁ କେବଳ ଅନଲାଇନ୍ ରେ ବିଜ୍ଞାପନ ପୃଷ୍ଠାରେ ନିଜକୁ ଦ୍ରବ୍ୟ ଭାବେ ବିଜ୍ଞାପନ ଦେବିନାହିଁ।,ମୁଁ ମୋ ପାଇଁ ମୁଁ ନିଜେ ନିଜ ନିଜ ନିଜ ନିଜ ନିଜ ନିଜ ନିଜ ନିଜ ନିଜ ନିଜ ନିଜ ନିଜ ନିଜ ନିଜ ନିଜ ନିଜ ନିଜ ନିଜ ନିଜ ନିଜ ନିଜ ନିଜ ନିଜ ନିଜ ନିଜ ନିଜ ନିଜ ନିଜ ନିଜ ନିଜ ନିଜ ନିଜ ନିଜ ନିଜ ନିଜ ନିଜ ନିଜ ନିଜ ନିଜ ନିଜ ନିଜ ନିଜ ନିଜ ନିଜ ନିଜ ନିଜ ନିଜ ନିଜ ନିଜ ନିଜ ନିଜ ନିଜ ନିଜ ନିଜ ନିଜ ନିଜ ନିଜ ନିଜ ନିଜ ନିଜ ନିଜ ନିଜ ନିଜ ନିଜ ନିଜ ନିଜ ନିଜ ନିଜ ନିଜ ନିଜ ନିଜ ନିଜ ନିଜ ନିଜ ନିଜ ନିଜ ନିଜ ନିଜ ନିଜ ନିଜ ନିଜ ନିଜ ନିଜ ନିଜ ନିଜ ନିଜ ନିଜ ନିଜ ନିଜ ନିଜ ନିଜ ନିଜ ନିଜ ନିଜ ନିଜ ନିଜ ନିଜ ନିଜ ନିଜ ନିଜ ନିଜ ନିଜ ନିଜ ନିଜ ନିଜ ନିଜ ନିଜ ନିଜ ନିଜ ନିଜ ନିଜ ନିଜ ନିଜ ନିଜ ନିଜ ନିଜ ନିଜ ନିଜ ନିଜ ନିଜ
But very soon the relations broke down.,ତେବେ ଉଭୟଙ୍କ ସମ୍ପର୍କ ଅଳ୍ପ ଦିନ ପରେ ଭାଙ୍ଗି ଯାଇଥିଲା ।,କିନ୍ତୁ ଏହା ପୂର୍ବରୁ ଖୁବ୍ ଶୀଘ୍ର ଖୁବ୍ ଶୀଘ୍ର ଖୁବ୍ ଶୀଘ୍ର ଖୁବ୍ ଶୀଘ୍ର ଖୁବ୍ ଶୀଘ୍ର ଖୁବ୍ ଶୀଘ୍ର ଖୁବ୍ ଶୀଘ୍ର ଖୁବ୍ ଶୀଘ୍ର ଖୁବ୍ ଶୀଘ୍ର ଖୁବ୍ ଶୀଘ୍ର ଖୁବ୍ ଶୀଘ୍ର ବହୁତ ବହୁତ ବହୁତ ଭଲ ହୋଇଥିଲା।
They said that free and fair elections were not possible in Telangana with Chandrashekhar Rao as the caretaker Chief Minister.,ମୁଖ୍ୟମନ୍ତ୍ରୀ ଭାବେ କେ. ଚନ୍ଦ୍ର ଶେଖର ରାଓ ତାଙ୍କ ପଦରେ ରହିଲେ ରାଜ୍ୟରେ ମୁକ୍ତ ଏବଂ ଅବାଧ ନିର୍ବାଚନ ସମ୍ଭବ ନୁହେଁ ବୋଲି ସେମାନେ କହିଛନ୍ତି।,"ମୁଖ୍ୟମନ୍ତ୍ରୀ କହିଛନ୍ତି ଯେ, ମୁଖ୍ୟମନ୍ତ୍ରୀ ଯୋଗୀ ଆଦିତ୍ୟନାଥ ଓ ମୁଖ୍ୟମନ୍ତ୍ରୀ ଯୋଗୀ ଆଦିତ୍ୟନାଥ ଓ ମୁଖ୍ୟମନ୍ତ୍ରୀ ଯୋଗୀ ଆଦିତ୍ୟନାଥ ସହ ମିଶି ଆଲୋଚନା କରିଥିଲେ ।"
"They would be arrested soon, the police said.",ସେମାନଙ୍କୁ ଖୁବ୍ ଶୀଘ୍ର ଗିରଫ କରାଯିବ ବୋଲି ପୋଲିସ କହିଛି ।,ସେମାନେ ଖୁବ୍ ଶୀଘ୍ର ଗିରଫ କରାଯିବ ବୋଲି ପୋଲିସ କହିଛି।
"Following decrease in the prices of crude oil in the international market, fuel prices across the globe have come down.",ଆନ୍ତର୍ଜାତିକ ବଜାରରେ ଅଶୋଧିତ ତୈଳ ମୂଲ୍ୟ ହ୍ରାସ ପାଇଥିବାରୁ ଦେଶରେ ଇନ୍ଧନ ଦର କମିଛି।,ଏହି ଅଞ୍ଚଳରେ ଦର ବୃଦ୍ଧି ପାଇଲା ପେଟ୍ରୋଲ ଦର ବୃଦ୍ଧି ପାଇଛି।
The villagers have demanded compensation to the family of the deceased.,ମୃତକଙ୍କ ପରିବାରକୁ କ୍ଷତିପୂରଣ ଦାବିରେ ଗ୍ରାମବାସୀ ରାସ୍ତାରୋକ କରିଛନ୍ତି।,ମୃତ ବ୍ୟକ୍ତିମାନେ ଗ୍ରାମବାସୀ ଗ୍ରାମବାସୀ ଗ୍ରାମବାସୀଙ୍କୁ ତୁରନ୍ତ ଖବର ଦେଇଥିଲେ।
"India appreciated Myanmars cooperation and efforts in facilitating the movement of project personnel, construction material and equipment for the construction of the road component of Kaladan Multi Modal Transit Transport Project across the Mizoram border through orinpui southwards towards Paletwa.","ଏହି ପ୍ରକଳ୍ପ ସହ ସଂଶ୍ଳିଷ୍ଟ କର୍ମଚାରୀ, ଉପକରଣ ତଥା ନିର୍ମାଣ ସାମଗ୍ରୀ ପ୍ରେରଣରେ ମିଆଁମାରର ସହଯୋଗ ଓ ସାହାଯ୍ୟକୁ ଭାରତ ପକ୍ଷରୁ ଭୂୟସୀ ପ୍ରଶଂସା କରାଯାଇଛି । କାଲାଦାନ ମଲ୍ଟି ମଡ଼େଲ ଟ୍ରାନଜିଟ୍ ପରିବହନ ପ୍ରକଳ୍ପ ସହ ସଂଯୋଗ ସକାଶେ ରାସ୍ତା ନିର୍ମାଣ ପାଇଁ ମିଜୋରାମ ସୀମା ଦେଇ ଜୋରିନପୁଇର ଦକ୍ଷିଣ ଦିଗକୁ ପାଲେତୱା ପର୍ଯ୍ୟନ୍ତ ଏହି ସଡ଼କ ନିର୍ମାଣ କରାଯିବ ।",ଭାରତ-ଅଷ୍ଟ୍ରେଲିଆର ବିକାଶ ଏବଂ ବିଶ୍ୱସ୍ତରୀୟ ବିକାଶ ପାଇଁ 45 କୋଟି ଟଙ୍କାର ବ୍ୟୟ ବରାଦ କରାଯାଇଛି ।
There is no need to resign.,ଇସ୍ତଫା ଦେବା ଦରକାର ନାହିଁ ।,କୌଣସି କାରଣ ନାହିଁ।
They murdered the woman in her house and decamped with gold ornaments.,ତାଙ୍କ ଘରେ ଜଣେ ମହିଳାଙ୍କୁ ପ୍ରାଣାନ୍ତକ ଆକ୍ରମଣ କରି ସୁନା ଅଳଙ୍କାର ଲୁଟି ନେଇଥିଲେ।,"ସେମାନେ ହେଲେ, ତା’ର ଘର, ତା’ର ଘର, ତା’ର ଘର, ତା’ର ଘର, ତା’ର ଘର, ତା’ର ଘର, ତା’ର ଘର, ତା’ର ଘର, ତା’ର ସହ ଦୁଷ୍କର୍ମ ଓ ତା’ର ଘର ଛାଡ଼ିଲେ।"
Phulbani was the coldest station in the State at 4.5 degree Celsius.,ଫୁଲବାଣୀରେ ୪.୫ ଡ଼ିଗ୍ରୀ ଥିବାରୁ ରାଜ୍ୟର ସବୁଠାରୁ ଶୀତଳ ସ୍ଥାନରେ ପରିଗଣିତ ହୋଇଛି ।,ଏହି ପ୍ରକଳ୍ପ ପାଇଁ ୪ଟି ରାଜ୍ୟଗୁଡ଼ିକ ହେଉଛି ।
Its one of the most fierce attack helicopters in the world.,ଏହା ବିଶ୍ୱର ସବୁଠୁ ଅତ୍ୟାଧୁନିକ ଆକ୍ରମଣକାରୀ ହେଲିକ୍ୟାପ୍ଟର ।,ଏହା ବିଶ୍ୱର ସବୁଠାରୁ ବଡ଼ ଧରଣର ବିଶ୍ୱସ୍ତରରେ ରହିଛି ।
Police reached spot on receiving information and began a probe into the incident.,ପୋଲିସ ଖବର ପାଇଁ ଘଟଣାସ୍ଥଳରେ ପହଞ୍ଚି ଛାନ୍ଭିନ୍ ଆରମ୍ଭ କରିଛି।,ଖବର ପାଇ ପୋଲିସ ଘଟଣାସ୍ଥଳରେ ପହଞ୍ଚି ତଦନ୍ତ ଆରମ୍ଭ କରିଛି।
( a) has on appeal reversed an order of acquittal of an accused person and sentenced him to death. or,(କ) ଅପିଲରେ କୌଣସି ଅଭିଯୁକ୍ତ ବ୍ୟକ୍ତିର ଦୋଷମୁକ୍ତି ଆଦେଶକୁ ଓଲଟାଇ ଦେଇଥାଏ ତଥା ତାହାକୁ ମୃତ୍ୟୁ ଦଣ୍ଡାଦେଶ ଦେଇଥାଏ. ଅଥବା,ତାଙ୍କ ବିରୋଧରେ ଦୁଷ୍କର୍ମ ଓ ହତ୍ୟା କରାଯାଇଥିବା ଅଭିଯୋଗ କରିଛନ୍ତି।
"It was assumed that the incident had connection with the murder of a former sarpanch, Ajay Behera, a few days ago.",ଗତ କିଛି ଦିନ ତଳେ ପୂର୍ବତନ ସରପଂଚ ଅଜୟ ବେହେରା ହତ୍ୟାକାଣ୍ଡ ସହିତ ଏହାର ସମ୍ପର୍କ ଥିବା ସନେ୍ଦହ ।,ତେବେ ଏହି ଘଟଣା ପରେ ହତ୍ୟା କରାଯାଇଥିବା ବେଳେ ଜଣେ ବ୍ୟକ୍ତି ଜଣକ ପରେ ହତ୍ୟା କରାଯାଇଥିଲା।
His death has been eidely mourned.,ତାଙ୍କ ମୃତ୍ୟୁରେ ଶୋକର ଛାୟା ଖେଳି ଯାଇଛି ।,ତାଙ୍କ ମୃତ୍ୟୁ ହୋଇଥିବା ସୂଚନା ମିଳିଛି ।
He died before reaching the hospital.,"ଅନୀଲ ମେଡିକାଲରେ ପହଞ୍ଚିବା ପୂର୍ବରୁ, ତାଙ୍କର ମୃତ୍ୟୁ ହୋଇସାରିଥିଲା ।",ତାଙ୍କୁ ପ୍ରଥମେ ଉଦ୍ଧାର କରି ଡାକ୍ତରଖାନାରେ ଭର୍ତ୍ତି କରିଥିଲେ ।
"On being informed, the police reached at the spot and started investigating.",ତେବେ ପୁଲିସ ଖବର ପାଇ ଘଟଣାସ୍ଥଳରେ ପହଁଚି ତଦନ୍ତ ଆରମ୍ଭ କରିଥିବା ଜଣାପଡିଛି ।,ଖବର ପାଇ ପୋଲିସ ଘଟଣାସ୍ଥଳରେ ପହଞ୍ଚି ତଦନ୍ତ ଆରମ୍ଭ କରିଛି ।
But they were not to reach their destination.,କିନ୍ତୁ ଯେଉଁ ସ୍ଥାନକୁ ସେମାନେ କାର୍ଯ୍ୟରେ ଯାଉଥିଲେ ସେଠାରେ ପହଞ୍ଚି ନାହାନ୍ତି।,କିନ୍ତୁ ସେମାନେ ସେମାନଙ୍କ ପାଇଁ ସେମାନେ ସେମାନଙ୍କ ପାଖରେ ନାହିଁ।
They were rushed to the district headquarters hospital in Sambalpur.,ସେମାନଙ୍କୁ ସମ୍ବଲପୁର ସଦର ଡାକ୍ତରଖାନାରେ ଭର୍ତ୍ତି କରାଯାଇଛି ।,ସେମାନଙ୍କୁ ଜିଲ୍ଲା ମୁଖ୍ୟ ଚିକିତ୍ସାଳୟରେ ଭର୍ତ୍ତି କରାଯାଇଛି।
The problem will be resolved soon.,ଖୁବ୍ଶୀଘ୍ର ସମସ୍ୟାର ସମାଧାନ ହେବ।,ଖୁବଶୀଘ୍ର ଏହାର ସମାଧାନ ହେବ।
Civilian killed by terrorists in Kashmir,ଛତିଶଗତ ଶ୍ରମିକଙ୍କୁ କାଶ୍ମୀରରେ ହତ୍ୟା କଲେ ଆତଙ୍କବାଦୀ,କାଶ୍ମୀର ଆତଙ୍କବାଦୀ ନିହତ
A police officer was also injured in the attack.,ଏହି ଏନକାଉଣ୍ଟରରେ ଜଣେ ପୁଲିସକର୍ମୀ ଆହତ ମଧ୍ୟ ହୋଇଛନ୍ତି।,ଏହି ଘଟଣାରେ ଜଣେ ପୁଲିସ ଅଧିକାରୀ ମଧ୍ୟ ଆହତ ହୋଇଛନ୍ତି।
Chief Minister Naveen Patnaik thanked all the contributors.,ଏଥିପାଇଁ ଜମି ଦେଇଥିବା ବ୍ୟକ୍ତିମାନଙ୍କୁ ଧନ୍ୟବାଦ ଜଣାଇଛନ୍ତି ମୁଖ୍ୟମନ୍ତ୍ରୀ ନବୀନ ପଟ୍ଟନାୟକ ।,ମୁଖ୍ୟମନ୍ତ୍ରୀ ନବୀନ ପଟ୍ଟନାୟକ ଏହି ଅବସରରେ ମୁଖ୍ୟମନ୍ତ୍ରୀ ନବୀନ ପଟ୍ଟନାୟକ ।
Nalco celebrates Ambedkar birth anniv,ନାଲକୋ ତରଫରୁ ଆମ୍ବେଦକର ଜୟନ୍ତୀ ପାଳନ, ⁇ S ⁇ S ⁇ S ⁇ S ⁇ S ⁇ S ⁇ C ⁇ C ⁇ C ⁇ S ⁇ S ⁇ S ⁇ C ⁇ C ⁇ 
Farmers are being harassed.,ଫଳରେ ଚାଷୀମାନେ ଶୋଷିତ ହେଉଛନ୍ତି ।,ଚାଷୀମାନଙ୍କୁ ଉଦ୍ଧାର କରାଯାଇଛି।
They buy books.,ଏମିତିବିତ ପଢ଼ିବାକୁ ସେ ବହି କିଣନ୍ତି ।,ସେମାନେ ସେମାନେ ଭଲ।
ICC Champions Trophy fall-out,ଆଇସିସି ଚାମ୍ପିଅନ୍ସ ଟ୍ରଫି ୱାର୍ମଅପ୍,ଆଇସିସି୍ମୀ ପାର୍ଟି:
The film is based on the third battle of Panipat.,ତେବେ ଏହି ଫିଲ୍ମଟି ତୃତୀୟ ପାନିତ ଯୁଦ୍ଧ ଉପରେ ଆଧାରିତ ବୋଲି ଜଣାପଡିଛି।,ଏହି ଫିଲ୍ମଟି ପ୍ରଥମ ଥର ପାଇଁ ତୃତୀୟ ସ୍ଥାନରେ ରହିଛି।
Whats the reason behind that?,ତେବେ ଏହା ପଛରେ କ’ଣ ରହିଛି କାରଣ।,କାରଣ କଣ ରହିଛି?
Congress president Rahul Gandhi also launched attack on Modi government.,କଂଗ୍ରେସ ଅଧ୍ୟକ୍ଷ ରାହୁଲ ଗାନ୍ଧୀ ବିଦେଶରେ ମଧ୍ୟ ମୋଦି ସରକାରଙ୍କୁ ଟାର୍ଗେଟ କରିଛନ୍ତି।,କଂଗ୍ରେସ ଅଧ୍ୟକ୍ଷ ରାହୁଲ ଗାନ୍ଧୀ ମଧ୍ୟ ରାହୁଲ ଗାନ୍ଧୀ ମଧ୍ୟ ରାହୁଲ ଗାନ୍ଧୀ ମଧ୍ୟ ଆଲୋଚନା କରିଛନ୍ତି।
Women would be magnanimous.,ମହିଳାମାନେ ଆଳସ୍ୟ ରହିବେ ।,ମହିଳା ଜଣକ ବଚୀନଦାରେ ଜଣେ ମହିଳା।
Her story is profoundly touching.,ତେବେ ତାଙ୍କ କାହାଣୀ ଅତ୍ୟନ୍ତ ହୃଦୟ ବିଦାରକ ।,ତାଙ୍କ ପାଖରେ ଥିବା ସେ ବି ରହିଛି।
"Our judiciary and justice delivery mechanism will need to continue to keep up with technology and with changes in our society, as indeed they have been so capably doing.",ଆମର ନ୍ୟାୟ ଓ ନ୍ୟାୟ ପ୍ରଦାନ ବ୍ୟବସ୍ଥାକୁ ଏଭଳି ପ୍ରଯୁକ୍ତି ଏବଂ ସାମାଜିକ ପରିବର୍ତ୍ତନ ସହ ତାଳ ଦେଇ ଆଗକୁ ଗତି କରିବାକୁ ପଡିବ । ଏବେ ଯେଉଁଭଳି ସକ୍ରିୟତାର ସହ ଏହାର ମୁକାବିଲା କରାଯାଉଛି ତାହା ଦ୍ୱିଗୁଣିତ ହେବ ।,ଆମ ସରକାର ଏବଂ ସାମାଜିକ ଦୂରତା ବଜାୟ ରଖିବା ପାଇଁ ଆମ ସହ ଆଲୋଚନା ହେବ ।
New Zealand take on England in Sunday's World Cup final.,ଚଳିତ ବିଶ୍ୱକପର ଲିଗ୍ ପର୍ଯ୍ୟାୟରେ ଇଂଲଣ୍ଡ ନ୍ୟୁଜିଲ୍ୟାଣ୍ଡକୁ ମାତ ଦେଇଥିଲା।,ଇଂଲଣ୍ଡ ବିପକ୍ଷରେ ବିଜୟ ପାଇଁ ଏକ ନୂଆ ମ୍ୟାଚ୍ ଜିତିଛି।
Periodic Interest _Rate:,ସାମୟିକ ସୁଧ ଅନୁପାତ (_R):, ⁇ A ⁇ A ⁇ A ⁇ A ⁇ 
"Today, while talking to you, I am reminded of one incident.","ମୁଁ ମଧ୍ୟ ଆଜି, ଆପଣଙ୍କ ସହିତ କଥାବାର୍ତ୍ତା ହେବା ସମୟରେ ଗୋଟିଏ ପୁରୁଣା କଥା ମୋର ମନେ ପଡ଼ିଯାଉଛି ।",ଆଜି ମୁଁ ଆଜି ମୁଁ ଆଜି ମୁଁ ଆପଣମାନଙ୍କୁ ସମସ୍ତଙ୍କୁ ବହୁତ ଦୁଃଖ ପ୍ରକାଶ କରୁଛି।
"Pramod Kumar, District TB Officer.","ପ୍ରଦିପ କୁମାର ଦାସ, ଜିଲ୍ଲା ଯକ୍ଷ୍ମାରୋଗ ଅଧିକାରୀ ଡା.","ଏହି ଜିଲ୍ଲା ପ୍ରଶାସନ କୁମାର, ଜିଲ୍ଲା ପ୍ରଶାସନ, ଜିଲ୍ଲା ମୁଖ୍ୟ ଅତିଥି କୁମାର ମିଶ୍ର, ଜିଲ୍ଲା ମୁଖ୍ୟ ଅତିଥି ଭାବେ ଶପଥ ନେଇଛନ୍ତି।"
Iran is the third largest source of Indias oil imports.,ଭାରତ ଏହାର ତୃତୀୟ ସର୍ବାଧିକ ତେଲ ଇରାନରୁ କିଣୁଥିଲା।,ତୃତୀୟ ତୃତୀୟ ସ୍ଥାନରେ ରହିଛି ।
The accused arrested the accused after the probe.,କ୍ରାଇମବ୍ରାଂଚ ତଦନ୍ତ ଭାର ନେବା ପରେ ଅଭିଯୁକ୍ତଙ୍କୁ ରିମାଣ୍ଡରେ ନେଇଛି ।,ଅଭିଯୁକ୍ତ ଅଭିଯୁକ୍ତ ଅଭିଯୁକ୍ତ ଅଭିଯୁକ୍ତ ଅଭିଯୁକ୍ତ ଅଭିଯୁକ୍ତ ଅଭିଯୁକ୍ତ ଅଭିଯୁକ୍ତ ଅଭିଯୁକ୍ତ ଅଭିଯୁକ୍ତ ଗିରଫ କରିଛି।
"to the development of the nation,",ଦେଶର ଉନ୍ନତି ପାଇଁ,ବିକାଶ ପାଇଁ ବିକାଶ ପାଇଁ ବିକାଶ ପାଇଁ ।
"Shri Naqvi said that Ministry of Minority Affairs has worked with commitment to 3E- Education, Employment Empowerment.","ଶ୍ରୀ ନକଭୀ କହିଲେ ଯେ, ସଂଖ୍ୟାଲଘୁ ମନ୍ତ୍ରଣାଳୟ ଥ୍ରୀ-ଇ (ଏଜୁକେସନ, ଏମ୍ପ୍ଲୟମେଣ୍ଟ ଏବଂ ଏମ୍ପାୱାରମେଣ୍ଟ) ପ୍ରତି ପ୍ରତିବଦ୍ଧ ।","ଶ୍ରୀ ନରେନ୍ଦ୍ର ମୋଦୀ କହିଲେ ଯେ, “କୀୟ ଏବଂ ଆର୍ଥିକ ସହାୟତା ଯୋଗାଇ ଦେବାକୁ ହେବ ।"
In this,ଏହି ଅଂଚଳରେ…,ଏହି ସମୟରେ...
However no one was injured in the accident.,ତେବେ ଏହି ଦୁର୍ଘଟଣାରେ କେହି ମୃତାହତ ହୋଇନାହାନ୍ତି।,ତେବେ ଏଥିରେ କେହି ମୃତାହତ ହୋଇ ନାହିଁ।
"National Security Adviser, Ajit Doval, visited the state.",ନିକଟରେ ଜାତୀୟ ସୁରକ୍ଷା ପରାମର୍ଶଦାତା ଅଜିତ ଡୋଭାଲ କାଶ୍ମୀର ଗସ୍ତ କରିଥିଲେ।,ଏହି ଅବସରରେ ରାଜ୍ୟସ୍ତରୀୟ ଅଧିକାରୀମାନେ ଯୋଗ ଦେଇଥିଲେ।
Find Ne_xt,ପରବର୍ତ୍ତୀକୁ ଖୋଜନ୍ତୁ (_x),କି?
"These steps would have been taken much earlier, he added.",ଏପରି ପଦକ୍ଷେପ ବହୁ ଆଗରୁ ନେବାର ଥିଲା ବୋଲି କହିଛନ୍ତି ।,ଏହା ପୂର୍ବରୁ ସେ କହିଛନ୍ତି ଯେ ସେ ଆହୁରି ଅନେକ ପଦକ୍ଷେପ ଗ୍ରହଣ କରାଯିବ ।
No case has been filed in this instance.,ଘଟଣାରେ କୌଣସି ଏତଲା ଦାୟର ହୋଇନାହିଁ ।,ଏ ନେଇ କୌଣସି ମାମଲା ରୁଜୁ ହୋଇଛି ।
"Subsequently, the two developed a relationship.",ଏହାପରେ ଉଭୟଙ୍କ ମଧ୍ୟରେ ପ୍ରେମ ସଂପର୍କ ଗଢ଼ି ଉଠିଥିଲା ।,ପରେ ଦୁଇ ଜଣାଇବାକୁ ମଧ୍ୟ ବହୁତ ଭଲ ସମ୍ପର୍କ ରହିଛି।
The actor won several awards.,ଏଥିରେ ଅନେକ କଳାକାର ଆୱାର୍ଡ ପାଇଥିଲେ।,ଏହି ଫଟୋରେ ଅନେକ ପୁରସ୍କାର ପ୍ରଦାନ କରିଛନ୍ତି।
Guest list,ଅତିଥିଙ୍କ ତାଲିକା, ⁇ 
But not in all places.,କିନ୍ତୁ ସବୁ ସ୍ଥାନରେ ଏମାନଙ୍କୁ ଦେଖିବାକୁ ମିଳେ ନାହିଁ ।,କିନ୍ତୁ ସବୁ କିଛି ସ୍ଥାନରେ ନାହିଁ।
There was telephone bargaining for minister posts.,ମନ୍ତ୍ରୀପଦ ପାଇଁ ଟେଲିଫୋନରେ ସଉଦା ହେଉଥିଲା ।,ତେବେ ଏହି ସମୟରେ କେନ୍ଦ୍ର ମନ୍ତ୍ରୀ ଡ.
Due to which there is a hindrance in the traffic.,ଫଳରେ ଏଠାରେ ଗମନାଗମନ ବ୍ୟବସ୍ଥାରେ ବାଧା ଦେଖା ଦେଇଛି ।,ଫଳରେ ଯାତାୟତରେ ନିଆଁ ଲାଗିଥାଏ ।
He also alleged that police were not saying anything about him.,ସେନେଇ ପୁଲିସ କିଛି କହୁନଥିବା ଅଭିଯୋଗ ହୋଇଛି।,ଏନେଇ ପୋଲିସ ତାଙ୍କୁ ମଧ୍ୟ ଅଭିଯୋଗ କରିଛନ୍ତି ।
"Union Minister of State (Independent Charge) for Information Broadcasting and Sports Youth Affairs Col.Rajyavardhan Rathore (Retd. ), has expressed deep grief and shock over the tragic death of Shri Sahu.",ଶ୍ରୀ ସାହୁଙ୍କ ଦୁଃଖଦ ବିୟୋଗରେ କେନ୍ଦ୍ର ସୂଚନା ଏବଂ ପ୍ରସାରଣ ଏବଂ କ୍ରୀଡ଼ା ଏବଂ ଯୁବ ବ୍ୟାପାର ରାଷ୍ଟ୍ରମନ୍ତ୍ରୀ (ସ୍ୱାଧୀନ ଦାୟିତ୍ୱ) କର୍ଣ୍ଣେଲ ରାଜ୍ୟବର୍ଦ୍ଧନ ରାଠୋର ଗଭୀର ଦୁଃଖ ଏବଂ ଶୋକ ପ୍ରକାଶ କରିଛନ୍ତି ।,"ଶ୍ରୀ ପ୍ରଧାନ ବିଚାରପତି ଶ୍ରୀ ପ୍ରଧାନ ବିଚାରପତି ଶ୍ରୀ ପ୍ରଧାନ ବିଚାରପତି ଶ୍ରୀ ନରେନ୍ଦ୍ର ମୋଦୀ, କେନ୍ଦ୍ର ସରକାରଙ୍କ ଦ୍ୱାରା ଏହି ସୂଚନା ଦେଇଛନ୍ତି ।"
He hoped that the NIA would continue to focus on all the aspects of financing of terrorism and effectively disrupt the channels and networks of funding to the terrorist organizations.,ସେ ଆଶାପ୍ରକାଶ କରିଥିଲେ ଯେ ଏନଆଇଏ ସନ୍ତ୍ରାସବାଦୀମାନଙ୍କୁ ଆର୍ଥିକ ସହାୟତା ପ୍ରଦାନ କରୁଥିବା ସମସ୍ତ ଦିଗ ଉପରେ କଡା ନଜର ରଖିବା ଜାରି ରଖିବ ଏବଂ ଏହି ଉତ୍ସ ତଥା ନେଟୱର୍କ ଗୁଡ଼ିକୁ ଧ୍ୱଂସ କରିବାରେ ସହାୟତା ପ୍ରଦାନ କରିବ ।,ସେ ସମସ୍ତ ତଥ୍ୟ ଏବଂ ସେବା ଏବଂ ସେବା ପ୍ରଦାନ କରିବା ପାଇଁ ସମସ୍ତ ପ୍ରକାର ପଦକ୍ଷେପ ଗ୍ରହଣ କରିବା ପାଇଁ ଏକ ସ୍ୱତନ୍ତ୍ର ବ୍ୟବସ୍ଥା ଗ୍ରହଣ କରାଯିବ ।
Darapuri was arrested in connection with the anti-Citizenship Amendment Act (CAA) protests.,"ସୂଚନାଥାଉ କି, ନାଗରିକତା ସଂଶୋଧନ ଆଇନ୍(ସିଏଏ) କୁ ବିରୋଧ କରିବା ନେଇ ଦାରାପୁରୀଙ୍କୁ ଗିରଫ କରାଯାଇଛି।",ଏହି ଘଟଣାରେ ସଂପୃକ୍ତ ଗିରଫ ହୋଇଥିବା ଗିରଫ କରାଯାଇଛି ।
All of these shook me.,ଏସବୁ ଘଟଣା ମୋତେ ବିବ୍ରତ କରିଥିଲା ।,ଏଥିପାଇଁ ମୁଁ ସବୁ କଥା ।
"later, he was shifted to Bhubaneswar as his condition became critical.",ଅବସ୍ଥା ସଂକଟାପନ୍ନ ହେବାରୁ ତାଙ୍କୁ ଭୁବନେଶ୍ୱର ସ୍ଥାନାନ୍ତର କରାଯାଇଛି।,ପରେ ତାଙ୍କ ଅବସ୍ଥା ଗୁରୁତର ହେବାରୁ ତାଙ୍କୁ କଟକ ବଡ଼ ମେଡିକାଲକୁ ସ୍ଥାନାନ୍ତର କରାଯାଇଥିଲା।
It will keep you healthy.,ଏହା ଆପଣଙ୍କୁ ସୁସ୍ଥ ରଖିବ।,ଏହା ଆପଣଙ୍କ ଭଲ ହେବ।
It should always be kept clean.,ଏହାଙ୍କୁ ସର୍ବଦା ସଫା ରଖିବା ଉଚିତ।,ଏହା ସବୁବେଳେ ଅତିବାହିତ ହୋଇଥାଏ।
Both were admitted to a hospital in a critical condition.,ଗୁରୁତର ଅବସ୍ଥାରେ ଉଭୟଙ୍କୁ ଘଟଗାଁ ମେଡିକାଲରେ ଭର୍ତ୍ତି କରାଯାଇଛି ।,ଉଭୟଙ୍କୁ ଗୁରୁତର ଅବସ୍ଥାରେ ଡାକ୍ତରଖାନାରେ ଭର୍ତ୍ତି କରାଯାଇଛି।
His name is Narayanan Nair.,ତାଙ୍କ ନାଁ ନାରାୟଣ ମଲ୍ଲିକ ।,ତାଙ୍କ ନାଁ ନାମ ଲେଖିବାରେ ଲାଗିଛି।
"In any case, a limited trade deal between India and the US is in the works.","ତେବେ ସେ ଯାହା ହେଉ, ଏବେ ବି ଆମେରିକା ଓ ଭାରତ ମଧ୍ୟରେ ଟ୍ରେଡ୍ ଡିଲ୍ ନେଇ କଥାବାର୍ତ୍ତା ଚାଲିଛି ।","ଆମେରିକା, ଆମେରିକା ଓ ଆମେରିକା ମଧ୍ୟରେ ବିବାଦ ମଧ୍ୟରେ ବିବାଦ ରହିଛି ।"
It has subsequently corrected.,ପରେ ଏହାକୁ ଠିକ୍ କରାଯାଇଥିଲା।,ଏହା ପରେ ଏହା ବେଶ୍ ଆରମ୍ଭ ହୋଇଛି।
There should be a judicious balance of sustainable economic development and environmental protection.,ତାହା ପର୍ଯ୍ୟାବରଣ ସୁରକ୍ଷା ନିମନ୍ତେ ଜରୁରି ବୋଲି ସେ କହିଥିଲେ ।,ଏକ ବିକାଶ ଏବଂ ବିକାଶ ଏବଂ ବିକାଶ କ୍ଷେତ୍ରରେ ବିକାଶ କ୍ଷେତ୍ରରେ ବିକାଶ ଦିଗରେ ପଦକ୍ଷେପ ଗ୍ରହଣ କରାଯିବ ।
India is conducting the biggest vaccination drive in the world.,ଭାରତ ଏବେ ଦୁନିଆର ସବୁଠାରୁ ବଡ଼ ଟିକାକରଣ ଅଭିଯାନ ଚଳାଇଛି।,ଭାରତ-ପାକିସ୍ତାନ ମଧ୍ୟରେ ଏକ ବଡ ବଡ ବଡ ବଡ ବଡ ବଡ ବଡ ବଡ ବଡ ବଡ ବଡ ବଡ ବଡ ବଡ ବଡ ବଡ ବଡ ବଡ ବଡ ବଡ ବଡ ବଡ ବଡ ବଡ ବଡ ବଡ ବଡ ବଡ ବଡ ବଡ ବଡ ବଡ ବଡ ବଡ ବଡ ବଡ ବଡ ବଡ ବଡ ବଡ ବଡ ବଡ ବଡ ବଡ ବଡ ବଡ ବଡ ବଡ ବଡ ବଡ ବଡ ବଡ ବଡ ବଡ ବଡ ବଡ ବଡ ବଡ ବଡ ବଡ ବଡ ବଡ ବଡ ବଡ ବଡ ବଡ ବଡ ବଡ ବଡ ବଡ ବଡ ବଡ ବଡ ବଡ ବଡ ବଡ ବଡ ବଡ ବଡ ବଡ ବଡ ବଡ ବଡ ବଡ ବଡ ବଡ ବଡ ବଡ ବଡ ବଡ ବଡ ବଡ ବଡ ବଡ ବଡ ବଡ ବଡ ବଡ ବଡ ବଡ ବଡ ବଡ ବଡ ବଡ ବଡ ବଡ ବଡ ବଡ ବଡ ବଡ ବଡ ବଡ ବଡ ବଡ ବଡ ବଡ ବଡ ବଡ ବଡ ବଡ
The winners of the competitions were given prizes.,ଖେଳରେ କୃତୀ ପ୍ରତିଯୋଗୀମାନଙ୍କୁ ପୁରସ୍କୃତ କରାଯାଇଥିଲା ।,ଏହି ପୁରସ୍କାର ପ୍ରଦାନ କରାଯାଇଥିଲା।
The incident has caused a tension in the village.,ଏହି ଘଟଣାକୁ ନେଇ ଗ୍ରାମରେ ଉତ୍ତେଜନା ଦେଖାଦେଇଛି ।,ଏହି ଘଟଣା ଘଟିଛି।
"According to the complaint, the accused had an enmity with the woman.","ଅଭିଯୋଗରେ ଯୁବତୀ ଜଣକ ଉଲ୍ଲେଖ କରିଥିଲେ ଯେ, ଅଭିଯୁକ୍ତଙ୍କର ତାଙ୍କ ସହିତ ପ୍ରେମ ସମ୍ପର୍କଥିଲା ।","ଅଭିଯୋଗ ଅନୁସାରେ, ମହିଳା ଜଣକ ଅଭିଯୋଗ ଆଣିଛନ୍ତି, ମହିଳା ଜଣକ ଅଭିଯୋଗ ଆଣିଛନ୍ତି।"
He has a one-year-old daughter.,ତାଙ୍କର ଅଢେଇ ବର୍ଷ ର ଗୋଟିଏ ଝିଅ ଅଛି ।,ତାଙ୍କର ଜଣେ ଝିଅ ଅଛନ୍ତି।
"However, the family members were unaware of the fact.",ହେଲେ ଏ ନେଇ ପରିବାର ଲୋକଙ୍କୁ ଜଣାନଥିଲା।,ହେଲେ ପରିବାର ସଦସ୍ୟମାନେ ଏହି ବିବାହ କରି ଦେଇଥିଲେ।
He was also honoured with Padma Shri by the Government of India for his contribution to Indian Cinema.,ଖାଲି ଏତିକି ନୁହେଁ ଫିଲ୍ମ ଜଗତକୁ ତାଙ୍କର ଉଲ୍ଲେଖନୀୟ ଅବଦାନ ପାଇଁ ସ୍ମିତାଙ୍କୁ ପଦଶ୍ରୀ ସମ୍ମାନରେ ଭାରତ ସରକାର ସମ୍ମାନିତ ମଧ୍ୟ କରିଛନ୍ତି।,ସେ ଭାରତୀୟ ସଂସ୍କୃତିକୁ ପ୍ରଧାନମନ୍ତ୍ରୀ ଶ୍ରୀ ନରେନ୍ଦ୍ର ମୋଦୀ କହିଥିଲେ ।
"Prominent among those present on the occasion were the Speaker of the state Legislative Assembly, ministers, Adviser to the Chief Minister, MPs, legislators, Chief Secretary, Director General of Police, Vice-Chancellors of various universities in the state and members of the Board.","ଏହି କାର୍ୟ୍ୟକ୍ରମରେ ମନ୍ତ୍ରୀ ପରିଷଦର ସଦସ୍ୟ, ସାଂସଦ, ବିଧାୟକ, ମୁଖ୍ୟ ଶାସନ ସଚିବ, ଉନ୍ନୟନ କମିଶନର ପଞ୍ଚାୟତିରାଜ ବିଭାଗର ପ୍ରମୁଖ ସଚିବ, ବିଭିନ୍ନ ବିଭାଗର ବରିଷ୍ଠ ଅଧିକାରୀ, ଜିଲ୍ଲାପାଳ ଓ ପଞ୍ଚାୟତ ପ୍ରତିନିଧିମାନେ ଉପସ୍ଥିତ ଥିଲେ।","ଏହି ଅବସରରେ ରାଜ୍ୟ ସଭାପତି ତଥା ମୁଖ୍ୟମନ୍ତ୍ରୀ ମମତା ବାନାର୍ଜୀ, ରାଜ୍ୟ ସଭାପତି ତଥା ରାଜ୍ୟ ସଭାପତି ତଥା ରାଜ୍ୟ ସଭାପତି ତଥା ରାଜ୍ୟ ସଭାପତି ତଥା ମୁଖ୍ୟମନ୍ତ୍ରୀ ତଥା ରାଜ୍ୟ ସଭାପତି ତଥା ରାଜ୍ୟ ସଭାପତି ତଥା ମୁଖ୍ୟମନ୍ତ୍ରୀ ତଥା ରାଜ୍ୟ ସଭାପତି ତଥା ରାଜ୍ୟ ସଭାପତି ତଥା ରାଜ୍ୟ ସଭାପତି ତଥା ରାଜ୍ୟ ସଭାପତି ତଥା ରାଜ୍ୟ ସଭାପତି ତଥା ରାଜ୍ୟ ସଭାପତି ତଥା ରାଜ୍ୟ ସଭାପତି ତଥା ରାଜ୍ୟ ସଭାପତି ତଥା ରାଜ୍ୟ ସଭାପତି ତଥା ରାଜ୍ୟ ସଭାପତି ତଥା ବରିଷ୍ଠ ଅଧିକାରୀ ଉପସ୍ଥିତ ଥିଲେ ।"
Their families have been informed.,ତେବେ ସେମାନଙ୍କ ପରିବାରକୁ ଖବର କରାଯିବ ।,ସେମାନଙ୍କ ପରିବାର ଲୋକେ ତାଙ୍କୁ ପରିବାର ଲୋକଙ୍କୁ ଖବର ମିଳିଛି।
"Friends, All those people who are present here today they are either teachers or the future leaders.","ସାଥୀଗଣ, ଏଠାରେ ଯେତେ ମଧ୍ୟ ଲୋକ ବସିଛନ୍ତି, ସେମାନେ ହୁଏତ ହେଉଛନ୍ତି ଶିକ୍ଷକ କିମ୍ବା ଭବିଷ୍ୟତର ନେତା ।","ସାଥୀଗଣ, ଭବିଷ୍ୟତ ଓ ଭବିଷ୍ୟତମାନେ ସମସ୍ତେ ଲୋକ, ଭବିଷ୍ୟତ ଲୋକଙ୍କ ଜୀବନଧାରଣ କରି ସେମାନେ ସମସ୍ତେ ଲୋକ ଓ ଭବିଷ୍ୟତ ପାଇଁ ଅଛନ୍ତି ।"
Heavy rainfall is expected in these districts.,ଏହି ଜିଲାମାନଙ୍କରେ ପ୍ରବଳ ବର୍ଷା ହେବାର ସମ୍ଭାବନା ରହିଛି।,ଏହି ଜିଲ୍ଲା ଗୁଡ଼ିକରେ ପ୍ରବଳ ବର୍ଷା ସମ୍ଭାବନା ରହିଛି।
A number of houses have collapsed.,ଅଳ୍ପ କେତକ ସ୍ଥାନରେ ଘର ଭାଙ୍ଗିଛି।,ଅନେକ ଘର ଭିତରେ ଅନେକ ଲୋକ ଆହତ ହୋଇଛନ୍ତି।
Mechanism of function,କାର୍ଯ୍ୟକ୍ରମ ପଦ୍ଧତି, ⁇ A ⁇ A ⁇ 
Some examples are that:,ଏହାର ଉଦାହରଣ ହେଲା :,କିଛି ଦିନ ହେଲା:
She was staying alone in the room.,ଏକଦମ ଏକୁଟିଆ ସେ କୋଠରୀ ଭିତରେ ।,ସେ ଜଣେ ବ୍ୟକ୍ତି ଥିଲେ।
"The violence done to me and to my flesh be upon Babylon, shall the inhabitant of Zion say. and my blood upon the inhabitants of Chaldea, shall Jerusalem say.","""ସଯେୋନ୍ ନିବାସୀଗଣ କହିବେ, ମାେ ପ୍ରତି ଓ ମାରେଆତ୍ମା ପ୍ରତି ବାବିଲ ଯେଉଁ ଦୌରାତ୍ମ୍ଯ କରିଛି ତା'ର ଫଳ ସେ ପାଉ।"""" ଆଉ ୟିରୁଶାଲମ କହିବ, """" ମାରେ ରକ୍ତପାତର ଫଳ କଲଦୀଯମାନଙ୍କ ଉପ ରେ ପଡ଼ୁ।""""""","""ତା'ପରେ ମୁଁ ମାରେ ପ୍ରଭୁମାନେ ମାେତେ କହିଲେ, """"ମୁଁ ତୁମ୍ଭକୁ ମାରେ ପ୍ରଭୁ ମାେତେ ମାେ ସହିତ ମାରେ ପ୍ରଭୁ ମାେତେ ମାେ ସହିତ ମାରେ ପ୍ରଭୁ ମାେତେ ମାେ ସହିତ ମାରେ ପ୍ରଭୁ ମାେତେ ମାେ ସହିତ ମାରେ ପ୍ରଭୁ ମାେତେ ମାେ ସହିତ ମାରେ ପ୍ରଭୁ ମାେତେ ମାେ ସହିତ ମାରେ ପ୍ରଭୁ କରିବ।"
"Cyclist hit by unidentified vehicle, dead",ଅଜଣା ଗାଡି ଧକ୍କାରେ ବାଇକ୍ ଚାଳକ ମୃତ,"ମୃତ ବ୍ୟକ୍ତିଙ୍କର ମୃତ୍ୟୁ ହୋଇଥିବା ବେଳେ ମୃତ, ହତ୍ୟା କଲା ବେଳେ ମୃତ"
So here are a few pointers.,ତେବେ ଏଠାରେ ଆମେ କିଛି ସଙ୍କେତ ସମ୍ପର୍କରେ ସୂଚନା ଦେଉଛୁ।,ତେବେ କିଛି ଦିନ ଧରି ଦେଖିବାକୁ ମିଳିଛି।
Forests and Environment Minister Bikram Keshari Arukh informed...,ଜଙ୍ଗଲ ଓ ପରିବେଶ ମନ୍ତ୍ରୀ ବିକ୍ରମ କେଶରୀ ଆରୁଖ ଏହି ସୂଚନା ଦେଇଛନ୍ତି ।,"ସୂଚନା ଅନୁସାରେ, ପରିବେଶ ମନ୍ତ୍ରୀ ରାଜନାଥ ସିଂହ ଓ ପରିବେଶ ମନ୍ତ୍ରୀ ରାଜନାଥ ସିଂହଙ୍କୁ ସୂଚନା ଦେଇଛନ୍ତି।"
"However, as investigations are on, Police gas not yet clarified how the death happened.",ତେବେ କିଭଳି ଓ କେଉଁ ପରିସ୍ଥିତିରେ ତାଙ୍କର ମୃତ୍ୟୁ ହୋଇଛି ସେନେଇ କୌଣସି ସ୍ପଷ୍ଟ ସୂଚନା ମିଳିନଥିବା ବେଳେ ପୁଲିସ ତଦନ୍ତ ଜାରି ରଖିଛି।,"ତେବେ କେଉଁ କାରଣରୁ ଏହି ଘଟଣା ଘଟିଛି, ତାହା ସ୍ପଷ୍ଟ ହୋଇନାହିଁ।"
The video is being widely shared on social media.,ସୋସିଆଲ୍ ମିଡିଆରେ ଅନେକ ଭିଡିଓ ଭାଇରାଲ୍ ଦେଖିବାକୁ ମିଳୁଛି।,ସୋସିଆଲ ମିଡିଆରେ ଭାଇରାଲ ହେବାରେ ଲାଗିଛି।
He also said he will not campaign for the BJP.,ବିଜେପି ବିରୋଧରେ ମଧ୍ୟ ପ୍ରଚାର ଅଭିଯାନରେ ସେ ସାମିଲ ହେବେ ବୋଲି ଖୋଲାଖୋଲି କହିଛନ୍ତି।,"ସେ କହିଛନ୍ତି, ବିଜେପି ପାଇଁ ମଧ୍ୟ କହିଛନ୍ତି।"
He said people have discarded the Congress and chosen the BJP as the only alternative to the BJD in Odisha.,ଓଡ଼ିଶାରେ ମଧ୍ୟ କଂଗ୍ରେସକୁ ଲୋକମାନେ ପ୍ରତ୍ୟାଖ୍ୟାନ କରି ବିଜେପିକୁ ବିଜେଡିର ଏକମାତ୍ର ବିକଳ୍ପ ସ୍ଥାନରେ ବସାଇଛନ୍ତି।,ବିଜେପି ଓ କଂଗ୍ରେସ ମଧ୍ୟରେ କଂଗ୍ରେସ ବିଧାୟକ ଦଳ ନେତା ନରସିଂହ ମିଶ୍ରିତ କରିଛି।
"The capital infusion of Rs.3,475 Crore will be allocated to three PSGICs viz. OlCL, NICL and UIICL as the first tranche in the current financial year and the.","ତିନୋଟି ସାଧାରଣ ବୀମା କମ୍ପାନୀ ଓଆଇସିଏଲ, ଏନଆଇସିଏଲ ଏବଂ ୟୁଆଇଆଇସିଏଲକୁ ଏହି ପୁଞ୍ଜି ପ୍ରବାହର ପ୍ରଥମ ଭାଗ ସ୍ବରୂପ ଚଳିତ ଆର୍ଥିକ ବର୍ଷରେ 3,475 କୋଟି ଟଙ୍କା ଆବଣ୍ଟନ କରି ଦିଆଯିବ।","ଏହି ଯୋଜନା ଅଧୀନରେ, ଆଇଏଆଇଏସ୍ଟି (ଆଇ) ଏବଂ ଆର୍ଥିକ ବର୍ଷରେ 332ଟି ରାଜ୍ୟ ଓ)ର 36ଟି ରାଜ୍ୟ ଓ)ର 36ଟି ରାଜ୍ୟ ଓ)ର ପ୍ରଥମ ଭାରତୀୟ ଦଳ ନେତା ଏହି ଯୋଜନା ମାଧ୍ୟମରେ ଏହି ଯୋଜନା ମାଧ୍ୟମରେ ଏହି ଯୋଜନା ମାଧ୍ୟମରେ ଏହି ଯୋଜନା ମାଧ୍ୟମରେ ଏହି ଯୋଜନା ମାଧ୍ୟମରେ ଏହି ଯୋଜନା ମାଧ୍ୟମରେ ଏହି ପରୀକ୍ଷା କରାଯାଇଛି ।"
This is affecting us a lot.,ଯାହା ଆମ ଉପରେ ବେଶ୍ ପ୍ରଭାବ ପକାଇଥାଏ ।,ଏହା ଆମ ଏକ ବଡ଼ ଭୂମିକା ରହିଛି।
"According to the police, he was doubtful about the character of his wife.","ପୋଲିସ୍ ସୁଚନାମୁତାବକ, ସେ ତାର ସ୍ତ୍ରୀ(ଶବା ଖେର) ର ଚରିତ୍ର ଉପରେ ସନ୍ଦେହ କରୁଥିଲା ।",ପୋଲିସ ତାଙ୍କ ପତ୍ନୀଙ୍କୁ ହତ୍ୟା କରାଯାଇଥିବା ବେଳେ ପୋଲିସ ତାଙ୍କୁ ହତ୍ୟା କରାଯାଇଥିବା ସୂଚନା ଦେଇଛନ୍ତି।
This had to happen.,ଏହା ହିଁ ହେବାର ଥିଲା ।,ଏହା ମଧ୍ୟ ଏହା ଥିଲା।
Efforts to rescue others are underway.,ତେବେ ଅନ୍ୟମାନଙ୍କ ଉଦ୍ଧାର ପାଇଁ ଲଗାତର ଉଦ୍ୟମ ଜାରି ରଖାଯାଇଛି ।,ଉଦ୍ଧାର କାର୍ଯ୍ୟ ଜାରି ରହିଛି।
He did not look back.,ପଛକୁ ଫେରି ଚାହିଁ ନାହାନ୍ତି।,ସେ ଆଉ ଫେରିନଥିଲେ ।
If seats remain vacant the third list will be released.,ସିଟ୍ ଖାଲି ପଡିଲେ ତୃତୀୟ ପର୍ଯ୍ୟାୟ ନାମଲେଖା ତାଲିକା ପ୍ରକାଶ ପାଇବ ।,ଯଦି ୧ଟି ଲୋକସଭା ଆସନ ରହିବ।
The Guidelines are available at www.mca.gov.in and www.ibbi.gov.in.,ନିର୍ଦ୍ଦେଶନାମାଗୁଡ଼ିକ www.mca.gov.in and www.ibbi.gov.in.,ଏହି ଆଜାଡିୟା ଓ ଜନ୍ ଓ ଜଜ୍ ଲିଷ୍ଟିକ୍ ।
So dont be afraid.,ତେଣୁ ଏଥିରେ କିଛି ଭୟ କରିବାର ନାହିଁ।,ତେଣୁ ଏହାକୁ ନେଇ ନାହିଁ।
The incident has shocked the whole area.,ଏହି ଘଟଣାପରେ ସାରା ଅଞ୍ଚଳରେ ଚାଞ୍ଚଲ୍ୟ ଖେଳିଯାଇଛି ।,ଏହି ଘଟଣା ସମଗ୍ର ଅଞ୍ଚଳରେ ଉତ୍ତେଜନା ସୃଷ୍ଟି କରିଛି।
"Directed by David Dhawan, the film is produced by Sajid Nadiadwala.",ସାଜିଦ୍ ନାଡ଼ିଆଜ୍ଓ୍ଵାଲାଙ୍କ ପ୍ରଯୋଜିତ ଏହି ଫିଲ୍ମର ନିର୍ଦ୍ଦେଶକ ହେଲେ ଡ଼େଭିଡ଼୍ ଧଓ୍ଵନ୍।,ଏହି ଫିଲ୍ମରେ ମୁଖ୍ୟ ଭୂମିକାରେ ଅଭିନୟ କରିଛନ୍ତି।
But the police foiled their attempt.,ମାତ୍ର ପୁଲିସ ସେମାନଙ୍କ ଯୋଜନା ବିଗାଡ଼ି ଦେଲା।,କିନ୍ତୁ ପୋଲିସ ସେମାନଙ୍କ ଉପରେ ଆକ୍ରମଣ କରିଥିଲେ ।
We want our city to be safe for women.,ସେ କହିଲେ: ସହର ମହିଳାମାନଙ୍କ ନିମନ୍ତେ ନିରାପଦ ହେଉ ବୋଲି ମୁଁ ନିଶ୍ଚିତ କରାଇବାକୁ ଚାହୁଁଛି।,ଆମେ ସମସ୍ତେ ଭଲ କାମ କରିବା ପାଇଁ ଆମେ ସମସ୍ତେ କାମ କରୁଛୁ।
It is proposed to provide Rs.3357.10 crore in the budget of Housing & Urban Development Department.,ତଦନୁଯାୟୀ ଗୃହ ନିର୍ମାଣ ଓ ନଗର ଉନ୍ନୟନ ବିଭାଗ ନିମନ୍ତେ 3357 କୋଟି 10 ଲକ୍ଷ ଟଙ୍କାର ବ୍ୟୟ ବରାଦ କରାଯାଇଛି ।,ଏହା ଆର୍ଥିକ ବର୍ଷରେ 33 କୋଟି ଟଙ୍କା ବ୍ୟୟବରାଦ କରାଯାଇଛି ।
All preparations have started.,ଏବେଠାରୁ ସମସ୍ତ ପ୍ରସ୍ତୁତି ଆରମ୍ଭ କରି ସାରିଲିଣି।,ଏଥିପାଇଁ ଆରମ୍ଭ ହୋଇଛି।
which he died.,ଯାହାକୁ ମୃତ୍ୟୁ ଛିଡ଼ାଇ ଦେଲା ।,ଯାହା ତାଙ୍କର ମୃତ୍ୟୁ ଘଟିଥିଲା।
India vs New Zealand: Team India practices ahead of ODI series opener,ଆସନ୍ତାକାଲିଠୁ ଭାରତ-ନ୍ୟୁଜିଲାଣ୍ଡ ଦିନିକିଆ ସିରିଜ୍ : ନାପିୟରରେ ନ୍ୟୁଜିଲାଣ୍ଡକୁ ଭେଟିବାକୁ ବିରାଟ ବାହିନୀ ପ୍ରସ୍ତୁତ,ଭାରତ- “ଆଲ୍କରେ ଭାରତ-ଇଏସଆଇଆରସିଟିସି)
Pour a spoonful of the batter on it.,ଏଥିରେ ଗୋଟେ ଚାମଚ ବଟର ପକାଇବେ।,ଏହା ଦ୍ୱାରା ପରିଚାଳିତ ଏକ ଜନମ୍ରେ ପ୍ରବେଶ କରିବା ପାଇଁ ଏକ ଫଟୋ।
"Also I heard the voice of the Lord, saying, Whom shall I send, and who will go for us? Then said I, Here am I. send me.","""ତା'ପ ରେ ମୁଁ ସଦାପ୍ରଭୁଙ୍କର ସ୍ବର ଶୁଣିଲି। ସେ କହିଲେ, """"ମୁଁ କାହାକୁ ପଠାଇବି ? କିଏ ଆମ୍ଭମାନଙ୍କ ପାଇଁ ୟିବ?'""","""ତା'ପରେ ମୁଁ ତୁମ୍ଭକୁ କହିଲେ, """"ମୁଁ ତୁମ୍ଭକୁ ମାେ ସହିତ ମୁଁ ତୁମ୍ଭକୁ ମାେ ସହିତ ମୁଁ ତୁମ୍ଭକୁ କରିବ। ମୁଁ ତୁମ୍ଭକୁ ମାେ ସହିତ ମୁଁ ତୁମ୍ଭକୁ ମାେ ସହିତ, """"ମୁଁ ତୁମ୍ଭକୁ କରିବ। ମୁଁ ତୁମ୍ଭକୁ ମାେ ସହିତ, """"ତୁମ୍ଭେ ମାେ ସହିତ, ମୁଁ ତୁମ୍ଭକୁ କରିବ। ମୁଁ ତୁମ୍ଭକୁ କରିବ।"
"Social media platforms like Facebook, Twitter and WhatsApp are also under the scanner.","ଫେସବୁକ୍, ହ୍ବାଟ୍ସଆପ, ଟ୍ବିଟର ଭଳି ସାମାଜିକ ଗଣମାଧ୍ୟମ (ସୋସିଆଲ ମିଡିଆ) ଉପରେ ମଧ୍ୟ କଡା ନଜର ରଖାଯାଇଛି।","ସେହିପରି ସୋସିଆଲ ମିଡିଆରେ, ସାମାଜିକ ଗଣମାଧ୍ୟମରେ ଓ ସାମାଜିକ ଗଣମାଧ୍ୟମରେ ସମସ୍ୟା ରହିଛି।"
Two security force personnel were injured in the gunfight.,ଏହି ଘଟଣାରେ ସୁରକ୍ଷା ବାହିନୀର ଗୁଳିରେ ଦୁଇ ନକ୍ସଲ ପ୍ରାଣ ହରାଇଥିଲେ।,ଦୁଇ ଜଣ କର୍ମଚାରୀ ଓ କର୍ମଚାରୀ ଆହତ ହୋଇଛନ୍ତି।
youll also be at rest.,ତମେ ବି ଆରାମ କରିବ ।,ଆପଣ ମଧ୍ୟ ଭଲ ରହିବ।
This will help you to improve your performance.,ଏପରି ହେବା ଦ୍ୱାରା ଆପଣଙ୍କ କାର୍ଯ୍ୟଦକ୍ଷତା ମଧ୍ୟ ବଢ଼ିବାର ସମ୍ବାବନା ରହିଛି ।,ଏହା ଆପଣଙ୍କ ପାଇଁ ଆପଣଙ୍କୁ ଆପଣଙ୍କ ସହାୟତା କରିବେ।
"However, the bleeding didn't stop.",ହେଲେ ରକ୍ତଧାର ବନ୍ଦ ହୋଇନଥିଲା।,ହେଲେ ଏହି ସମୟରେ ଏହି ସୂଚନା ମିଳି ନଥିଲା।
Shiv Sena and BJP are in an alliance.,ନିଜନିଜ ଜିଦ୍ରେ ଅଟଳ ଅଛନ୍ତି ଶିବସେନା ଓ ବିଜେପି ।,ବିଜେପି ଓ ଶିବସେନା ବିଜେପି ଓ ଶିବସେନା।
He was in the close circles of former prime minister late Atal Behari Vajpayee.,ସେ ସ୍ୱର୍ଗତଃ ପ୍ରଧାନମନ୍ତ୍ରୀ ଅଟଳ ବିହାରୀ ବାଜପେୟୀଙ୍କର ଅତି ଘନିଷ୍ଠ ଥିଲେ ବୋଲି ସୂଚନା ମିଳିଛି ।,"ସେ କହିଛନ୍ତି ଯେ, ପୂର୍ବତନ ପ୍ରଧାନମନ୍ତ୍ରୀଙ୍କ କାର୍ଯ୍ୟାଳୟକୁ ନେଇ ପ୍ରଧାନମନ୍ତ୍ରୀ ମନମୋହନ ସିଂହ ଧୋନିଙ୍କ କାର୍ଯ୍ୟାଳୟକୁ ନେଇ ସେ ପୂର୍ବତନ ପ୍ରଧାନମନ୍ତ୍ରୀ ମନମୋହନ ସିଂହଙ୍କୁ ଭେଟିଥିଲେ।"
India will extend all possible help in realizing his dream of multi-disciplinary super-specialty hospital in Bhutan.,ଭୂଟାନରେ ବହୁମୁଖୀ ସୁପର ସ୍ପେଶାଲିଟି ହସପିଟାଲ ପ୍ରତିଷ୍ଠା ଲାଗି ତାଙ୍କର ସ୍ୱପ୍ନକୁ ସାକାର କରିବାରେ ଭାରତ ଯଥାସମ୍ଭବ ସହାୟତା କରିବ ।,ଭାରତରେ ଏକ ଘରୋଇ ହସ୍ପିଟାଲରେ ଭର୍ତ୍ତି କରାଯାଇଛି ।
Send the grab directly to the clipboard,ରିଙ୍ଗ ତାଲିକାର ପ୍ରତିମୂର୍ତ୍ତିକୁ ସଜାଡନ୍ତୁ, ⁇ S ⁇ S ⁇ S ⁇ S ⁇ S ⁇ S ⁇ S ⁇ S ⁇ S ⁇ S ⁇ S ⁇ S ⁇ S ⁇ S ⁇ S ⁇ S ⁇ S ⁇ S ⁇ S ⁇ S ⁇ S ⁇ S ⁇ S ⁇ S ⁇ S ⁇ S ⁇ S ⁇ S ⁇ S ⁇ S ⁇ S ⁇ S ⁇ S ⁇ S ⁇ S ⁇ S ⁇ S ⁇ S ⁇ S ⁇ S ⁇ S ⁇ S ⁇ S ⁇ S ⁇ S ⁇ S ⁇ S ⁇ S ⁇ S ⁇ S ⁇ S ⁇ S ⁇ S ⁇ S ⁇ S ⁇ S ⁇ S ⁇ S ⁇ S ⁇ S ⁇ S ⁇ S
"The party has, however, not declared its candidate for the seat.",ତେଣୁ ଦଳ ଏହି ଆସନରେ ପ୍ରାର୍ଥୀ ଘୋଷଣା କରିନି।,ତେବେ ନିର୍ବାଚନ ପୂର୍ବରୁ ନିର୍ବାଚନ ପୂର୍ବରୁ ପ୍ରାର୍ଥୀ ଘୋଷଣା କରିନି।
An FIR has been lodged against them.,ଏମାନଙ୍କ ବିରୋଧରେ FIR ଦାଖଲ ହୋଇଛି ।,ସେମାନଙ୍କ ବିରୋଧରେ ମାମଲା ରୁଜୁ କରାଯାଇଛି।
The loan will be repaid to the Government from sale proceeds of the HAL land.,ଏଚଏଏଲର ଭୂମି ବିକ୍ରୀ ପରେ ମିଳିଥିବା ଅର୍ଥରେ ସରକାରଙ୍କର ଏହି ଋଣ ପରିଶୋଧ କରାଯିବ ।,ଏହି ଯୋଜନା ପାଇଁ ସରକାର ଗଠନ କରାଯିବ ।
Some trains have been partially cancelled.,ସେହିପରି କିଛି ଟ୍ରେନକୁ ଆଂଶିକ ଭାବେ ବାତିଲ କରାଯାଇଛି।,କିଛି ସ୍ଥାନରେ ଘଡ଼ଘଡ଼ି ସହ କିଛି ସୂଚନା ମିଳିଛି।
BJP or not?,ବିଜେପିରୁ ଭୁବନ ନା ବିଷ୍ଣୁ?,ବିଜେଡି କିମ୍ବା ବିଜେପି କିମ୍ବା ବିଜେପି ନୁହେଁ?
It is not known why he was targeted.,ତେବେ କାହିଁକି ତାଙ୍କ ଉପରେ ଆକ୍ରମଣ କରାଯାଇଥିଲା ସେନେଇ କିଛି ସ୍ପଷ୍ଟ ହୋଇନାହିଁ ।,ତେବେ ସେ କାହିଁକି ତାହା ସ୍ପଷ୍ଟ ହୋଇନାହିଁ।
"This is a nation that is a valued friend, home to so many Indians, but never has an Indian Prime Minister visited there.","ବାହାରିନ ଭାରତର ଅନ୍ତରଙ୍ଗ ବନ୍ଧୁ, ମାତ୍ର କୌଣସି ଭାରତୀୟ ପ୍ରଧାନମନ୍ତ୍ରୀ ସେଠାକୁ ଯାଇ ନାହାନ୍ତି ।","ଏହା ଏକ ବଡ଼ ଭୂମିକା ଗ୍ରହଣ କରେ, ବରଂ ଭାରତ ଏକ ବଡ଼ ଭୂମିକା ରହିଛି ।"
State Culture Minister A.K.,ରାଜ୍ୟ ସଂସ୍କୃତି ମନ୍ତ୍ରୀ ଅଶୋକ…,ରାଜ୍ୟ ସରକାରଙ୍କ ଜଣେ ମନ୍ତ୍ରୀ ଥିଲେ।
"And all his acquaintance, and the women that followed him from Galilee, stood afar off, beholding these things.",ଯୀଶୁଙ୍କର ଅନ୍ତରଙ୍ଗ ବନ୍ଧୁମାନେ ସଠାେରେ ଉପସ୍ଥିତ ଥିଲେ। ତା'ଛଡା ଯୀଶୁଙ୍କୁ ଗାଲିଲୀରୁ ଅନୁସରଣ କରି ଆସିଥିବା ଅନକେ ସ୍ତ୍ରୀ ଲୋକ ସଠାେରେ ଥିଲେ। ସମାନେେ କୃଶଠାରୁ ଦୂର ରେ ଠିଆ ହାଇେ ଏସବୁ ଦେଖୁଥିଲେ।,"""ତା'ପରେ ସହେି ସ୍ତ୍ରୀ ଲୋକକୁ ମଧ୍ଯ ୟଜ୍ଞ କରିବା ପାଇଁ, """"ମୁଥିବା ସମସ୍ତ ଲୋକକୁ ମଧ୍ଯ ସମାନେେ ଏକ ୟଜ୍ଞ କରିବା ପାଇଁ, """"ତୁମ୍ଭେ ସହେି ସ୍ଥାନ ରେ ଏକ ୟାରକ୍ସ୍ଟଇଗେଲେ।"
"Pensioners can submit the digital life certificate at any EPFO office or pension disbursing bank, common service centre or even through the UMANG app.","– ଅନ୍ଲାଇନ୍ ପେନ୍ସନ୍ ବିତରଣ ବ୍ୟାଙ୍କ, ଉମାଙ୍ଗ ଆପ୍ କିମ୍ବା ସାଧାରଣ ସେବା କେନ୍ଦ୍ର ମାଧ୍ୟମରେ ଜୀବନ ପ୍ରମାଣପତ୍ର ଦାଖଲ କରାଯାଇପାରିବ।",(ଆଇ) ଏବଂ ଇଏ-ଇଏସଆଇଏମ ଜରିଆରେ ଏହି କ୍ଷେତ୍ରରେ କୌଣସି ପ୍ରକାର ସହାୟତା ଯୋଗାଇ ଦିଆଯିବ କିମ୍ବା ମେସେନ୍ସ ଜରିଆରେ ଏହି ନିୟମ ଉଲ୍ଲଂଘନ କଲେଜର କୌଣସି ପ୍ରକାର ସହାୟତା କରିପାରିବେ ।
"Kaniyan Pungunranar, a Tamil Scholar had declared more than two millennia ago, Yaathum Oore Yavarum Kelir, meaning Every town is hometown and all people are our kin. And, you have captured the true spirit of that saying.","କନିୟାନ୍ ପୁଙ୍ଗୁର୍ଣ୍ଣାର୍ ଜଣେ ତାମିଲ ବିଦ୍ୱାନ୍ ଦୁଇ ହଜାର ବର୍ଷ ପୂର୍ବେ ଘୋଷଣା କରିଥିଲେ କି ୟାଥୁମ ଓରେ. ୟବରମ୍ କେଲର, ଯାହାର ଅର୍ଥ ହେଉଛି “ପ୍ରତ୍ୟେକ ସହର, ନିଜସ୍ୱ ଗୃହ, ସହର ଏବଂ ସମସ୍ତ ଲୋକ ହେଉଛନ୍ତି ଆମର ନିଜ ପରିଜନ” । ଆଉ ଆପଣମାନେ ସେହି ବାଣୀର ସତ୍ୟ ଭାବନା ସହ ତାହାକୁ ଧରି ରଖିଛନ୍ତି ।","""ସୀନଦୌଲ, """"ମୁଦୋଦ୍ଦା, """"ମୁଦ, """"ମୁଦ, """"ମୁଦ, """"ଆଲ, """"ମୁଦ, """"ଆଲ, """"ଆଲ, """"ଆଲ, """"ଆଲ, """"ଆଲ, """"ଆଲ, """"ମୁଦ, """"ଆଲ, ଏହା ଏକ ବଡ଼ କାରଣ, """"ଆଲ, """"ଆଲ, ଏହା ଏକ ବଡ଼ କାରଣ, ଏହା ଏକ ବଡ଼ କାରଣ, ଏହା ଏକ ବଡ଼ କାରଣ, ଏହା ଏକ ବଡ଼ କାରଣ, ଏହା ଏକ ବଡ଼ କାରଣ, ଏହା ଏକ ବଡ଼ କାରଣ, ଏହା ଏକ ବଡ଼ କାରଣ, ‘ସସ୍, ‘ସସ୍’ ଏବଂ ଏକ ବିରାଟ"
Ive seen that happen in London.,ଏଭଳି ଘଟଣା ଲଣ୍ଡନରେ ଘଟିଛି।,ମୁଁ କିଛି ଲୋକ ଏହି ସମୟରେ ମୁଁ କିଛି କହିଥିଲି।
"Revenue, Woman and Child Development, School Education, Social Welfare, Urban Development Authority, Municipal Corporations, Agriculture, Panchayat Volunteer Organisations will be assisting the Health Department in the conduct of the programme.","ଏଥିପାଇଁ ସ୍ବାସ୍ଥ୍ୟ ବିଭାଗ, ବିଦ୍ୟାଳୟ ଓ ଗଣଶିକ୍ଷା, ମହିଳା ଓ ଶିଶୁ କଲ୍ୟାଣ, ନଗର ଉନ୍ନୟନ, ଗ୍ରାମ୍ୟ ଉନ୍ନୟନ, ଅନୁସୂଚିତ ଜାତି ଓ ଜନଜାତି କଲ୍ୟାଣ, ପଞ୍ଚାୟତିରାଜ ଓ ପାନୀୟ ଜଳ ବିଭାଗ ସହାୟତାରେ ଏହି ଅଭିଯାନ ଚାଲିବ।","ଏହି ଯୋଜନା, ସ୍ୱାସ୍ଥ୍ୟ, ସ୍ୱାସ୍ଥ୍ୟ, ଶିକ୍ଷା, ଶିକ୍ଷା, ଶିକ୍ଷା, ଶିକ୍ଷା, ଶିକ୍ଷା, ଶିକ୍ଷା, ଶିକ୍ଷା, ଶିକ୍ଷା, ଶିକ୍ଷା, ଶିକ୍ଷା, ଶିକ୍ଷା, ଶିକ୍ଷା, ଶିକ୍ଷା, ଶିକ୍ଷା, ଶିକ୍ଷା, ଶିକ୍ଷା, ଶିକ୍ଷା, ଶିକ୍ଷା, ଶିକ୍ଷା, ଶିକ୍ଷା, ଶିକ୍ଷା ଓ ଶିକ୍ଷା ଓ ଶିକ୍ଷା ଓ ଶିକ୍ଷା ବିଭାଗରେ ଶିକ୍ଷା ବିଭାଗ ଓ ଶିକ୍ଷା ବିଭାଗରେ ଶିକ୍ଷା ବିଭାଗରେ ଶିକ୍ଷା ବିଭାଗରେ ଶିକ୍ଷା ବିଭାଗରେ ଶିକ୍ଷା ବିଭାଗରେ ଶିକ୍ଷା ବିଭାଗରେ ଶିକ୍ଷା ବିଭାଗରେ ଶିକ୍ଷା ବିଭାଗରେ ଶିକ୍ଷା ବିଭାଗରେ ଶିକ୍ଷା ବିଭାଗରେ ଶିକ୍ଷା ବିଭାଗରେ ଉପଲବ୍ଧ ହେବ ।"
There are many more examples.,ଆହୁରି ଅନେକ ଉଦାହରଣ ରହିଛି ।,ଅନେକ ଅନେକ ଅନେକ ଅନେକ ଅନେକ କଥା।
Construction workers stage protest,ନିର୍ମାଣ ଶ୍ରମିକଙ୍କ ବିକ୍ଷୋଭ,ବିରୋଧୀଙ୍କ ମୃତ୍ୟୁ
Biju Janata Dal member Bhartruhari Mahtab said a member has to give prior notice before levelling allegations against another member.,ଜଣେ ସଦସ୍ୟଙ୍କ ବିରୋଧରେ ବ୍ୟକ୍ତିଗତ ଆକ୍ଷେପ ପୂର୍ବରୁ ନିୟମ ଅନୁସାରେ ପ୍ରଥମେ ନୋଟିସ୍ ଦେବା ଉଚିତ୍ ବୋଲି ବିଜେଡି ସାଂସଦ ଭର୍ତ୍ତୃହରି ମହତାବ କହିଥିଲେ।,ଏ ନେଇ ରାଜନୀତି ବିରୋଧରେ ମାମଲା ରୁଜୁ କରି ପାରିବେ ବୋଲି କହିଛନ୍ତି।
Jaishankar had recently visited Bhutan as Defence Minister Nirmala Sitharaman also visited India-China border in Sikkim.,ଏହା ପୂର୍ବରୁ ପ୍ରତିରକ୍ଷା ମନ୍ତ୍ରୀ ନିର୍ମଳା ସୀତାରମଣ ଭାରତ-ଚୀନ୍ ସୀମାନ୍ତ ଅଞ୍ଚଳକୁ ଗସ୍ତ କରି ସେଠାର ଘାଟି ଅଞ୍ଚଳର ସୁରକ୍ଷା ବ୍ୟବସ୍ଥାର ତଦାରଖ କରିଥିଲେ।,ପ୍ରତିରକ୍ଷା ମନ୍ତ୍ରୀ ରାଜନାଥ ସିଂହ କହିଛନ୍ତି ଯେ ପ୍ରତିରକ୍ଷା ମନ୍ତ୍ରୀ ଭାରତ- “ସ- “ସ- “ଆଲମୋକ୍ବରେ ଥିଲେ ।
The Congress said JD(S) was the BJPs B team.,କଂଗ୍ରେସ କହିଛି ଯେ ଜେଡିଏସ୍ ବିଜେପିର ‘ବି ଟିମ୍’ ଭଳି କାର୍ଯ୍ୟ କରୁଛି।,ବିଜେପି ଦଳ ବିଜେପି ପକ୍ଷରୁ କଂଗ୍ରେସ ଦଳ ପକ୍ଷରୁ ଦଳ ପକ୍ଷରୁ ସୂଚନା ଦିଆଯାଇଛି।
You have to be aware.,ସଚେତନ ହେବା ଦରକାର।,ଆପଣ ନିଜ ନିଜ ନିଜ ନିଜ ନିଜ ନିଜ ନିଜ ନିଜ ନିଜ ନିଜ ନିଜ ନିଜ ନିଜ ନିଜ ନିଜ ନିଜ ନିଜ ନିଜ ନିଜ ନିଜ ନିଜ ନିଜ ନିଜ ନିଜ ନିଜ ନିଜ ନିଜ ନିଜ ନିଜ ନିଜ ନିଜ ନିଜ ନିଜ ନିଜ ନିଜ ନିଜ ନିଜ ନିଜ ନିଜ ନିଜ ନିଜ ନିଜ ନିଜ ନିଜ ନିଜ ନିଜ ନିଜ ନିଜ ନିଜ ନିଜ ନିଜ ନିଜ ନିଜ ନିଜ ନିଜ ନିଜ ନିଜ ନିଜ ନିଜ ନିଜ ନିଜ ନିଜ ନିଜ ନିଜ ନିଜ ନିଜ ନିଜ ନିଜ ନିଜ ନିଜ ନିଜ ନିଜ ନିଜ ନିଜ ନିଜ ନିଜ ନିଜ ନିଜ ନିଜ ନିଜ ନିଜ ନିଜ ନିଜ ନିଜ ନିଜ ନିଜ ନିଜ ନିଜ ନିଜ ନିଜ ନିଜ ନିଜ ନିଜ ନିଜ ନିଜ ନିଜ ନିଜ ନିଜ ନିଜ ନିଜ ନିଜ ନିଜ ନିଜ ନିଜ ନିଜ ନିଜ ନିଜ ନିଜ ନିଜ ନିଜ ନିଜ ନିଜ ନିଜ ନିଜ ନିଜ ନିଜ ନିଜ ନିଜ ନିଜ ନିଜ ନିଜ ନିଜ ନିଜ ନିଜ
"The function was attended by celebrities like Rishi Kapoor, Neetu Kapoor, Randhir Kapoor, Karisma Kapoor, Kiara Advani and Tara Sutaria.","ଏଥିରେ କରୀନା କପୁର, କରନ ଜୋହର, ଅର୍ଜୁନ କପୁର, ଅକ୍ଷୟ କୁମାର, ଅନନ୍ୟା ପାଣ୍ଡେ, ଜାହ୍ନବୀ କପୁର, ଶିଳ୍ପା ସେଟ୍ଟୀ, ରାଜକୁମାର ରାଓ, ତାରା ସୁତାରିଆ ପ୍ରମୁଖ କଳାକାର ସାମିଲ ହୋଇଥିଲେ।","ଏହି ଫିଲ୍ମରେ ମୁଖ୍ୟ ଭୂମିକାରେ ନଜର ଆସିବେ, କପୁର, କପୁର, କପୁର, କପୁର, କପୁର, କପୁର, କପୁର, କପୁର, କପୁର, କପୁର, କପୁର, କପୁର, କପୁର, କପୁର, କପୁର, କପୁର, କପୁର, କପୁର, କପୁର, କପୁର, କପୁର, କପୁର, କପୁର, କପୁର, କପୁର, କପୁର, କପୁର, କପୁର, କପୁର, କପୁର, କପୁର, କପୁର, କପୁର, କପୁର, କପୁର, କପୁର, କପୁର, କପୁର, କପୁର, କପୁର, କପୁର, କପୁର, କପୁର, କପୁର, କପୁର, କପୁର, କପୁର, କପୁର, କପୁର, କପୁର, କପୁର, କପୁର, କପୁର, କପୁର, କପୁର, କପୁର, କପୁର, କପୁର, କପୁର,"
Selection Procedure: Candidates will have to qualify a preliminary test.,ଚୟନ ପ୍ରକ୍ରିୟା: ଆବେଦନକାରୀଙ୍କୁ ପ୍ରଥମେ ଲିଖିତ ପରୀକ୍ଷା ଦେବାକୁ ପଡ଼ିବ।,ଆବଶ୍ୟକ:  ⁇ S ⁇ S ⁇ S ⁇ S ⁇ S ⁇ S ⁇ S ⁇ S ⁇ S ⁇ S ⁇ S ⁇ S ⁇ S ⁇ S ⁇ S ⁇ S ⁇ S ⁇ S ⁇ S ⁇ S ⁇ S ⁇ S ⁇ S ⁇ S ⁇ 
The wedding season is not over for Ranveer Singh and Deepika Padukone yet.,ଦୀପିକା ପାଦୁକୋନ୍ ଓ ରଣବୀର ସିଂହଙ୍କ ପୋଷ୍ଟ େଓ୍ଵଡିଂ ଫଙ୍କସନ୍ ଏଯାବତ୍ ଶେଷ ହୋଇନାହିଁ।,ତେବେ ଏହି ମାମଲାରେ ଉଭୟ ପକ୍ଷଙ୍କ ପାଇଁ ପ୍ରାର୍ଥୀ ହୋଇଛନ୍ତି।
"I am sure you are keeping up-to-date with the latest advances in technology and further connecting your students with the technological trends, the Prime Minister wrote in his letter to teachers.","ପ୍ରଧାନମନ୍ତ୍ରୀ କହିଛନ୍ତି, “ମୋର ଦୃଢ଼ ବିଶ୍ୱାସ ଯେ ଆପଣମାନେ ପ୍ରଯୁକ୍ତିର ସର୍ବାଧୁନିକ ପ୍ରଗତି ସହ ନିଜକୁ ସାମିଲ କରି ଆଗକୁ ଅଗ୍ରସର ହେଉଛନ୍ତି ଏବଂ ଆପଣମାନେ ଛାତ୍ରଛାତ୍ରୀମାନଙ୍କୁ ଭବିଷ୍ୟତର ପ୍ରଯୁକ୍ତିଧାରା ସହ ଯୋଡ଼ି ପାରୁଛନ୍ତି ।”",ପ୍ରଧାନମନ୍ତ୍ରୀଙ୍କ ସହିତ ମୁଁ ନିଜ ନିଜ ନିଜ ନିଜ ନିଜ ନିଜ ନିଜ ନିଜ ନିଜ ନିଜ ନିଜ ନିଜ ନିଜ ନିଜ ନିଜ ନିଜ ନିଜ ନିଜ ନିଜ ନିଜ ନିଜ ନିଜ ନିଜ ନିଜ ନିଜ ନିଜ ନିଜ ନିଜ ନିଜ ନିଜ ନିଜ ନିଜ ନିଜ ନିଜ ନିଜ ନିଜ ନିଜ ନିଜ ନିଜ ନିଜ ନିଜ ନିଜ ନିଜ ନିଜ ନିଜ ନିଜ ନିଜ ନିଜ ନିଜ ନିଜ ନିଜ ନିଜ ନିଜ ନିଜ ନିଜ ନିଜ ନିଜ ନିଜ ନିଜ ନିଜ ନିଜ ନିଜ ନିଜ ନିଜ ନିଜ ନିଜ ନିଜ ନିଜ ନିଜ ନିଜ ନିଜ ନିଜ ନିଜ ନିଜ ନିଜ ନିଜ ନିଜ ନିଜ ନିଜ ନିଜ ନିଜ ନିଜ ନିଜ ନିଜ ନିଜ ନିଜ ନିଜ ନିଜ ନିଜ ନିଜ ନିଜ ନିଜ ନିଜ ନିଜ ନିଜ ନିଜ ନିଜ ନିଜ ନିଜ ନିଜ ନିଜ ନିଜ ନିଜ ନିଜ ନିଜ ନିଜ ନିଜ ନିଜ ନିଜ ନିଜ ନିଜ ନିଜ ନିଜ ନିଜ ନିଜ ନିଜ ନିଜ ନିଜ ନିଜ ନିଜ ନିଜ
10 minutes,10 ମିନିଟ,୧୦ଟି ୧୦ଟି ୧୦ଟି
He was immediately taken to a hospital but doctors declared him dead on arrival.,"ଚିକିତ୍ସା ନିମନ୍ତେ ତୁରନ୍ତ ତାଙ୍କୁ ଡାକ୍ତରଖାନା ନିଆଯାଇଥିଲା, କିନ୍ତୁ ସେଠାରେ ତାକ୍ତରମାନେ ତାଙ୍କୁ ମୃତ ବୋଲି ଘୋଷଣା କରିଥିଲେ।",ତାଙ୍କୁ ତୁରନ୍ତ ତାଙ୍କୁ ମୃତ ଘୋଷଣା କରିଥିଲେ।
"He was a simple, disciplined and affectionate man.","ସେ ଜଣେ କର୍ତ୍ତବ୍ୟ ପରାୟଣ, ସରଳ, ମେଳାପି ଓ ନିଷ୍ଠାପର ବ୍ୟକ୍ତିତ୍ୱ ଥିଲେ ।",ସେ ଏକ ନୂତନ ଓ ସଂସ୍କୃତିର ଏକ ନୂତନ ସ୍ଥାନ ମିଳିଛି ।
"However, the exact cause of the fire is not known yet.",ମାତ୍ର ଅଗ୍ନିକାଣ୍ଡର ପ୍ରକୃତ କାରଣ ଜଣାପଡିନି।,ତେବେ ଅଗ୍ନିକାଣ୍ଡର କାରଣ ସ୍ପଷ୍ଟ ହୋଇନାହିଁ।
"And the angel of God, which went before the camp of Israel, removed and went behind them. and the pillar of the cloud went from before their face, and stood behind them:","""ଏହାପରେ ମିଶରବାସୀ ଜାଣିବେ ଯେ, ମୁଁ ହେଉଛି ସଦାପ୍ରଭୁ ପରମେଶ୍ବର। ସମାନେେ ମାେତେ ସମ୍ମାନ କରିବେ ଯେତବେେଳେ ମୁଁ ଫାରୋ ଏବଂ ତା'ର ରଥା ରୋହୀମାନଙ୍କୁ ଏବଂ ଅଶ୍ବାରୋହୀ ସୈନ୍ଯମାନଙ୍କୁ ପରାସ୍ତ କରିବି।""""""","""ସଦାପ୍ରଭୁ କହନ୍ତି, """"ତୁମ୍ଭେ ସହେିଦିନ ସଦାପ୍ରଭୁ, """"ତୁମ୍ଭେ ସହେିଦିନ ପର୍ୟ୍ଯନ୍ତ ସହେିଦିନ ପର୍ୟ୍ଯନ୍ତ ସହେିଦିନ ପର୍ୟ୍ଯନ୍ତ ସହେି ନଗର କଲେ। ସମାନେେ ସହେି ନଗର କଲେ। ସମାନେେ ସହେି ନଗର କଲେ। ସମାନେେ ସହେି ନଗର କଲେ। ସମାନେେ ସହେି ନଗର କଲେ। ସମାନେେ ସହେି ନଗର କଲେ। ସମାନେେ ସହେି ନଗର କଲେ। ସମାନେେ ସହେି ନଗରକ୍ସ୍ଟ। ସମାନେେ ସହେି ନଗରକ୍ସ୍ଟ। ସମାନେେ ସହେି ନଗରକ୍ସ୍ଟ। ସମାନେେ ସହେି ନଗର କଲେ। ସମାନେେ ସହେି ନଗରକ୍ସ୍ଟ। ସମାନେେ ସହେି ନଗର କଲେ। ସମାନେେ ସହେି ନଗରକ୍ସ୍ଟ। ସମାନେେ ସହେି ନଗର କଲେ। ସମାନେେ ସହେି ନଗରକ୍ସ୍ଟ। ସମାନେେ ସହେି ନଗରକ୍ସ୍ଟ। ସମାନେେ ସହେି ନଗର କଲେ। ସମାନେେ ସହେି ନଗର କଲେ। ସମାନେେ ସହେି ନଗର କଲେ। ସମାନେେ ସହେି ନଗର କଲେ।"
It also serves as a bridge to a shared future.,ଏମାନେ ଆମ ସହଭାଗୀ ଭବିଷ୍ୟତ ପାଇଁ ସେତୁ ଭାବେ କାମ କରୁଛନ୍ତି ।,ଏହା ଏକ ନୂଆ ଏକ ନୂଆ ଏକ ନୂଆ ଦିଗ ପ୍ରଦାନ କରିବା ପାଇଁ ଏକ ନୂଆ ଏକ ନୂଆ ଏକ ନୂଆ ଏକ ନୂଆ ଏକ ନୂଆ ଏକ ନୂଆ ଏକ ନୂଆ ଏକ ନୂଆ ଏକ ନୂଆ ସୁଯୋଗ ସୃଷ୍ଟି ହୋଇଛି।
Time will be favorable for students.,ବିଦ୍ୟାର୍ଥିମାନଙ୍କ ପାଇଁ ସମୟ ଭଲ ରହିବ।,ସମୟ ପାଇଁ ନୂଆ ସୁଯୋଗ ମିଳିବ।
He never did that earlier.,ଆଗରୁ ତ କେବେ ଏମିତି ବ୍ୟବହାର ସେ କରିନାହାନ୍ତି ।,ପୂର୍ବରୁ ସେ କେବେ ବି କେବେ ବି କେବେ ବି କେବେ ବି କେବେ ବି କେବେ ବି କେବେ ବି କେବେ ବି କେବେ ବି କେବେ ବି କେବେ ବି କେବେ ବି କେବେ ବି କେବେ ବି କେବେ ବି କେବେ ବି କେବେ ବି କେବେ ବି କେବେ ବି କେବେ ବି କେବେ ବି କେବେ ବି କେବେ ବି କେବେ ବି କେବେ ବି କେବେ ବି କେବେ ବି କେବେ ବି କେବେ ବି କେବେ ବି କେବେ ବି କେବେ ବି କେବେ ବି କେବେ ବି କେବେ ବି କେବେ ବି କେବେ ବି ନଥିଲା।
The decision to send their children to school lies with parents.,"ଅଭିଭାବକମାନେ ସେମାନଙ୍କ ପିଲାଙ୍କୁ ସ୍କୁଲ୍ ପଠାଇବେ ନା ନାହିଁ, ତାହା ନିଷ୍ପତ୍ତି ନେବେ।",ସେମାନଙ୍କ ପରିବାର ଲୋକଙ୍କ ସହ ଆଲୋଚନା ପାଇଁ ଦାବି କରିଛନ୍ତି।
"However, the exact cause of the fire is not known yet.",ତେବେ ଅଗ୍ନିକାଣ୍ଡର ପ୍ରକୃତ କାରଣ ଜଣାପଡ଼ି ନାହିଁ।,ତେବେ ଅଗ୍ନିକାଣ୍ଡର କାରଣ ସ୍ପଷ୍ଟ ହୋଇନାହିଁ।
INX Media was owned by Peter and Indrani Mukerjea.,ଆଇଏନଏକ୍ସ ମିଡିଆର ମାଲିକାନା ଇନ୍ଦ୍ରାଣୀ ଏବଂ ପିଟର ମୁଖାର୍ଜୀଙ୍କ ହାତରେ ରହିଥିଲା।,"ଏହି ଅବସରରେ ଆୟୋଜିତ ଏକ ସାମ୍ବାଦିକ ସମ୍ମିଳନୀରେ ଆଜା, ସିଜିୟମ ଓ ସିଜିୟମ ଓ ଡିସର୍ମୁଦ ଓ ସିଜିୟମ କରିଥିଲେ।"
Health Minister,ସୂଚନା ଦେଲେ ସ୍ୱାସ୍ଥ୍ୟ ମନ୍ତ୍ରୀ,ସ୍ୱାସ୍ଥ୍ୟମନ୍ତ୍ରୀ
That is why people get bewildered.,ଯେଉଁଥିପାଇଁ ଲୋକେ ଅତାସାହି ।,"ଏହା ହେଉଛି ଯେ, ତାହା ହେଉଛି ।"
Place in the oven.,ଚୁଲାରେ ତାଓ୍ଵା ବସାନ୍ତୁ।,ଫଳରେ ସହରରେ ଦୋକାନ ବଜାର ବନ୍ଦ ରହିଛି।
This had resulted into resentment among the employees.,ଯାହା ଫଳରେ କର୍ମଚାରୀମାନଙ୍କ ମଧ୍ୟରେ ଅସନ୍ତୋଷ ପ୍ରକାଶ ପାଇଛି ।,ଏହାକୁ ନେଇ ଅସନ୍ତୋଷ ପ୍ରକାଶ ପାଇଛି।
"And they answered him, He was an hairy man, and girt with a girdle of leather about his loins. And he said, It is Elijah the Tishbite.","""ବାର୍ତ୍ତାବହମାନେ ଅହସିଯଙ୍କୁ ଉତ୍ତର କଲେ, """" ସେ ଲୋକଟି ଲୋମଶ ବସ୍ତ୍ର ପରିଧାନ କରିଥିଲା ଓ ତା'ର କଟି ରେ ଏକ ଚମଡାର ପଟୁକା ବନ୍ଧା ଥିଲା।""""""","""ତା'ପରେ ସେ କହିଲେ, """"ମୁଁ ତୁମ୍ଭକୁ ଜଣେ ଲୋକକୁ ଏକ ପୁତ୍ର। ସେ କହିଲେ, """"ମୁଁ ସହେି ସ୍ଥାନ ରେ ଏକ ପୁତ୍ର। ସେ ସହେି ସ୍ଥାନ ରେ ଏକ ପୁତ୍ର। ସେ ସହେି ସ୍ଥାନ ରେ ଏକ ପୁତ୍ର। ସେ ସହେି ସ୍ଥାନ ରେ ଏକ ପୁତ୍ର। ସେ ସହେି ସ୍ଥାନ ରେ ଏକ ପୁତ୍ର। ସେ ସହେି ସ୍ତ୍ରୀ ଲୋକକୁ ସେ ସହେି ସ୍ଥାନ ରେ ଏକ ପୁତ୍ର।"
The recommendations by the intel agencies have also been seconded by the National Security Council Secretariat.,ଗୁପ୍ତଚର ଏଜେନ୍ସି ଗୁଡ଼ିକ ଦେଇଥିବା ପ୍ରସ୍ତାବକୁ ଜାତୀୟ ସୁରକ୍ଷା ପରିଷଦ ସଚିବାଳୟ ମଧ୍ୟ ସମର୍ଥନ କରିଥିଲା।,ଏହି କାର୍ଯ୍ୟକ୍ରମରେ ଏକ ସ୍ୱତନ୍ତ୍ର ସୁରକ୍ଷା ପ୍ରଦାନ କରାଯାଇଛି ।
Include food rich in Vitamin A,ଖାଦ୍ୟରେ ଭିଟାମିନ୍ ଏ ଯୁକ୍ତ ଖାଦ୍ୟକୁ ଅଧିକ ମାତ୍ରାରେ ସାମିଲ କରନ୍ତୁ।,ଖାଦ୍ୟରେ ଗୋଟିଏ ବି-ଅକ୍ସିଡା
The police is investigating the cause of the death.,ହତ୍ୟାର କାରଣ ଜଣା ପଡି ନ ଥିବା ବେଳେ ପୋଲିସ ତଦନ୍ତ ଚଳାଇଛି।,ମୃତ୍ୟୁର କାରଣ ଅସ୍ପଷ୍ଟ ରହିଛି।
Banks are closed on this day.,ଧର୍ମଘଟ ଯୋଗୁଁ ଆଜି ବ୍ୟାଙ୍କ୍ ବନ୍ଦ ରହିଛି ।,ଏଥିପାଇଁ ବନ୍ଦ ରହିଛି।
The police raided the spot and nabbed him.,ପୁଲିସ ଏହି ପାରାକୁ କାବୁ କରି ଛାନ୍ଭିନ୍ କରିଥିଲା।,ପୁଲିସ ଘଟଣାସ୍ଥଳରେ ପହଞ୍ଚି ତାଙ୍କୁ ଅଟକ ରଖି ପଚରାଉଚରା କରିଥିଲା।
Prime Ministers...,ପ୍ରଧାନମନ୍ତ୍ରୀଙ୍କ…,ପ୍ରଧାନମନ୍ତ୍ରୀ .
The door was locked from inside.,ଦ୍ୱାର ଭିତରୁ ବନ୍ଦ ଥିଲା।,ଏହି ସମୟରେ କିଛି ସ୍ଥାନରେ ଗଛରୁ ବାହାରି ଆସିଥିଲେ।
Pictures and videos have been going viral on social media.,ଫଟୋ ଓ ଭିଡ଼ିଓ ସାମାଜିକ ଗଣମାଧ୍ୟମରେ ଉପଲବ୍ଧ ହେବା ଦ୍ଵାରା ସମାଜ ଉପରେ ଏହାର କୁପ୍ରଭାବ ପଡ଼ୁଛି ।,ସୋସିଆଲ ମିଡିଆରେ ଭାଇରାଲ ହେବାରେ ଲାଗିଛି।
Applicants will require a degree in English and Maths.,ପ୍ରାର୍ଥୀ ଇଂରାଜୀ ଏବଂ ଗଣିତରେ ପାରଦର୍ଶୀ ହେବା ବାଧ୍ୟତାମୂଳକ।,ଏଥିରେ ଭିଟାମିନ୍ ଓ ଆଣ୍ଟିଅକ୍ସିଡାଣ୍ଟ ବନ୍ଦ ରହିବ।
BJP's undoing in Karnataka,କର୍ଣ୍ଣାଟକରେ ବିଜେପିର ବାଜିମାତ୍,ବିଜେପି ପକ୍ଷରୁ...
"However, the situation is such.",ତା ସତ୍ତ୍ୱେ ବି ଏଭଳି ସ୍ଥିତି ଦେଖିବାକୁ ମିଳିଛି।,ହେଲେ ସ୍ଥିତି ସମ୍ପର୍କରେ ସ୍ଥିତି ବିଗିଡ଼ି ।
The films story is by Baahubali and Bajrangi Bhaijaan writer Vijayendra Prasad.,ଏହି ଫିଲ୍ମର କାହାଣୀ ‘ବାହୁବଳୀ ଓ ’ମଣିକର୍ଣ୍ଣିକା’ର କାହାଣୀକାର ଲେଖକ କବି ବିଜେନ୍ଦ୍ର ପ୍ରସାଦ ଲେଖିଛନ୍ତି।,ଏହି ଫିଲ୍ମରେ ମୁଖ୍ୟ ଭୂମିକାରେ ନଜର ଆସିବେ।
TDP Rajya Sabha MPs joining BJP in the presence of working president J P Nadda at BJP HQ in New Delhi.,ଉପରାଷ୍ଟ୍ରପତିଙ୍କୁ ସାକ୍ଷାତ ସମୟରେ ଟିଡିପି ସାଂସଦଙ୍କ ସହିତ ବିଜେପିର କାର୍ଯ୍ୟକାରୀ ଅଧ୍ୟକ୍ଷ ଜେପି ନଡ୍ଡା ଉପସ୍ଥିତ ରହିଥିଲେ।,"ନୂଆଦିଲ୍ଲୀ: ବିଜେପି ରାଷ୍ଟ୍ରୀୟ ଅଧ୍ୟକ୍ଷ ଅମିତ ଶାହ, ବିଜେପି ରାଷ୍ଟ୍ରୀୟ ଅଧ୍ୟକ୍ଷ ଅମିତ ଶାହ, ବିଜେପି ରାଷ୍ଟ୍ରୀୟ ଅଧ୍ୟକ୍ଷ ଅମିତ ଶାହ, ବିଜେପି ରାଷ୍ଟ୍ରୀୟ ଅଧ୍ୟକ୍ଷ ଅମିତ ଶାହ, ବିଜେପି ରାଷ୍ଟ୍ରୀୟ ଅଧ୍ୟକ୍ଷ ଅମିତ ଶାହ, ବିଜେପି ରାଷ୍ଟ୍ରୀୟ ଅଧ୍ୟକ୍ଷ ଅମିତ ଶାହ, ବିଜେପି ରାଷ୍ଟ୍ରୀୟ ଅଧ୍ୟକ୍ଷ ଅମିତ ଶାହ, ବିଜେପି ରାଷ୍ଟ୍ରୀୟ ଅଧ୍ୟକ୍ଷ ଅମିତ ଶାହ, ବିଜେପି ରାଷ୍ଟ୍ରୀୟ ଅଧ୍ୟକ୍ଷ ଅମିତ ଶାହ, ବିଜେପି ବିଧାୟକ ଦଳ ନେତା।"
X screen to use,ବ୍ଯବହାର ପାଇଁ X ପ୍ରଦର୍ଶିକା,ବ୍ୟବହାର କରନ୍ତୁ (_ ⁇ )
Be cautious while driving vehicle.,ଯାନବାହନରେ ସତର୍କ ରହିବେ ।,ଗାଡି ଚଳାଚଳ ବନ୍ଦ କରନ୍ତୁ।
Rs 4 lakh was also sanctioned for him.,ତା’ ନାଁରେ ୪ ଲକ୍ଷ ଟଙ୍କାର ପୁରସ୍କାର ମଧ୍ୟ ରହିଥିଲା।,ଏଥିପାଇଁ ୪ ଲକ୍ଷ ଟଙ୍କା ଖର୍ଚ୍ଚ ପାଇଁ ୪ ଲକ୍ଷ ଟଙ୍କା ପ୍ରଦାନ କରାଯାଇଛି।
I do not know when we will wake up,ମୁଁ ଜାଣିନି ଆପଣ କେବେ ଉଠିବେ,"ମୁଁ ଜାଣିବେ ନାହିଁ, ଆମେ ଜାଣିବେ ନାହିଁ।"
"Chief minister Naveen Patnaik appeals for donations to relief fund, contributes three months pay",ମୁଖ୍ୟମନ୍ତ୍ରୀ ରିଲିଫ୍ ପାଣ୍ଠିକୁ ଦାନ କରିବାକୁ ନିବେଦନ କରିଲେ ନବୀନ ପଟ୍ଟନାୟକ,"ଏହି ଅବସରରେ ମୁଖ୍ୟମନ୍ତ୍ରୀ ନବୀନ ପଟ୍ଟନାୟକ, କେନ୍ଦ୍ର କ୍ୟାବିନେଟ ମନ୍ତ୍ରୀ ଅଶୋକ ଗେହଲଟ, ମୁଖ୍ୟମନ୍ତ୍ରୀ ନବୀନ ପଟ୍ଟନାୟକ"
"As expected, the run rate has come down.",ଆଶା ଅନୁସାରେ ରେପୋ ରେଟ୍ରେ ହ୍ରାସ କରାଯାଇଛି।,ତେବେ ଏହି ସମୟରେ ବର୍ଷା ଯୋଗୁଁ ବନ୍ୟା ପରିସ୍ଥିତି ସୃଷ୍ଟି ହୋଇଛି।
Rajnath Singh makes statement on LAC situation,LAC ସ୍ଥିତି ନେଇ ରାଜ୍ୟସଭାରେ ରାଜନାଥ ସିଂହଙ୍କ ବୟାନ୍ : କହିଲେ ସବୁ ପ୍ରକାର ମୁକାବିଲା ପାଇଁ ପ୍ରସ୍ତୁତ,ନୂଆଦିଲ୍ଲୀ: ବଲିଉଡ୍ ଅଭିନେତା ସୁଶାନ୍ତ ସିଂହ ରାଜପୁତଙ୍କ ମୃତ୍ୟୁ
"The Tis Hazari court judge said, I am not reviewing my order to pass a death warrant.","ତିସ ହଜାରୀ କୋର୍ଟ ବିଚାରପତି କହିଛନ୍ତି, “ମୁଁ ଦେଇଥିବା ଡେଥ ୱାରେଣ୍ଟ ରାୟକୁ ସମୀକ୍ଷା କରୁନାହିଁ।","""ତା'ପରେ ମୁଁ ଜଣେ ଉଚ୍ଚତା'ପରେ ମୁଁ ଜଣେ ବ୍ୟକ୍ତି କହିଛନ୍ତି, """"ମୁଁ ତୁମ୍ଭକୁ ଜଣେ କୋର୍ଟ କହିଛନ୍ତି, ମୁଁ ଜଣେ କୋର୍ଟଙ୍କୁ ଚିଠି ଲେଖିଛନ୍ତି, ମୁଁ ଜଣେ କୋର୍ଟ ଚାଲାଣ କରିଛି।"
An attack happened in Mumbai also.,ମୁମ୍ବାଇର ଏକାଧିକ ସ୍ଥାନରେ ହୋଇଥିଲା ଏହି ଆକ୍ରମଣ।,ମୁମ୍ବାଇ: ବଲିଉଡର ଏକ ଘଟଣା ଦେଖିବାକୁ ମିଳିଛି।
The injured have been admitted to a hospital for treatment.,ଆହତଙ୍କୁ ଚିକିତ୍ସା ପାଇଁ ଏମ୍ସରେ ଭର୍ତ୍ତି କରାଯାଇଛି ।,ଆହତ ମାନଙ୍କୁ ଚିକିତ୍ସା ପାଇଁ ଭର୍ତ୍ତି କରାଯାଇଛି।
Police reach the spot and investigation is going on.,ଘଟଣା ସ୍ଥଳରେ ପୋଲିସ ପହଞ୍ଚି ଛାନଭିନ ଜାରି ରଖିଛି ।,ପୋଲିସ ଘଟଣାସ୍ଥଳରେ ପହଞ୍ଚି ତଦନ୍ତ ଜାରି ରଖିଛି ।
Disease will come.,ଅସୁସ୍ଥତା ଦେଖାଦେବ ।,ଫଳରେ ଏକ ନୂଆ ସରକାର ।
The assailants had also torched two of the trucks.,ଉତ୍ତ୍ୟକ୍ତଲୋକ ଦୁଇଟି ଟ୍ରକ୍ ଜାଳି ଦେଇଛନ୍ତି ।,ସେହିପରି ଦୁଇଟି ପର୍ଯ୍ୟାୟରେ ମଧ୍ୟ ଦୁଇ ଜଣାଇବାକୁ ଚେଷ୍ଟା କରିଛି।
Gunfight is underway.,ଚାଲିଛି ଗୁଳି।,ଏହାର କୌଣସି ପ୍ରତିକ୍ରିୟା ପ୍ରକାଶ ପାଇଛି।
The recovery rate is increasing.,ବଢୁଛି ଆରୋଗ୍ୟ ହାର ।,ଫଳରେ ସୁରକ୍ଷା ବ୍ୟବସ୍ଥା ଉପରେ ବୃଦ୍ଧି ପାଇବାରେ ଲାଗିଛି।
There is no better lord than ours under the sun,ଏ ରବିତଳରେ ଆମ୍ଭ ପ୍ରଭୁଙ୍କୁ ବଳି ବଡ଼ ପ୍ରଭୁ କେହି ନାହାନ୍ତି,ଆମର କୌଣସି ପ୍ରଭାବରେ ଆମର କୌଣସି ପ୍ରକାରରେ ନାହିଁ।
India cannot be refugee capital of world: Centre,ଭାରତ ବିଶ୍ୱରେ ଶରଣାର୍ଥୀଙ୍କ ରାଜଧାନୀ ହୋଇ ପାରିବ ନାହିଁ. ସୁପ୍ରିମ୍ କୋର୍ଟଙ୍କୁ କହିଲେ କେନ୍ଦ୍ର ସରକାର,"ଭାରତ: ଭାରତରେ ନୁହେଁ, ଭାରତ-ଅର୍ମୁସଲିମ୍ୟ।"
%'drd link to %s,%'drd ସଂଯୋଗ %s ପାଇଁ,%sକୁ %sକୁ %sକୁ %s
"And in the reign of Ahasuerus, in the beginning of his reign, wrote they unto him an accusation against the inhabitants of Judah and Jerusalem.",ଆଉ ଅକ୍ଷଶ୍ବରେଶର ସମୟରେ ତାହାର ଅଧିକାରର ଆରମ୍ଭ ରେ ସମାନେେ ଯିହୁଦା ଓ ୟିରୁଶାଲମ ନିବାସୀମାନଙ୍କ ବୁରୁଦ୍ଧ ରେ ଏକ ଅପବାଦ ପତ୍ର ଲେଖିଲେ।,"""ତା'ପରେ ସହେିଦିନ ସଦାପ୍ରଭୁ ଇଶ୍ରାୟେଲର ରାଜାଙ୍କ ନିକଟକୁ ୟାରକ୍ସ୍ଟଇ ରେ ଏକ ପୁତ୍ର ୟାରକ୍ସ୍ଟଇଯର ପୁତ୍ର ୟିବ। ସେ ସହେି ନଗର କଲେ।"
Belarusian Latin,ବେଲାରୁସିୟାନName,ନେଲେଲାଲ୍
Bengaluru: JDS-Congress coalition government has collapsed in Karnataka.,ନୂଆଦିଲ୍ଲୀ : କର୍ଣ୍ଣାଟକରେ କଂଗ୍ରେସ-ଜେଡିଏସ୍ ମେଣ୍ଟ ସରକାରର ଆଜି ପତନ ଘଟିଛି।,ଶିବସେନା ସରକାର ଗଠନ କରିଛନ୍ତି।
Taurus: Financial conditions will get better.,ମିଥୁନ : ଆର୍ଥିକ ସ୍ଥିତି ଉତ୍ତମ ରହିବ ।,ବୃଷ: ଆର୍ଥିକ ସ୍ଥିତି ଭଲ ରହିବ।
Police have registered a case and seized the truck.,ଏନେଇ ପୁଲିସ୍ ଏକ ମାମଲା ରୁଜୁ କରି ଟ୍ରକ୍ ଓ ବସ୍କୁ ଜବତ କରିଛି।,ପୁଲିସ ଏକ ଅପମୃତ୍ୟୁ ମାମଲା ରୁଜୁ କରି ତଦନ୍ତ ଆରମ୍ଭ କରିଛି।
The police have arrested the student.,ପୁଲିସ୍ ଛାତ୍ର ଜଣଙ୍କୁ ଅଟକ ରଖି ପଚରାଉଚରା କରୁଛି।,ପୋଲିସ ଗିରଫ କରି କୋର୍ଟ ଚାଲାଣ କରିଛି।
Cabinet Cabinet approves proposed Memorandum of Understanding (MoU) between India and St.,କ୍ୟାବିନେଟ ପାରମ୍ପରିକ ଔଷଧୀୟ ପ୍ରଣାଳୀ କ୍ଷେତ୍ରରେ ଭାରତ ଓ ସେଣ୍ଟ.,ଭାରତ ଏବଂ ଭାରତ-ପୂର୍ଣୀଙ୍କ ମଧ୍ୟରେ ବୁଝାମଣାପତ୍ରର ଉପଯୋଗ ହୋଇଛି ।
"Prime Minister Narendra Modi , BJP national president Amit Shah and several union ministers will be present at the ceremony.","ଅଟଳ ବିହାରୀଙ୍କ ଅନ୍ତିମ ଶୋଭାଯାତ୍ରାରେ ପ୍ରଧାନମନ୍ତ୍ରୀ ନରେନ୍ଦ୍ର ମୋଦି, ବିଜେପି ରାଷ୍ଟ୍ରୀୟ ଅଧ୍ୟକ୍ଷ ଅମିତ ଶାହଙ୍କ ସହ ବହୁ ତୁଙ୍ଗ ନେତା ସାମିଲ ହୋଇ ଚାଲିଚାଲି ଯାଉଛନ୍ତି।","ପ୍ରଧାନମନ୍ତ୍ରୀ ନରେନ୍ଦ୍ର ମୋଦି, ବିଜେପି ରାଷ୍ଟ୍ରୀୟ ଅଧ୍ୟକ୍ଷ ଅମିତ ଶାହ, ବିଜେପି ରାଷ୍ଟ୍ରୀୟ ଅଧ୍ୟକ୍ଷ ଅମିତ ଶାହ, ବିଜେପି ରାଷ୍ଟ୍ରୀୟ ଅଧ୍ୟକ୍ଷ ଅମିତ ଶାହ, ବିଜେପି ରାଷ୍ଟ୍ରୀୟ ଅଧ୍ୟକ୍ଷ ଅମିତ ଶାହ, ବିଜେପି ରାଷ୍ଟ୍ରୀୟ ଅଧ୍ୟକ୍ଷ ଅମିତ ଶାହ, ବିଜେପି ରାଷ୍ଟ୍ରୀୟ ଅଧ୍ୟକ୍ଷ ଅମିତ ଶାହ, ବିଜେପି ରାଷ୍ଟ୍ରୀୟ ଅଧ୍ୟକ୍ଷ ଅମିତ ଶାହଙ୍କ ସମେତ ବହୁ ବରିଷ୍ଠ ନେତା ଓ ବିଜେପି ରାଷ୍ଟ୍ରୀୟ ଅଧ୍ୟକ୍ଷ ଅମିତ ଶାହଙ୍କ ସମେତ ବହୁ ବରିଷ୍ଠ ନେତା ଓ ବିଜେପି ରାଷ୍ଟ୍ରୀୟ ଅଧ୍ୟକ୍ଷ ଅମିତ ଶାହଙ୍କ ସମେତ ବହୁ ବରିଷ୍ଠ ନେତା ତଥା ବିଜେପି ରାଷ୍ଟ୍ରୀୟ ଅଧ୍ୟକ୍ଷ ଅମିତ ଶାହଙ୍କ ସମେତ ବହୁ ବରିଷ୍ଠ ନେତା ତଥା ବିଜେପି ରାଷ୍ଟ୍ରୀୟ ଅଧ୍ୟକ୍ଷ ଅମିତ ଶାହଙ୍କ ସମେତ ବହୁ ବରିଷ୍ଠ ନେତା ତଥା ବିଜେପି ରାଷ୍ଟ୍ରୀୟ ଅଧ୍ୟକ୍ଷ ଅମିତ ଶାହଙ୍କ ସମେତ ବହୁ ବରିଷ୍ଠ ନେତା ତଥା ବିଜେପି ରାଷ୍ଟ୍ରୀୟ ଅଧ୍ୟକ୍ଷ ଅମିତ ଶାହଙ୍କ ସମେତ ବହୁ ବରିଷ୍ଠ ନେତା ତଥା ବିଜେପି ରାଷ୍ଟ୍ରୀୟ ଅଧ୍ୟକ୍ଷ ଅମିତ ଶାହଙ୍କ ସମେତ ବହୁ"
Decision on it will be taken soon.,ଖୁବଶୀଘ୍ର ଏହା ଉପରେ ଚୁଡ଼ାନ୍ତ ନିଷ୍ପତ୍ତି ନିଆଯିବ ।,ଖୁବଶୀଘ୍ର ଏହାର ଶୀଘ୍ର ଶୀଘ୍ର ଶୀଘ୍ର ଶୀଘ୍ର ସମାଧାନ ହେବ।
"Governor of Maharashtra Shri C. Vidyasagar Rao, CM of Maharashtra Shri Devendra Fadnavis, Union Minister of State Shri Ramdas Athawale and Union Minister of State Col. Rajyavardhan Rathore (Retd.)","ବିଦ୍ୟାସାଗର ରାଓ, ମୁଖ୍ୟମନ୍ତ୍ରୀ ଶ୍ରୀ ଦେବେନ୍ଦ୍ର ଫଡ଼ନବୀସ, କେନ୍ଦ୍ର ରାଷ୍ଟ୍ର ମନ୍ତ୍ରୀ ଶ୍ରୀ ରାମଦାସ ଅଠାୱଲେ ଏବଂ କେନ୍ଦ୍ର ସୂଚନା ଏବଂ ପ୍ରସାରଣ ରାଷ୍ଟ୍ରମନ୍ତ୍ରୀ କର୍ଣ୍ଣଲ ରାଜ୍ୟବର୍ଦ୍ଧନ ରାଠୋର ଏବଂ ଅନ୍ୟ ବିଶିଷ୍ଟବ୍ୟକ୍ତିମାନେ ଉପସ୍ଥିତ ଥିଲେ ।","ମହାରାଷ୍ଟ୍ର ମୁଖ୍ୟମନ୍ତ୍ରୀ ମମତା ବାନାର୍ଜୀ, ମହାରାଷ୍ଟ୍ର, ରାଜ୍ୟ ସଭାପତି ତଥା ମୁଖ୍ୟମନ୍ତ୍ରୀ ଶ୍ରୀ ପଟ୍ଟନାୟକ, ରାଜ୍ୟ ସଭାପତି ତଥା କେନ୍ଦ୍ର ମନ୍ତ୍ରୀ ଶ୍ରୀ ପଟ୍ଟନାୟକ, କେନ୍ଦ୍ର ମନ୍ତ୍ରୀ ଶ୍ରୀ ପଟ୍ଟନାୟକ, କେନ୍ଦ୍ର ଅର୍ଥମନ୍ତ୍ରୀ ଅରୁଣ ଜେଟଲୀ, କେନ୍ଦ୍ର ଅର୍ଥମନ୍ତ୍ରୀ ଅରୁଣ ଜେଟଲୀ, କେନ୍ଦ୍ର ଅର୍ଥମନ୍ତ୍ରୀ ଅରୁଣ ଜେଟଲୀ, କେନ୍ଦ୍ର ଅର୍ଥମନ୍ତ୍ରୀ ଅରୁଣ ଜେଟଲୀ, କେନ୍ଦ୍ର ଅର୍ଥମନ୍ତ୍ରୀ ଅରୁଣ ଜେଟଲୀ, କେନ୍ଦ୍ର ଅର୍ଥମନ୍ତ୍ରୀ ଅରୁଣ ଜେଟଲୀ, କେନ୍ଦ୍ର ଅର୍ଥମନ୍ତ୍ରୀ ଅରୁଣ ଜେଟଲୀ, କେନ୍ଦ୍ର ଅର୍ଥମନ୍ତ୍ରୀ ଅରୁଣ ଜେଟଲୀ, କେନ୍ଦ୍ର ଅର୍ଥମନ୍ତ୍ରୀ ଅରୁଣ ଜେଟଲୀ, କେନ୍ଦ୍ର ଅର୍ଥମନ୍ତ୍ରୀ ଅରୁଣ ଜେଟଲୀ, କେନ୍ଦ୍ର ଅର୍ଥମନ୍ତ୍ରୀ ଅରୁଣ ଜେଟଲୀ, କେନ୍ଦ୍ର ଅର୍ଥମନ୍ତ୍ରୀ ଅରୁଣ ଜେଟଲୀ, କେନ୍ଦ୍ର ଅର୍ଥମନ୍ତ୍ରୀ ଅରୁଣ ଜେଟଲୀ, କେନ୍ଦ୍ର ଅର୍ଥମନ୍ତ୍ରୀ ଅରୁଣ ଜେଟଲୀ, କେନ୍ଦ୍ର ଅର୍ଥମନ୍ତ୍ରୀ ଅରୁଣ ଜେଟଲୀ, କେନ୍ଦ୍ର ଅର୍ଥମନ୍ତ୍ରୀ ଅରୁଣ ଜେଟଲୀ, କେନ୍ଦ୍ର ଅର୍ଥମନ୍ତ୍ରୀ"
But politics is not stagnant.,ହେଲେ ଏହାକୁ ନେଇ ରାଜନୀତି ଥମିବା ନାଁ ଧରୁନି।,କିନ୍ତୁ ରାଜନୀତିକୁ ରାଜନୀତିକୁ ନେଇ ରାଜନୀତି ନାହିଁ।
He has been infected with corona.,ସେ କରୋନାରେ ସଂକ୍ରମିତ ଥିବା ଜଣପାଡିଛି ।,ସେ ଅନେକ ପ୍ରକାର ବିଗିଂ କରିଛନ୍ତି।
The baby died shortly after the birth.,ଜନ୍ମ ହେବାର କିଛି ସମୟ ପରେ ଶିଶୁ କନ୍ୟାର ମୃତ୍ୟୁ ହୋଇଯାଇଥିଲା।,ଫଳରେ ଘଟଣା ପରେ ମୃତ୍ୟୁ ହୋଇଯାଇଥିଲା।
"He was admitted to a hospital, but died while undergoing treatment.","ସେମାନଙ୍କୁ ଗୁରୁତର ଅବସ୍ଥାରେ ହସ୍ପିଟାଲରେ ଭର୍ତ୍ତି କରାଯାଇଥିଲା, ମାତ୍ର ଚିକିତ୍ସାଧୀନ ଅବସ୍ଥାରେ ସେମାନଙ୍କର ଡାକ୍ତରଖାନାରେ ମୃତ୍ୟୁ ଘଟିଛି।",ତାଙ୍କୁ କଟକ ବଡ଼ ମେଡ଼ିକାଲରେ ଭର୍ତ୍ତି କରାଯାଇଥିଲା।
He has around 2.7 million followers on Instagram.,ଇନ୍ଷ୍ଟାଗ୍ରାମ୍ରେ ତାଙ୍କର ୨.୭ ମିଲିୟନ ଫଲୋଅର୍ ଥିଲେ।,ସେ ୨୨ଟି ୨୨ଟି ୨୨ଟି ୨୨ଟି ୨୨ଟି ୨୨ଟି ୨୨ଟି ୨୨ଟି ୨୨ଟି ୨୨ଟି ୨୨ଟି ୨୨ଟି ୨୨ଟି ୨୨ଟି ୨୨ଟି .
"""The theme for this years World Environment Day is """"Time for nature"""".""",ବିଶ୍ୱ ପରିବେଶ ଦିବସରେ ଏଥିର ଥିମ୍ ରହିଛି ‘ଟାଇମ୍ ଫର୍ ନେଚର’,ଏହି ଦିବସ ପାଇଁ ଏକ ଗୁରୁତ୍ୱପୂର୍ଣ୍ଣ ବୋଲି ସେ କହିଛନ୍ତି।
The accident is said to have taken place on account of a mechanical fault.,ଯାନ୍ତ୍ରୀକ ତ୍ରୁଟି ଯୋଗୁଁ ଏହି ଦୁର୍ଘଟଣା ଘଟିଥିବା କୁହାଯାଉଛି ।,ଏହି ଦୁର୍ଘଟଣାରେ ଏକ ବଡ଼ ଧରଣର ହୋଇଥିବା ସୂଚନା ମିଳିଛି ।
The President said that he was informed that GST would be administered through a modern world-class information technology (IT) system.,ରାଷ୍ଟ୍ରପତି କହିଥିଲେ ଯେ ତାଙ୍କୁ ଅବଗତ କରାଯାଇଥିଲା ଯେ ଜିଏସଟି ବିଶ୍ୱସ୍ତରୀୟ ସୂଚନା ପ୍ରଯୁକ୍ତି (ଆଇଟି) ବ୍ୟବସ୍ଥା ଦ୍ୱାରା ପରିଚାଳିତ ହେବ ।,"ରାଷ୍ଟ୍ରପତି କହିଲେ ଯେ, ବିଶ୍ୱସ୍ତରୀୟ ଏହି ସୂଚନା ପ୍ରଦାନ କରାଯିବ ଯେ, ବିଶ୍ୱସ୍ତରୀୟ ଏହି ସୂଚନା ପ୍ରଦାନ କରାଯିବ ।"
Behind success,ସଫଳତା ପଛରେ ପତି,ଆଡ଼ନ୍ତୁ
Film career,ଫିଲ୍ମ କ୍ୟାରିୟର,ପୁରସ୍କାର
No action has been taken by the administration.,ପ୍ରଶାସନ ପକ୍ଷରୁ ବି କୌଣସି ବ୍ୟବସ୍ଥା ହୋଇନାହିଁ।,ପ୍ରଶାସନ ପକ୍ଷରୁ କୌଣସି ପଦକ୍ଷେପ ଗ୍ରହଣ କରାଯାଇ ନାହିଁ।
You can get help from friends.,ବନ୍ଧୁ ସହାୟତାରୁ ଲାଭବାନ୍ ହୋଇପାରନ୍ତି।,ବନ୍ଧୁ ସହାୟତା ମିଳିବ।
"Which long for death, but it cometh not. and dig for it more than for hid treasures.",ସହେି ବ୍ଯକ୍ତି ମରିବାକୁ ଚାହୁଁଛି ଅଥଚ ମୃତ୍ଯୁ ତା' ନିକଟକୁ ଆସୁନାହିଁ। ସହେି ଲୋକଟି ଗୁପ୍ତଧନ ସନ୍ଧାନଠାରୁ ଅଧିକ ମୃତ୍ଯୁକୁ ଖାଜେି ବୁଲୁଛି।,"ଏହା ସହିତ ଅନ୍ୟ ଏକ ବଡ଼ କାରଣ, କିନ୍ତୁ ଏହା କେବଳ ଏତିକି ନୁହେଁ, କିନ୍ତୁ ଏହା କେବଳ ବଡ଼ ସଫଳତା ପାଇଁ ନୁହେଁ।"
Thousands of people gathered on the spot.,ଏହା ସହ ସେହି ସ୍ଥାନରେ ହଜାର ହଜାର ଲୋକ ରୁଣ୍ଡ ହୋଇଯାଇଥିଲେ ।,ଫଳରେ ହଜାର ହଜାର ହଜାର ହଜାର ହଜାର ହଜାର ହଜାର ହଜାର ଲୋକ ଘଟଣାସ୍ଥଳରେ ପହଞ୍ଚିଛନ୍ତି।
It will be here.,ଏଇଠିକି ଯାଇଥିବ ।,ଏହାକୁ ନେଇ ବହୁମତ ରହିବ।
Retirement age in government service is pre-determined.,ସରକାରୀ ଚାକିରିରେ ଅବସର ନେବାର ବୟସ ପୂର୍ବରୁ ସ୍ଥିର ହୋଇଥାଏ।,କେନ୍ଦ୍ର ସରକାର ଗଠନ କରିବା ପାଇଁ ଯୋଜନାବଦ୍ଧ ।
"Speaking on the occasion, he said the Allahabad High Court is like a place of pilgrimage for our judiciary.","ଏହି ଅବସରରେ ପ୍ରଧାନମନ୍ତ୍ରୀ କହିଛନ୍ତି ଯେ, ଆମର ବିଚାର ବିଭାଗ ପାଇଁ ଆଲ୍ଲାହାବାଦ ହାଇକୋର୍ଟ ଏକ ତୀର୍ଥ ଭୂମି ସଦୃଶ ।","ଏହି ଅବସରରେ ସେ କହିଛନ୍ତି ଯେ, “ଆମଦାରମାନଙ୍କ ପାଇଁ ଏକ ନୂତନ ଏକ ନୂତନ ଏକ ନୂତନ ପାଳନ କରାଯାଏ ।"
"However, no official information has been given out on the matter yet.",ହେଲେ ଏଯାଏ ସରକାରୀ ଭାବେ ଏ ସମ୍ପର୍କରେ କୌଣସି ସୂଚନା ଦିଆଯାଇ ନାହିଁ।,ତେବେ ଏ ନେଇ କୌଣସି ସୂଚନା ମିଳିନାହିଁ।
There has been a huge loss because of the fire.,ଏହି ଅଗ୍ନିକାଣ୍ଡରେ ବିପୁଳ କ୍ଷୟକ୍ଷତି ହୋଇଥିବା ଜଣାପଡିଛି ।,ନିଆଁ ଲାଗିଯାଇଥିଲା ।
Many people still remain stranded.,ଏବେବି ଅନେକ ଲୋକେ ପାଣି ଘେରରେ ଫଶି ରହିଛନ୍ତି।,ଅନେକ ଲୋକ ମଧ୍ୟ ଅନେକ ଲୋକ ମଧ୍ୟ ରହିଛି।
NEW DELHI: Indias coronavirus infection rate has been growing every day.,ନୂଆଦିଲ୍ଲୀ: ଭାରତରେ କରୋନା ଭୂତାଣୁ ଦିନକୁ ଦିନ ଚିନ୍ତା ବଢ଼ାଉଛି।,ନୂଆଦିଲ୍ଲୀ: ଭାରତରେ କରୋନା ସଂକ୍ରମଣର ସଂଖ୍ୟା ଦିନକୁ ଦିନ ବୃଦ୍ଧି ପାଇବାରେ ଲାଗିଛି।
"To reach the final, India will have to win with a minimum margin of 2 tests against England.","ଭାରତକୁ ଫାଇନାଲ ଖେଳିବାକୁ ହେଲେ, ଇଂଲଣ୍ଡ ବିପକ୍ଷରେ ବାକି ଥିବା ୨ଟି ଟେଷ୍ଟରୁ ଗୋଟିଏ ଜିତିବାକୁ ପଡ଼ିବ ଓ ଗୋଟିଏ ଅତିକମରେ ଡ୍ର କରିବାକୁ ପଡ଼ିବ।",ଅଷ୍ଟ୍ରେଲିଆରେ ୨୪ଟି ଦଳ ପାଇଁ ୨୪ଟି ଦଳ ପାଇଁ ୨୪ଟି ଦଳ ପାଇଁ ୨୪ଟି ଦଳ ପାଇଁ ୨୪ଟି ଦଳ ପାଇଁ ୨ ଲକ୍ଷ ଟଙ୍କା ବ୍ୟୟବରାଦ କରାଯାଇଛି ।
All money is refunded when the train is canceled.,ଟ୍ରେନ୍ ରଦ୍ଦ ହେଲେ ଟିକେଟ୍ ର ପୁରା ଟଙ୍କା ଫେରିପାଇବେ ।,ଏହି ସମୟରେ ଟ୍ରେନ୍ରେ ଯାତ୍ରା କରୁଥିବା ବେଳେ କିଛି ଟଙ୍କା ପର୍ଯ୍ୟନ୍ତ ଟଙ୍କା ଖର୍ଚ୍ଚ ହେବ।
No exceptions can be made.,କୌଣସି ବ୍ୟତିକ୍ରମ କେଉଁଠାରେ ବି ଲକ୍ଷ୍ୟ କରାଯାଇପାରିବନି ।,କୌଣସି ପ୍ରକାରରେ କୌଣସି ପ୍ରକାର କରିପାରିବେ ନାହିଁ।
The whole country was angry.,ସାରା ଦେଶ ହୋଇ ଯାଇଥିଲା ସ୍ତବ୍ଧ।,ସାରା ଦେଶରେ ସାରା ଦେଶରେ ରହିଛି ।
Do not eat too many sugary foods.,ବେଶି ତେଲ ମଶଲା ଯୁକ୍ତ ଖାଦ୍ୟ ଖାଇବା ଅନୁଚିତ୍।,ଅନେକ ଲୋକ ଜୀବନ ସୁଖୀ ନୁହେଁ।
There was a government that wanted to implement One Rank One Pension with just Rs.500 crores.,"ଚିନ୍ତା କରନ୍ତୁ, ସେତେବେଳେର ସରକାର ସମୟରେ କେବଳ 500 କୋଟିରେ ୱାନ ରେଙ୍କ, ୱାନ ପେନସନ କାର୍ଯ୍ୟକାରୀ ହେବା କଥା କୁହାଯାଉଥିଲା ।",ଗୋଟିଏ ଗୋଟିଏ ବିତ୍ତ୍ଵରେ ଥିବା ଏକ କ’ଣ ପାଇଁ ସରକାର ଏକ କ’ଣ ଥିଲା ।
End Of Long Wait,ଦୀର୍ଘଦିନ ପ୍ରତୀକ୍ଷାର ଅନ୍ତ,ଇ-ଅନ୍ଥଲାପଲ୍
For the LORD giveth wisdom: out of his mouth cometh knowledge and understanding.,ଯେ ହତେୁ ସଦାପ୍ରଭୁ ଜ୍ଞାନ ଦିଅନ୍ତି। ତାଙ୍କ ମୁଖରୁ ଜ୍ଞାନ ଓ ବୁଦ୍ଧି ନିର୍ଗତ ହୁଏ।,"""ତା'ପରେ ସଦାପ୍ରଭୁ ଇଶ୍ରାୟେଲର ରାଜାଙ୍କର ପୁତ୍ର।"
Everyone should be careful.,ସମସ୍ତଙ୍କୁ ସତର୍କ ରହିବାକୁ କୁହାଯାଇଛି।,ସବୁ କଥା ଦରକାର।
